longitude_x,latitude_y,station_name,climate_id,date_time_lst,year,month,day,time_lst,flag,temp_c,temp_flag,dew_point_temp_c,dew_point_temp_flag,rel_hum,rel_hum_flag,precip_amount_mm,precip_amount_flag,wind_dir_10s_deg,wind_dir_flag,wind_spd_km_h,wind_spd_flag,visibility_km,visibility_flag,stn_press_kpa,stn_press_flag,hmdx,hmdx_flag,wind_chill,wind_chill_flag,weather,project_city,project_station_name,project_station_id,project_climate_id
-79.55,44.48,BARRIE-ORO,6117700,2024-01-01 00:00,2024,1,1,00:00,,-3.0,,-4.3,,91,,0.0,,4.0,,7.0,,,,98.21,,,,-6.0,,,Barrie,BARRIE-ORO,42183,6117700
-79.55,44.48,BARRIE-ORO,6117700,2024-01-01 01:00,2024,1,1,01:00,,-3.4,,-5.5,,85,,0.0,,6.0,,13.0,,,,98.23,,,,-8.0,,,Barrie,BARRIE-ORO,42183,6117700
-79.55,44.48,BARRIE-ORO,6117700,2024-01-01 02:00,2024,1,1,02:00,,-4.0,,-6.4,,84,,0.0,,5.0,,11.0,,,,98.25,,,,-8.0,,,Barrie,BARRIE-ORO,42183,6117700
-79.55,44.48,BARRIE-ORO,6117700,2024-01-01 03:00,2024,1,1,03:00,,-4.4,,-7.2,,81,,0.0,,6.0,,10.0,,,,98.3,,,,-9.0,,,Barrie,BARRIE-ORO,42183,6117700
-79.55,44.48,BARRIE-ORO,6117700,2024-01-01 04:00,2024,1,1,04:00,,-4.6,,-7.2,,82,,0.0,,6.0,,9.0,,,,98.31,,,,-8.0,,,Barrie,BARRIE-ORO,42183,6117700
-79.55,44.48,BARRIE-ORO,6117700,2024-01-01 05:00,2024,1,1,05:00,,-5.0,,-7.2,,84,,0.0,,4.0,,11.0,,,,98.34,,,,-10.0,,,Barrie,BARRIE-ORO,42183,6117700
-79.55,44.48,BARRIE-ORO,6117700,2024-01-01 06:00,2024,1,1,06:00,,-5.3,,-6.9,,89,,0.0,,4.0,,10.0,,,,98.4,,,,-10.0,,,Barrie,BARRIE-ORO,42183,6117700
-79.55,44.48,BARRIE-ORO,6117700,2024-01-01 07:00,2024,1,1,07:00,,-5.5,,-6.8,,91,,0.0,,3.0,,9.0,,,,98.46,,,,-10.0,,,Barrie,BARRIE-ORO,42183,6117700
-79.55,44.48,BARRIE-ORO,6117700,2024-01-01 08:00,2024,1,1,08:00,,-5.6,,-6.8,,91,,0.0,,5.0,,8.0,,,,98.49,,,,-9.0,,,Barrie,BARRIE-ORO,42183,6117700
-79.55,44.48,BARRIE-ORO,6117700,2024-01-01 09:00,2024,1,1,09:00,,-5.3,,-6.7,,90,,0.0,,6.0,,3.0,,,,98.55,,,,-7.0,,,Barrie,BARRIE-ORO,42183,6117700
-79.55,44.48,BARRIE-ORO,6117700,2024-01-01 10:00,2024,1,1,10:00,,-4.8,,-6.4,,88,,0.0,,,,0.0,,,,98.6,,,,,,,Barrie,BARRIE-ORO,42183,6117700
-79.55,44.48,BARRIE-ORO,6117700,2024-01-01 11:00,2024,1,1,11:00,,-4.3,,-6.2,,86,,0.0,,34.0,,5.0,,,,98.62,,,,-6.0,,,Barrie,BARRIE-ORO,42183,6117700
-79.55,44.48,BARRIE-ORO,6117700,2024-01-01 12:00,2024,1,1,12:00,,-3.8,,-6.9,,79,,0.0,,31.0,,8.0,,,,98.59,,,,-7.0,,,Barrie,BARRIE-ORO,42183,6117700
-79.55,44.48,BARRIE-ORO,6117700,2024-01-01 13:00,2024,1,1,13:00,,-3.6,,-6.9,,78,,0.0,,31.0,,10.0,,,,98.52,,,,-8.0,,,Barrie,BARRIE-ORO,42183,6117700
-79.55,44.48,BARRIE-ORO,6117700,2024-01-01 14:00,2024,1,1,14:00,,-3.0,,-6.3,,78,,0.0,,31.0,,14.0,,,,98.51,,,,-8.0,,,Barrie,BARRIE-ORO,42183,6117700
-79.55,44.48,BARRIE-ORO,6117700,2024-01-01 15:00,2024,1,1,15:00,,-3.1,,-5.9,,81,,0.0,,30.0,,20.0,,,,98.53,,,,-9.0,,,Barrie,BARRIE-ORO,42183,6117700
-79.55,44.48,BARRIE-ORO,6117700,2024-01-01 16:00,2024,1,1,16:00,,-3.1,,-6.5,,77,,0.0,,31.0,,16.0,,,,98.56,,,,-8.0,,,Barrie,BARRIE-ORO,42183,6117700
-79.55,44.48,BARRIE-ORO,6117700,2024-01-01 17:00,2024,1,1,17:00,,-3.5,,-5.9,,84,,0.0,,30.0,,14.0,,,,98.59,,,,-9.0,,,Barrie,BARRIE-ORO,42183,6117700
-79.55,44.48,BARRIE-ORO,6117700,2024-01-01 18:00,2024,1,1,18:00,,-3.6,,-5.6,,86,,0.0,,29.0,,10.0,,,,98.58,,,,-8.0,,,Barrie,BARRIE-ORO,42183,6117700
-79.55,44.48,BARRIE-ORO,6117700,2024-01-01 19:00,2024,1,1,19:00,,-3.5,,-6.2,,82,,0.0,,26.0,,8.0,,,,98.57,,,,-7.0,,,Barrie,BARRIE-ORO,42183,6117700
-79.55,44.48,BARRIE-ORO,6117700,2024-01-01 20:00,2024,1,1,20:00,,-3.5,,-5.9,,83,,0.0,,26.0,,11.0,,,,98.56,,,,-8.0,,,Barrie,BARRIE-ORO,42183,6117700
-79.55,44.48,BARRIE-ORO,6117700,2024-01-01 21:00,2024,1,1,21:00,,-3.1,,-5.3,,85,,0.0,,26.0,,8.0,,,,98.52,,,,-6.0,,,Barrie,BARRIE-ORO,42183,6117700
-79.55,44.48,BARRIE-ORO,6117700,2024-01-01 22:00,2024,1,1,22:00,,-2.8,,-5.2,,84,,0.0,,25.0,,10.0,,,,98.5,,,,-7.0,,,Barrie,BARRIE-ORO,42183,6117700
-79.55,44.48,BARRIE-ORO,6117700,2024-01-01 23:00,2024,1,1,23:00,,-2.4,,-4.9,,83,,0.0,,26.0,,13.0,,,,98.5,,,,-7.0,,,Barrie,BARRIE-ORO,42183,6117700
-79.55,44.48,BARRIE-ORO,6117700,2024-01-02 00:00,2024,1,2,00:00,,-3.0,,-5.7,,82,,0.0,,27.0,,17.0,,,,98.48,,,,-9.0,,,Barrie,BARRIE-ORO,42183,6117700
-79.55,44.48,BARRIE-ORO,6117700,2024-01-02 01:00,2024,1,2,01:00,,-3.0,,-5.4,,83,,0.0,,26.0,,7.0,,,,98.41,,,,-6.0,,,Barrie,BARRIE-ORO,42183,6117700
-79.55,44.48,BARRIE-ORO,6117700,2024-01-02 02:00,2024,1,2,02:00,,-2.8,,-5.2,,84,,0.0,,25.0,,9.0,,,,98.42,,,,-6.0,,,Barrie,BARRIE-ORO,42183,6117700
-79.55,44.48,BARRIE-ORO,6117700,2024-01-02 03:00,2024,1,2,03:00,,-2.6,,-5.3,,82,,0.0,,26.0,,11.0,,,,98.42,,,,-7.0,,,Barrie,BARRIE-ORO,42183,6117700
-79.55,44.48,BARRIE-ORO,6117700,2024-01-02 04:00,2024,1,2,04:00,,-2.7,,-5.5,,81,,0.0,,25.0,,10.0,,,,98.37,,,,-7.0,,,Barrie,BARRIE-ORO,42183,6117700
-79.55,44.48,BARRIE-ORO,6117700,2024-01-02 05:00,2024,1,2,05:00,,-2.6,,-5.3,,81,,0.0,,25.0,,10.0,,,,98.33,,,,-6.0,,,Barrie,BARRIE-ORO,42183,6117700
-79.55,44.48,BARRIE-ORO,6117700,2024-01-02 06:00,2024,1,2,06:00,,-2.4,,-5.3,,81,,0.0,,25.0,,10.0,,,,98.32,,,,-6.0,,,Barrie,BARRIE-ORO,42183,6117700
-79.55,44.48,BARRIE-ORO,6117700,2024-01-02 07:00,2024,1,2,07:00,,-2.3,,-5.2,,81,,0.0,,24.0,,9.0,,,,98.32,,,,-6.0,,,Barrie,BARRIE-ORO,42183,6117700
-79.55,44.48,BARRIE-ORO,6117700,2024-01-02 08:00,2024,1,2,08:00,,-2.2,,-5.0,,81,,0.0,,25.0,,9.0,,,,98.29,,,,-6.0,,,Barrie,BARRIE-ORO,42183,6117700
-79.55,44.48,BARRIE-ORO,6117700,2024-01-02 09:00,2024,1,2,09:00,,-1.8,,-4.7,,81,,0.0,,25.0,,7.0,,,,98.26,,,,-4.0,,,Barrie,BARRIE-ORO,42183,6117700
-79.55,44.48,BARRIE-ORO,6117700,2024-01-02 10:00,2024,1,2,10:00,,-1.5,,-4.8,,78,,0.0,,24.0,,13.0,,,,98.24,,,,-6.0,,,Barrie,BARRIE-ORO,42183,6117700
-79.55,44.48,BARRIE-ORO,6117700,2024-01-02 11:00,2024,1,2,11:00,,-0.7,,-4.4,,76,,0.0,,24.0,,11.0,,,,98.19,,,,-4.0,,,Barrie,BARRIE-ORO,42183,6117700
-79.55,44.48,BARRIE-ORO,6117700,2024-01-02 12:00,2024,1,2,12:00,,0.5,,-3.8,,73,,0.0,,25.0,,9.0,,,,98.1,,,,,,,Barrie,BARRIE-ORO,42183,6117700
-79.55,44.48,BARRIE-ORO,6117700,2024-01-02 13:00,2024,1,2,13:00,,1.5,,-2.8,,73,,0.0,,24.0,,16.0,,,,98.0,,,,,,,Barrie,BARRIE-ORO,42183,6117700
-79.55,44.48,BARRIE-ORO,6117700,2024-01-02 14:00,2024,1,2,14:00,,1.5,,-2.8,,73,,0.0,,24.0,,13.0,,,,97.95,,,,,,,Barrie,BARRIE-ORO,42183,6117700
-79.55,44.48,BARRIE-ORO,6117700,2024-01-02 15:00,2024,1,2,15:00,,1.2,,-2.7,,75,,0.0,,24.0,,12.0,,,,97.94,,,,,,,Barrie,BARRIE-ORO,42183,6117700
-79.55,44.48,BARRIE-ORO,6117700,2024-01-02 16:00,2024,1,2,16:00,,1.0,,-3.0,,75,,0.0,,23.0,,12.0,,,,97.92,,,,,,,Barrie,BARRIE-ORO,42183,6117700
-79.55,44.48,BARRIE-ORO,6117700,2024-01-02 17:00,2024,1,2,17:00,,0.6,,-3.2,,75,,0.0,,23.0,,13.0,,,,97.93,,,,,,,Barrie,BARRIE-ORO,42183,6117700
-79.55,44.48,BARRIE-ORO,6117700,2024-01-02 18:00,2024,1,2,18:00,,0.5,,-3.0,,77,,0.0,,24.0,,11.0,,,,97.95,,,,,,,Barrie,BARRIE-ORO,42183,6117700
-79.55,44.48,BARRIE-ORO,6117700,2024-01-02 19:00,2024,1,2,19:00,,0.4,,-2.9,,79,,0.0,,23.0,,10.0,,,,97.93,,,,,,,Barrie,BARRIE-ORO,42183,6117700
-79.55,44.48,BARRIE-ORO,6117700,2024-01-02 20:00,2024,1,2,20:00,,0.5,,-2.6,,80,,0.0,,23.0,,7.0,,,,97.91,,,,,,,Barrie,BARRIE-ORO,42183,6117700
-79.55,44.48,BARRIE-ORO,6117700,2024-01-02 21:00,2024,1,2,21:00,,0.6,,-2.4,,80,,0.0,,24.0,,8.0,,,,97.88,,,,,,,Barrie,BARRIE-ORO,42183,6117700
-79.55,44.48,BARRIE-ORO,6117700,2024-01-02 22:00,2024,1,2,22:00,,0.7,,-2.0,,82,,0.0,,21.0,,6.0,,,,97.86,,,,,,,Barrie,BARRIE-ORO,42183,6117700
-79.55,44.48,BARRIE-ORO,6117700,2024-01-02 23:00,2024,1,2,23:00,,0.4,,-1.3,,88,,0.0,,22.0,,9.0,,,,97.85,,,,,,,Barrie,BARRIE-ORO,42183,6117700
-79.55,44.48,BARRIE-ORO,6117700,2024-01-03 00:00,2024,1,3,00:00,,0.1,,-0.7,,94,,0.0,,23.0,,9.0,,,,97.82,,,,,,,Barrie,BARRIE-ORO,42183,6117700
-79.55,44.48,BARRIE-ORO,6117700,2024-01-03 01:00,2024,1,3,01:00,,0.3,,-1.1,,90,,0.0,,23.0,,9.0,,,,97.8,,,,,,,Barrie,BARRIE-ORO,42183,6117700
-79.55,44.48,BARRIE-ORO,6117700,2024-01-03 02:00,2024,1,3,02:00,,0.3,,-0.9,,91,,0.0,,22.0,,8.0,,,,97.81,,,,,,,Barrie,BARRIE-ORO,42183,6117700
-79.55,44.48,BARRIE-ORO,6117700,2024-01-03 03:00,2024,1,3,03:00,,0.1,,-0.7,,94,,0.1,,23.0,,9.0,,,,97.85,,,,,,,Barrie,BARRIE-ORO,42183,6117700
-79.55,44.48,BARRIE-ORO,6117700,2024-01-03 04:00,2024,1,3,04:00,,0.2,,-0.5,,95,,0.2,,23.0,,9.0,,,,97.83,,,,,,,Barrie,BARRIE-ORO,42183,6117700
-79.55,44.48,BARRIE-ORO,6117700,2024-01-03 05:00,2024,1,3,05:00,,0.3,,-0.3,,96,,0.0,,21.0,,9.0,,,,97.82,,,,,,,Barrie,BARRIE-ORO,42183,6117700
-79.55,44.48,BARRIE-ORO,6117700,2024-01-03 06:00,2024,1,3,06:00,,0.3,,-0.3,,96,,0.0,,21.0,,9.0,,,,97.83,,,,,,,Barrie,BARRIE-ORO,42183,6117700
-79.55,44.48,BARRIE-ORO,6117700,2024-01-03 07:00,2024,1,3,07:00,,0.2,,-0.4,,96,,0.0,,22.0,,7.0,,,,97.84,,,,,,,Barrie,BARRIE-ORO,42183,6117700
-79.55,44.48,BARRIE-ORO,6117700,2024-01-03 08:00,2024,1,3,08:00,,0.2,,-0.4,,95,,0.0,,23.0,,8.0,,,,97.86,,,,,,,Barrie,BARRIE-ORO,42183,6117700
-79.55,44.48,BARRIE-ORO,6117700,2024-01-03 09:00,2024,1,3,09:00,,0.5,,-0.2,,95,,0.0,,21.0,,7.0,,,,97.84,,,,,,,Barrie,BARRIE-ORO,42183,6117700
-79.55,44.48,BARRIE-ORO,6117700,2024-01-03 10:00,2024,1,3,10:00,,0.7,,-0.2,,94,,0.0,,22.0,,7.0,,,,97.86,,,,,,,Barrie,BARRIE-ORO,42183,6117700
-79.55,44.48,BARRIE-ORO,6117700,2024-01-03 11:00,2024,1,3,11:00,,1.0,,-0.1,,92,,0.0,,23.0,,7.0,,,,97.84,,,,,,,Barrie,BARRIE-ORO,42183,6117700
-79.55,44.48,BARRIE-ORO,6117700,2024-01-03 12:00,2024,1,3,12:00,,1.0,,0.2,,94,,0.1,,23.0,,10.0,,,,97.76,,,,,,,Barrie,BARRIE-ORO,42183,6117700
-79.55,44.48,BARRIE-ORO,6117700,2024-01-03 13:00,2024,1,3,13:00,,0.9,,0.3,,96,,0.2,,23.0,,9.0,,,,97.69,,,,,,,Barrie,BARRIE-ORO,42183,6117700
-79.55,44.48,BARRIE-ORO,6117700,2024-01-03 14:00,2024,1,3,14:00,,1.4,,0.2,,91,,0.0,,25.0,,10.0,,,,97.66,,,,,,,Barrie,BARRIE-ORO,42183,6117700
-79.55,44.48,BARRIE-ORO,6117700,2024-01-03 15:00,2024,1,3,15:00,,1.3,,0.0,,91,,0.0,,24.0,,6.0,,,,97.66,,,,,,,Barrie,BARRIE-ORO,42183,6117700
-79.55,44.48,BARRIE-ORO,6117700,2024-01-03 16:00,2024,1,3,16:00,,1.1,,-1.2,,85,,0.0,,25.0,,8.0,,,,97.64,,,,,,,Barrie,BARRIE-ORO,42183,6117700
-79.55,44.48,BARRIE-ORO,6117700,2024-01-03 17:00,2024,1,3,17:00,,0.7,,-1.6,,84,,0.0,,25.0,,9.0,,,,97.64,,,,,,,Barrie,BARRIE-ORO,42183,6117700
-79.55,44.48,BARRIE-ORO,6117700,2024-01-03 18:00,2024,1,3,18:00,,0.7,,-1.4,,86,,0.0,,25.0,,8.0,,,,97.7,,,,,,,Barrie,BARRIE-ORO,42183,6117700
-79.55,44.48,BARRIE-ORO,6117700,2024-01-03 19:00,2024,1,3,19:00,,0.4,,-1.1,,90,,0.0,,23.0,,9.0,,,,97.72,,,,,,,Barrie,BARRIE-ORO,42183,6117700
-79.55,44.48,BARRIE-ORO,6117700,2024-01-03 20:00,2024,1,3,20:00,,0.2,,-0.8,,93,,0.0,,24.0,,8.0,,,,97.73,,,,,,,Barrie,BARRIE-ORO,42183,6117700
-79.55,44.48,BARRIE-ORO,6117700,2024-01-03 21:00,2024,1,3,21:00,,-0.2,,-0.6,,97,,1.4,,28.0,,8.0,,,,97.72,,,,-3.0,,,Barrie,BARRIE-ORO,42183,6117700
-79.55,44.48,BARRIE-ORO,6117700,2024-01-03 22:00,2024,1,3,22:00,,-0.8,,-1.4,,96,,0.6,,28.0,,8.0,,,,97.72,,,,-4.0,,,Barrie,BARRIE-ORO,42183,6117700
-79.55,44.48,BARRIE-ORO,6117700,2024-01-03 23:00,2024,1,3,23:00,,-0.8,,-1.4,,96,,0.0,,28.0,,9.0,,,,97.72,,,,-4.0,,,Barrie,BARRIE-ORO,42183,6117700
-79.55,44.48,BARRIE-ORO,6117700,2024-01-04 00:00,2024,1,4,00:00,,-0.5,,-1.2,,96,,0.0,,28.0,,10.0,,,,97.76,,,,-4.0,,,Barrie,BARRIE-ORO,42183,6117700
-79.55,44.48,BARRIE-ORO,6117700,2024-01-04 01:00,2024,1,4,01:00,,-3.2,,-5.1,,87,,0.2,,34.0,,26.0,,,,97.86,,,,-10.0,,,Barrie,BARRIE-ORO,42183,6117700
-79.55,44.48,BARRIE-ORO,6117700,2024-01-04 02:00,2024,1,4,02:00,,-4.9,,-6.9,,86,,0.0,,34.0,,24.0,,,,97.98,,,,-12.0,,,Barrie,BARRIE-ORO,42183,6117700
-79.55,44.48,BARRIE-ORO,6117700,2024-01-04 03:00,2024,1,4,03:00,,-6.1,,-8.7,,82,,0.0,,33.0,,24.0,,,,98.14,,,,-14.0,,,Barrie,BARRIE-ORO,42183,6117700
-79.55,44.48,BARRIE-ORO,6117700,2024-01-04 04:00,2024,1,4,04:00,,-6.4,,-8.1,,88,,0.0,,34.0,,16.0,,,,98.21,,,,-13.0,,,Barrie,BARRIE-ORO,42183,6117700
-79.55,44.48,BARRIE-ORO,6117700,2024-01-04 05:00,2024,1,4,05:00,,-7.3,,-9.5,,84,,0.0,,34.0,,18.0,,,,98.27,,,,-14.0,,,Barrie,BARRIE-ORO,42183,6117700
-79.55,44.48,BARRIE-ORO,6117700,2024-01-04 06:00,2024,1,4,06:00,,-8.8,,-10.9,,85,,0.0,,35.0,,16.0,,,,98.41,,,,-16.0,,,Barrie,BARRIE-ORO,42183,6117700
-79.55,44.48,BARRIE-ORO,6117700,2024-01-04 07:00,2024,1,4,07:00,,-10.8,,-13.3,,81,,0.0,,34.0,,22.0,,,,98.55,,,,-19.0,,,Barrie,BARRIE-ORO,42183,6117700
-79.55,44.48,BARRIE-ORO,6117700,2024-01-04 08:00,2024,1,4,08:00,,-11.8,,-14.2,,83,,0.0,,35.0,,19.0,,,,98.63,,,,-20.0,,,Barrie,BARRIE-ORO,42183,6117700
-79.55,44.48,BARRIE-ORO,6117700,2024-01-04 09:00,2024,1,4,09:00,,-11.5,,-13.5,,85,,0.0,,32.0,,6.0,,,,98.73,,,,-15.0,,,Barrie,BARRIE-ORO,42183,6117700
-79.55,44.48,BARRIE-ORO,6117700,2024-01-04 10:00,2024,1,4,10:00,,-10.2,,-13.0,,80,,0.0,,33.0,,11.0,,,,98.77,,,,-16.0,,,Barrie,BARRIE-ORO,42183,6117700
-79.55,44.48,BARRIE-ORO,6117700,2024-01-04 11:00,2024,1,4,11:00,,-9.7,,-13.5,,74,,0.0,,34.0,,11.0,,,,98.84,,,,-15.0,,,Barrie,BARRIE-ORO,42183,6117700
-79.55,44.48,BARRIE-ORO,6117700,2024-01-04 12:00,2024,1,4,12:00,,-8.3,,-11.9,,76,,0.0,,29.0,,16.0,,,,98.84,,,,-15.0,,,Barrie,BARRIE-ORO,42183,6117700
-79.55,44.48,BARRIE-ORO,6117700,2024-01-04 13:00,2024,1,4,13:00,,-8.0,,-12.1,,72,,0.0,,29.0,,15.0,,,,98.82,,,,-14.0,,,Barrie,BARRIE-ORO,42183,6117700
-79.55,44.48,BARRIE-ORO,6117700,2024-01-04 14:00,2024,1,4,14:00,,-7.8,,-11.1,,77,,0.0,,31.0,,16.0,,,,98.85,,,,-14.0,,,Barrie,BARRIE-ORO,42183,6117700
-79.55,44.48,BARRIE-ORO,6117700,2024-01-04 15:00,2024,1,4,15:00,,-7.3,,-10.8,,76,,0.0,,30.0,,17.0,,,,98.86,,,,-14.0,,,Barrie,BARRIE-ORO,42183,6117700
-79.55,44.48,BARRIE-ORO,6117700,2024-01-04 16:00,2024,1,4,16:00,,-6.7,,-9.7,,80,,0.0,,32.0,,9.0,,,,98.88,,,,-11.0,,,Barrie,BARRIE-ORO,42183,6117700
-79.55,44.48,BARRIE-ORO,6117700,2024-01-04 17:00,2024,1,4,17:00,,-6.9,,-9.2,,83,,0.0,,31.0,,10.0,,,,98.92,,,,-12.0,,,Barrie,BARRIE-ORO,42183,6117700
-79.55,44.48,BARRIE-ORO,6117700,2024-01-04 18:00,2024,1,4,18:00,,-7.0,,-8.9,,86,,0.0,,23.0,,4.0,,,,98.93,,,,-9.0,,,Barrie,BARRIE-ORO,42183,6117700
-79.55,44.48,BARRIE-ORO,6117700,2024-01-04 19:00,2024,1,4,19:00,,-7.0,,-8.7,,87,,0.0,,,,0.0,,,,98.92,,,,,,,Barrie,BARRIE-ORO,42183,6117700
-79.55,44.48,BARRIE-ORO,6117700,2024-01-04 20:00,2024,1,4,20:00,,-6.6,,-8.8,,84,,0.0,,23.0,,3.0,,,,98.92,,,,-8.0,,,Barrie,BARRIE-ORO,42183,6117700
-79.55,44.48,BARRIE-ORO,6117700,2024-01-04 21:00,2024,1,4,21:00,,-6.2,,-8.6,,83,,0.0,,25.0,,6.0,,,,98.9,,,,-9.0,,,Barrie,BARRIE-ORO,42183,6117700
-79.55,44.48,BARRIE-ORO,6117700,2024-01-04 22:00,2024,1,4,22:00,,-6.6,,-8.5,,86,,0.0,,24.0,,5.0,,,,98.87,,,,-9.0,,,Barrie,BARRIE-ORO,42183,6117700
-79.55,44.48,BARRIE-ORO,6117700,2024-01-04 23:00,2024,1,4,23:00,,-6.0,,-7.5,,89,,0.0,,23.0,,6.0,,,,98.84,,,,-9.0,,,Barrie,BARRIE-ORO,42183,6117700
-79.55,44.48,BARRIE-ORO,6117700,2024-01-05 00:00,2024,1,5,00:00,,-5.4,,-7.6,,85,,0.0,,23.0,,7.0,,,,98.79,,,,-9.0,,,Barrie,BARRIE-ORO,42183,6117700
-79.55,44.48,BARRIE-ORO,6117700,2024-01-05 01:00,2024,1,5,01:00,,-4.7,,-7.3,,82,,0.0,,24.0,,8.0,,,,98.75,,,,-8.0,,,Barrie,BARRIE-ORO,42183,6117700
-79.55,44.48,BARRIE-ORO,6117700,2024-01-05 02:00,2024,1,5,02:00,,-4.2,,-6.9,,82,,0.0,,23.0,,11.0,,,,98.71,,,,-9.0,,,Barrie,BARRIE-ORO,42183,6117700
-79.55,44.48,BARRIE-ORO,6117700,2024-01-05 03:00,2024,1,5,03:00,,-3.7,,-6.5,,81,,0.0,,25.0,,12.0,,,,98.7,,,,-8.0,,,Barrie,BARRIE-ORO,42183,6117700
-79.55,44.48,BARRIE-ORO,6117700,2024-01-05 04:00,2024,1,5,04:00,,-3.3,,-6.6,,78,,0.0,,27.0,,16.0,,,,98.68,,,,-9.0,,,Barrie,BARRIE-ORO,42183,6117700
-79.55,44.48,BARRIE-ORO,6117700,2024-01-05 05:00,2024,1,5,05:00,,-3.1,,-6.8,,76,,0.0,,27.0,,15.0,,,,98.7,,,,-8.0,,,Barrie,BARRIE-ORO,42183,6117700
-79.55,44.48,BARRIE-ORO,6117700,2024-01-05 06:00,2024,1,5,06:00,,-3.2,,-6.6,,77,,0.0,,25.0,,10.0,,,,98.72,,,,-7.0,,,Barrie,BARRIE-ORO,42183,6117700
-79.55,44.48,BARRIE-ORO,6117700,2024-01-05 07:00,2024,1,5,07:00,,-2.9,,-7.0,,74,,0.0,,27.0,,17.0,,,,98.75,,,,-8.0,,,Barrie,BARRIE-ORO,42183,6117700
-79.55,44.48,BARRIE-ORO,6117700,2024-01-05 08:00,2024,1,5,08:00,,-3.1,,-6.8,,75,,0.0,,25.0,,12.0,,,,98.77,,,,-8.0,,,Barrie,BARRIE-ORO,42183,6117700
-79.55,44.48,BARRIE-ORO,6117700,2024-01-05 09:00,2024,1,5,09:00,,-2.8,,-6.8,,74,,0.0,,26.0,,13.0,,,,98.77,,,,-7.0,,,Barrie,BARRIE-ORO,42183,6117700
-79.55,44.48,BARRIE-ORO,6117700,2024-01-05 10:00,2024,1,5,10:00,,-2.8,,-6.5,,76,,0.0,,26.0,,13.0,,,,98.79,,,,-7.0,,,Barrie,BARRIE-ORO,42183,6117700
-79.55,44.48,BARRIE-ORO,6117700,2024-01-05 11:00,2024,1,5,11:00,,-2.9,,-7.0,,73,,0.0,,27.0,,19.0,,,,98.78,,,,-9.0,,,Barrie,BARRIE-ORO,42183,6117700
-79.55,44.48,BARRIE-ORO,6117700,2024-01-05 12:00,2024,1,5,12:00,,-2.5,,-6.6,,74,,0.0,,25.0,,12.0,,,,98.67,,,,-7.0,,,Barrie,BARRIE-ORO,42183,6117700
-79.55,44.48,BARRIE-ORO,6117700,2024-01-05 13:00,2024,1,5,13:00,,-2.1,,-6.2,,73,,0.0,,25.0,,17.0,,,,98.6,,,,-7.0,,,Barrie,BARRIE-ORO,42183,6117700
-79.55,44.48,BARRIE-ORO,6117700,2024-01-05 14:00,2024,1,5,14:00,,-1.6,,-5.8,,73,,0.0,,26.0,,13.0,,,,98.52,,,,-6.0,,,Barrie,BARRIE-ORO,42183,6117700
-79.55,44.48,BARRIE-ORO,6117700,2024-01-05 15:00,2024,1,5,15:00,,-1.3,,-5.5,,73,,0.0,,26.0,,13.0,,,,98.48,,,,-6.0,,,Barrie,BARRIE-ORO,42183,6117700
-79.55,44.48,BARRIE-ORO,6117700,2024-01-05 16:00,2024,1,5,16:00,,-1.0,,-5.2,,73,,0.0,,25.0,,11.0,,,,98.46,,,,-5.0,,,Barrie,BARRIE-ORO,42183,6117700
-79.55,44.48,BARRIE-ORO,6117700,2024-01-05 17:00,2024,1,5,17:00,,-1.0,,-5.1,,74,,0.0,,26.0,,10.0,,,,98.5,,,,-5.0,,,Barrie,BARRIE-ORO,42183,6117700
-79.55,44.48,BARRIE-ORO,6117700,2024-01-05 18:00,2024,1,5,18:00,,-1.0,,-5.0,,74,,0.0,,25.0,,9.0,,,,98.54,,,,-4.0,,,Barrie,BARRIE-ORO,42183,6117700
-79.55,44.48,BARRIE-ORO,6117700,2024-01-05 19:00,2024,1,5,19:00,,-1.1,,-4.9,,76,,0.0,,23.0,,12.0,,,,98.61,,,,-5.0,,,Barrie,BARRIE-ORO,42183,6117700
-79.55,44.48,BARRIE-ORO,6117700,2024-01-05 20:00,2024,1,5,20:00,,-1.5,,-4.6,,79,,0.0,,24.0,,11.0,,,,98.64,,,,-5.0,,,Barrie,BARRIE-ORO,42183,6117700
-79.55,44.48,BARRIE-ORO,6117700,2024-01-05 21:00,2024,1,5,21:00,,-1.7,,-4.6,,81,,0.0,,26.0,,4.0,,,,98.5,,,,-3.0,,,Barrie,BARRIE-ORO,42183,6117700
-79.55,44.48,BARRIE-ORO,6117700,2024-01-05 22:00,2024,1,5,22:00,,-1.8,,-4.5,,82,,0.0,,26.0,,5.0,,,,98.5,,,,-4.0,,,Barrie,BARRIE-ORO,42183,6117700
-79.55,44.48,BARRIE-ORO,6117700,2024-01-05 23:00,2024,1,5,23:00,,-1.8,,-4.4,,83,,0.0,,23.0,,4.0,,,,98.53,,,,-3.0,,,Barrie,BARRIE-ORO,42183,6117700
-79.55,44.48,BARRIE-ORO,6117700,2024-01-06 00:00,2024,1,6,00:00,,-2.2,,-4.2,,86,,0.0,,31.0,,4.0,,,,98.47,,,,-4.0,,,Barrie,BARRIE-ORO,42183,6117700
-79.55,44.48,BARRIE-ORO,6117700,2024-01-06 01:00,2024,1,6,01:00,,-2.2,,-4.2,,87,,0.0,,,,0.0,,,,98.41,,,,,,,Barrie,BARRIE-ORO,42183,6117700
-79.55,44.48,BARRIE-ORO,6117700,2024-01-06 02:00,2024,1,6,02:00,,-2.2,,-3.9,,88,,0.0,,6.0,,6.0,,,,98.46,,,,-5.0,,,Barrie,BARRIE-ORO,42183,6117700
-79.55,44.48,BARRIE-ORO,6117700,2024-01-06 03:00,2024,1,6,03:00,,-2.0,,-4.5,,83,,0.0,,9.0,,12.0,,,,98.46,,,,-6.0,,,Barrie,BARRIE-ORO,42183,6117700
-79.55,44.48,BARRIE-ORO,6117700,2024-01-06 04:00,2024,1,6,04:00,,-2.2,,-3.8,,89,,0.0,,8.0,,9.0,,,,98.48,,,,-6.0,,,Barrie,BARRIE-ORO,42183,6117700
-79.55,44.48,BARRIE-ORO,6117700,2024-01-06 05:00,2024,1,6,05:00,,-2.2,,-3.6,,90,,0.0,,,,0.0,,,,98.42,,,,,,,Barrie,BARRIE-ORO,42183,6117700
-79.55,44.48,BARRIE-ORO,6117700,2024-01-06 06:00,2024,1,6,06:00,,-2.1,,-3.6,,90,,0.0,,11.0,,3.0,,,,98.39,,,,-3.0,,,Barrie,BARRIE-ORO,42183,6117700
-79.55,44.48,BARRIE-ORO,6117700,2024-01-06 07:00,2024,1,6,07:00,,-1.6,,-3.9,,85,,0.0,,10.0,,9.0,,,,98.33,,,,-5.0,,,Barrie,BARRIE-ORO,42183,6117700
-79.55,44.48,BARRIE-ORO,6117700,2024-01-06 08:00,2024,1,6,08:00,,-1.5,,-3.9,,84,,0.0,,11.0,,14.0,,,,98.23,,,,-6.0,,,Barrie,BARRIE-ORO,42183,6117700
-79.55,44.48,BARRIE-ORO,6117700,2024-01-06 09:00,2024,1,6,09:00,,-1.7,,-3.6,,86,,0.0,,10.0,,19.0,,,,98.21,,,,-7.0,,,Barrie,BARRIE-ORO,42183,6117700
-79.55,44.48,BARRIE-ORO,6117700,2024-01-06 10:00,2024,1,6,10:00,,-2.0,,-4.1,,85,,0.0,,11.0,,20.0,,,,98.18,,,,-8.0,,,Barrie,BARRIE-ORO,42183,6117700
-79.55,44.48,BARRIE-ORO,6117700,2024-01-06 11:00,2024,1,6,11:00,,-2.2,,-4.4,,85,,0.0,,11.0,,25.0,,,,98.01,,,,-9.0,,,Barrie,BARRIE-ORO,42183,6117700
-79.55,44.48,BARRIE-ORO,6117700,2024-01-06 12:00,2024,1,6,12:00,,-2.5,,-4.6,,85,,0.0,,10.0,,24.0,,,,97.9,,,,-9.0,,,Barrie,BARRIE-ORO,42183,6117700
-79.55,44.48,BARRIE-ORO,6117700,2024-01-06 13:00,2024,1,6,13:00,,-2.7,,-5.0,,84,,0.0,,11.0,,23.0,,,,97.81,,,,-9.0,,,Barrie,BARRIE-ORO,42183,6117700
-79.55,44.48,BARRIE-ORO,6117700,2024-01-06 14:00,2024,1,6,14:00,,-3.4,,-5.2,,87,,0.0,,10.0,,23.0,,,,97.71,,,,-10.0,,,Barrie,BARRIE-ORO,42183,6117700
-79.55,44.48,BARRIE-ORO,6117700,2024-01-06 15:00,2024,1,6,15:00,,-4.2,,-5.8,,89,,0.0,,9.0,,25.0,,,,97.61,,,,-11.0,,,Barrie,BARRIE-ORO,42183,6117700
-79.55,44.48,BARRIE-ORO,6117700,2024-01-06 16:00,2024,1,6,16:00,,-4.4,,-5.9,,89,,0.0,,9.0,,23.0,,,,97.58,,,,-11.0,,,Barrie,BARRIE-ORO,42183,6117700
-79.55,44.48,BARRIE-ORO,6117700,2024-01-06 17:00,2024,1,6,17:00,,-4.4,,-6.1,,88,,0.0,,9.0,,24.0,,,,97.56,,,,-11.0,,,Barrie,BARRIE-ORO,42183,6117700
-79.55,44.48,BARRIE-ORO,6117700,2024-01-06 18:00,2024,1,6,18:00,,-4.5,,-6.5,,86,,0.0,,9.0,,22.0,,,,97.59,,,,-11.0,,,Barrie,BARRIE-ORO,42183,6117700
-79.55,44.48,BARRIE-ORO,6117700,2024-01-06 19:00,2024,1,6,19:00,,-4.6,,-6.8,,85,,0.0,,9.0,,21.0,,,,97.5,,,,-11.0,,,Barrie,BARRIE-ORO,42183,6117700
-79.55,44.48,BARRIE-ORO,6117700,2024-01-06 20:00,2024,1,6,20:00,,-5.1,,-6.6,,89,,0.0,,9.0,,19.0,,,,97.44,,,,-12.0,,,Barrie,BARRIE-ORO,42183,6117700
-79.55,44.48,BARRIE-ORO,6117700,2024-01-06 21:00,2024,1,6,21:00,,-5.3,,-7.2,,86,,0.0,,10.0,,22.0,,,,97.35,,,,-12.0,,,Barrie,BARRIE-ORO,42183,6117700
-79.55,44.48,BARRIE-ORO,6117700,2024-01-06 22:00,2024,1,6,22:00,,-5.4,,-7.1,,88,,0.0,,10.0,,19.0,,,,97.28,,,,-12.0,,,Barrie,BARRIE-ORO,42183,6117700
-79.55,44.48,BARRIE-ORO,6117700,2024-01-06 23:00,2024,1,6,23:00,,-5.5,,-7.5,,86,,0.0,,11.0,,20.0,,,,97.3,,,,-12.0,,,Barrie,BARRIE-ORO,42183,6117700
-79.55,44.48,BARRIE-ORO,6117700,2024-01-07 00:00,2024,1,7,00:00,,-5.8,,-7.5,,88,,0.0,,9.0,,15.0,,,,97.24,,,,-12.0,,,Barrie,BARRIE-ORO,42183,6117700
-79.55,44.48,BARRIE-ORO,6117700,2024-01-07 01:00,2024,1,7,01:00,,-6.2,,-7.7,,89,,0.0,,8.0,,15.0,,,,97.21,,,,-12.0,,,Barrie,BARRIE-ORO,42183,6117700
-79.55,44.48,BARRIE-ORO,6117700,2024-01-07 02:00,2024,1,7,02:00,,-6.2,,-7.7,,89,,0.1,,8.0,,14.0,,,,97.19,,,,-12.0,,,Barrie,BARRIE-ORO,42183,6117700
-79.55,44.48,BARRIE-ORO,6117700,2024-01-07 03:00,2024,1,7,03:00,,-6.4,,-8.1,,88,,0.0,,7.0,,13.0,,,,97.19,,,,-12.0,,,Barrie,BARRIE-ORO,42183,6117700
-79.55,44.48,BARRIE-ORO,6117700,2024-01-07 04:00,2024,1,7,04:00,,-6.5,,-8.2,,88,,0.0,,7.0,,9.0,,,,97.17,,,,-11.0,,,Barrie,BARRIE-ORO,42183,6117700
-79.55,44.48,BARRIE-ORO,6117700,2024-01-07 05:00,2024,1,7,05:00,,-6.8,,-8.5,,88,,0.0,,5.0,,8.0,,,,97.12,,,,-11.0,,,Barrie,BARRIE-ORO,42183,6117700
-79.55,44.48,BARRIE-ORO,6117700,2024-01-07 06:00,2024,1,7,06:00,,-7.0,,-8.7,,88,,0.0,,5.0,,9.0,,,,97.13,,,,-11.0,,,Barrie,BARRIE-ORO,42183,6117700
-79.55,44.48,BARRIE-ORO,6117700,2024-01-07 07:00,2024,1,7,07:00,,-7.0,,-8.8,,87,,0.0,,4.0,,6.0,,,,97.18,,,,-10.0,,,Barrie,BARRIE-ORO,42183,6117700
-79.55,44.48,BARRIE-ORO,6117700,2024-01-07 08:00,2024,1,7,08:00,,-7.0,,-9.0,,86,,0.0,,5.0,,8.0,,,,97.21,,,,-11.0,,,Barrie,BARRIE-ORO,42183,6117700
-79.55,44.48,BARRIE-ORO,6117700,2024-01-07 09:00,2024,1,7,09:00,,-6.8,,-8.8,,86,,0.0,,1.0,,7.0,,,,97.25,,,,-10.0,,,Barrie,BARRIE-ORO,42183,6117700
-79.55,44.48,BARRIE-ORO,6117700,2024-01-07 10:00,2024,1,7,10:00,,-6.3,,-8.9,,82,,0.0,,3.0,,4.0,,,,97.25,,,,-8.0,,,Barrie,BARRIE-ORO,42183,6117700
-79.55,44.48,BARRIE-ORO,6117700,2024-01-07 11:00,2024,1,7,11:00,,-5.0,,-8.2,,78,,0.0,,,,0.0,,,,97.25,,,,,,,Barrie,BARRIE-ORO,42183,6117700
-79.55,44.48,BARRIE-ORO,6117700,2024-01-07 12:00,2024,1,7,12:00,,-4.3,,-7.2,,80,,0.0,,26.0,,8.0,,,,97.24,,,,-8.0,,,Barrie,BARRIE-ORO,42183,6117700
-79.55,44.48,BARRIE-ORO,6117700,2024-01-07 13:00,2024,1,7,13:00,,-3.2,,-6.6,,77,,0.0,,27.0,,7.0,,,,97.26,,,,-6.0,,,Barrie,BARRIE-ORO,42183,6117700
-79.55,44.48,BARRIE-ORO,6117700,2024-01-07 14:00,2024,1,7,14:00,,-2.4,,-6.5,,73,,0.0,,29.0,,15.0,,,,97.29,,,,-7.0,,,Barrie,BARRIE-ORO,42183,6117700
-79.55,44.48,BARRIE-ORO,6117700,2024-01-07 15:00,2024,1,7,15:00,,-1.8,,-5.9,,74,,0.0,,32.0,,12.0,,,,97.39,,,,-6.0,,,Barrie,BARRIE-ORO,42183,6117700
-79.55,44.48,BARRIE-ORO,6117700,2024-01-07 16:00,2024,1,7,16:00,,-2.2,,-5.6,,77,,0.0,,31.0,,18.0,,,,97.51,,,,-8.0,,,Barrie,BARRIE-ORO,42183,6117700
-79.55,44.48,BARRIE-ORO,6117700,2024-01-07 17:00,2024,1,7,17:00,,-2.6,,-5.5,,80,,0.0,,28.0,,7.0,,,,97.6,,,,-5.0,,,Barrie,BARRIE-ORO,42183,6117700
-79.55,44.48,BARRIE-ORO,6117700,2024-01-07 18:00,2024,1,7,18:00,,-4.0,,-5.7,,88,,0.0,,28.0,,3.0,,,,97.71,,,,-5.0,,,Barrie,BARRIE-ORO,42183,6117700
-79.55,44.48,BARRIE-ORO,6117700,2024-01-07 19:00,2024,1,7,19:00,,-3.4,,-5.3,,87,,0.0,,33.0,,5.0,,,,97.83,,,,-5.0,,,Barrie,BARRIE-ORO,42183,6117700
-79.55,44.48,BARRIE-ORO,6117700,2024-01-07 20:00,2024,1,7,20:00,,-2.5,,-4.4,,87,,0.0,,30.0,,8.0,,,,97.93,,,,-6.0,,,Barrie,BARRIE-ORO,42183,6117700
-79.55,44.48,BARRIE-ORO,6117700,2024-01-07 21:00,2024,1,7,21:00,,-1.6,,-3.6,,86,,0.0,,31.0,,9.0,,,,98.04,,,,-5.0,,,Barrie,BARRIE-ORO,42183,6117700
-79.55,44.48,BARRIE-ORO,6117700,2024-01-07 22:00,2024,1,7,22:00,,-1.9,,-3.6,,88,,0.0,,28.0,,7.0,,,,98.12,,,,-5.0,,,Barrie,BARRIE-ORO,42183,6117700
-79.55,44.48,BARRIE-ORO,6117700,2024-01-07 23:00,2024,1,7,23:00,,-2.4,,-3.5,,92,,0.0,,27.0,,4.0,,,,98.23,,,,-4.0,,,Barrie,BARRIE-ORO,42183,6117700
-79.55,44.48,BARRIE-ORO,6117700,2024-01-08 00:00,2024,1,8,00:00,,-2.0,,-2.9,,93,,0.0,,26.0,,4.0,,,,98.32,,,,-3.0,,,Barrie,BARRIE-ORO,42183,6117700
-79.55,44.48,BARRIE-ORO,6117700,2024-01-08 01:00,2024,1,8,01:00,,-1.8,,-2.9,,92,,0.5,,27.0,,6.0,,,,98.38,,,,-4.0,,,Barrie,BARRIE-ORO,42183,6117700
-79.55,44.48,BARRIE-ORO,6117700,2024-01-08 02:00,2024,1,8,02:00,,-1.6,,-2.9,,91,,0.0,,26.0,,6.0,,,,98.45,,,,-4.0,,,Barrie,BARRIE-ORO,42183,6117700
-79.55,44.48,BARRIE-ORO,6117700,2024-01-08 03:00,2024,1,8,03:00,,-0.9,,-2.7,,87,,0.0,,26.0,,8.0,,,,98.57,,,,-4.0,,,Barrie,BARRIE-ORO,42183,6117700
-79.55,44.48,BARRIE-ORO,6117700,2024-01-08 04:00,2024,1,8,04:00,,-0.7,,-2.5,,88,,0.0,,25.0,,7.0,,,,98.63,,,,-3.0,,,Barrie,BARRIE-ORO,42183,6117700
-79.55,44.48,BARRIE-ORO,6117700,2024-01-08 05:00,2024,1,8,05:00,,-0.5,,-1.3,,94,,0.3,,26.0,,11.0,,,,98.75,,,,-4.0,,,Barrie,BARRIE-ORO,42183,6117700
-79.55,44.48,BARRIE-ORO,6117700,2024-01-08 06:00,2024,1,8,06:00,,-0.2,,-0.8,,96,,0.2,,28.0,,9.0,,,,98.86,,,,-3.0,,,Barrie,BARRIE-ORO,42183,6117700
-79.55,44.48,BARRIE-ORO,6117700,2024-01-08 07:00,2024,1,8,07:00,,0.2,,-1.2,,90,,0.0,,29.0,,7.0,,,,98.96,,,,,,,Barrie,BARRIE-ORO,42183,6117700
-79.55,44.48,BARRIE-ORO,6117700,2024-01-08 08:00,2024,1,8,08:00,,-0.3,,-1.4,,92,,0.0,,,,0.0,,,,99.04,,,,,,,Barrie,BARRIE-ORO,42183,6117700
-79.55,44.48,BARRIE-ORO,6117700,2024-01-08 09:00,2024,1,8,09:00,,0.0,,-1.7,,88,,0.0,,24.0,,5.0,,,,99.13,,,,-2.0,,,Barrie,BARRIE-ORO,42183,6117700
-79.55,44.48,BARRIE-ORO,6117700,2024-01-08 10:00,2024,1,8,10:00,,0.2,,-0.9,,92,,0.0,,25.0,,7.0,,,,99.2,,,,,,,Barrie,BARRIE-ORO,42183,6117700
-79.55,44.48,BARRIE-ORO,6117700,2024-01-08 11:00,2024,1,8,11:00,,0.5,,-1.4,,87,,0.0,,26.0,,6.0,,,,99.23,,,,,,,Barrie,BARRIE-ORO,42183,6117700
-79.55,44.48,BARRIE-ORO,6117700,2024-01-08 12:00,2024,1,8,12:00,,0.6,,-1.4,,86,,0.0,,23.0,,7.0,,,,99.21,,,,,,,Barrie,BARRIE-ORO,42183,6117700
-79.55,44.48,BARRIE-ORO,6117700,2024-01-08 13:00,2024,1,8,13:00,,0.9,,-1.7,,83,,0.0,,26.0,,7.0,,,,99.2,,,,,,,Barrie,BARRIE-ORO,42183,6117700
-79.55,44.48,BARRIE-ORO,6117700,2024-01-08 14:00,2024,1,8,14:00,,0.8,,-2.1,,81,,0.0,,27.0,,10.0,,,,99.19,,,,,,,Barrie,BARRIE-ORO,42183,6117700
-79.55,44.48,BARRIE-ORO,6117700,2024-01-08 15:00,2024,1,8,15:00,,0.7,,-2.1,,82,,0.0,,24.0,,5.0,,,,99.22,,,,,,,Barrie,BARRIE-ORO,42183,6117700
-79.55,44.48,BARRIE-ORO,6117700,2024-01-08 16:00,2024,1,8,16:00,,0.5,,-2.2,,82,,0.0,,24.0,,3.0,,,,99.27,,,,,,,Barrie,BARRIE-ORO,42183,6117700
-79.55,44.48,BARRIE-ORO,6117700,2024-01-08 17:00,2024,1,8,17:00,,0.1,,-2.2,,85,,0.0,,,,0.0,,,,99.26,,,,,,,Barrie,BARRIE-ORO,42183,6117700
-79.55,44.48,BARRIE-ORO,6117700,2024-01-08 18:00,2024,1,8,18:00,,-0.5,,-1.9,,90,,0.0,,,,0.0,,,,99.3,,,,,,,Barrie,BARRIE-ORO,42183,6117700
-79.55,44.48,BARRIE-ORO,6117700,2024-01-08 19:00,2024,1,8,19:00,,-0.6,,-2.0,,91,,0.0,,2.0,,4.0,,,,99.28,,,,-2.0,,,Barrie,BARRIE-ORO,42183,6117700
-79.55,44.48,BARRIE-ORO,6117700,2024-01-08 20:00,2024,1,8,20:00,,-0.4,,-1.7,,91,,0.0,,8.0,,7.0,,,,99.22,,,,-3.0,,,Barrie,BARRIE-ORO,42183,6117700
-79.55,44.48,BARRIE-ORO,6117700,2024-01-08 21:00,2024,1,8,21:00,,-0.1,,-1.8,,89,,0.0,,12.0,,5.0,,,,99.16,,,,-2.0,,,Barrie,BARRIE-ORO,42183,6117700
-79.55,44.48,BARRIE-ORO,6117700,2024-01-08 22:00,2024,1,8,22:00,,0.3,,-1.7,,87,,0.0,,11.0,,8.0,,,,99.08,,,,,,,Barrie,BARRIE-ORO,42183,6117700
-79.55,44.48,BARRIE-ORO,6117700,2024-01-08 23:00,2024,1,8,23:00,,0.3,,-1.2,,90,,0.0,,12.0,,7.0,,,,99.05,,,,,,,Barrie,BARRIE-ORO,42183,6117700
-79.55,44.48,BARRIE-ORO,6117700,2024-01-09 00:00,2024,1,9,00:00,,0.3,,-1.1,,90,,0.0,,15.0,,6.0,,,,99.03,,,,,,,Barrie,BARRIE-ORO,42183,6117700
-79.55,44.48,BARRIE-ORO,6117700,2024-01-09 01:00,2024,1,9,01:00,,0.3,,-1.2,,90,,0.0,,12.0,,9.0,,,,98.96,,,,,,,Barrie,BARRIE-ORO,42183,6117700
-79.55,44.48,BARRIE-ORO,6117700,2024-01-09 02:00,2024,1,9,02:00,,0.4,,-1.0,,91,,0.0,,12.0,,11.0,,,,98.84,,,,,,,Barrie,BARRIE-ORO,42183,6117700
-79.55,44.48,BARRIE-ORO,6117700,2024-01-09 03:00,2024,1,9,03:00,,0.4,,-1.1,,90,,0.0,,11.0,,17.0,,,,98.72,,,,,,,Barrie,BARRIE-ORO,42183,6117700
-79.55,44.48,BARRIE-ORO,6117700,2024-01-09 04:00,2024,1,9,04:00,,0.4,,-1.1,,89,,0.0,,11.0,,23.0,,,,98.53,,,,,,,Barrie,BARRIE-ORO,42183,6117700
-79.55,44.48,BARRIE-ORO,6117700,2024-01-09 05:00,2024,1,9,05:00,,0.2,,-1.5,,88,,0.0,,11.0,,18.0,,,,98.37,,,,,,,Barrie,BARRIE-ORO,42183,6117700
-79.55,44.48,BARRIE-ORO,6117700,2024-01-09 06:00,2024,1,9,06:00,,0.2,,-2.0,,85,,0.0,,12.0,,18.0,,,,98.33,,,,,,,Barrie,BARRIE-ORO,42183,6117700
-79.55,44.48,BARRIE-ORO,6117700,2024-01-09 07:00,2024,1,9,07:00,,0.4,,-2.3,,82,,0.0,,11.0,,19.0,,,,98.21,,,,,,,Barrie,BARRIE-ORO,42183,6117700
-79.55,44.48,BARRIE-ORO,6117700,2024-01-09 08:00,2024,1,9,08:00,,0.4,,-1.9,,84,,0.0,,11.0,,19.0,,,,97.99,,,,,,,Barrie,BARRIE-ORO,42183,6117700
-79.55,44.48,BARRIE-ORO,6117700,2024-01-09 09:00,2024,1,9,09:00,,1.2,,-2.0,,79,,0.0,,13.0,,22.0,,,,97.86,,,,,,,Barrie,BARRIE-ORO,42183,6117700
-79.55,44.48,BARRIE-ORO,6117700,2024-01-09 10:00,2024,1,9,10:00,,0.0,,-0.8,,94,,0.3,,13.0,,26.0,,,,97.71,,,,-6.0,,,Barrie,BARRIE-ORO,42183,6117700
-79.55,44.48,BARRIE-ORO,6117700,2024-01-09 11:00,2024,1,9,11:00,,0.1,,-0.7,,94,,0.5,,13.0,,23.0,,,,97.54,,,,,,,Barrie,BARRIE-ORO,42183,6117700
-79.55,44.48,BARRIE-ORO,6117700,2024-01-09 12:00,2024,1,9,12:00,,0.1,,-0.4,,97,,0.0,,12.0,,28.0,,,,97.24,,,,,,,Barrie,BARRIE-ORO,42183,6117700
-79.55,44.48,BARRIE-ORO,6117700,2024-01-09 13:00,2024,1,9,13:00,,0.1,,-0.2,,98,,0.8,,11.0,,28.0,,,,96.91,,,,,,,Barrie,BARRIE-ORO,42183,6117700
-79.55,44.48,BARRIE-ORO,6117700,2024-01-09 14:00,2024,1,9,14:00,,0.1,,-0.2,,98,,0.6,,11.0,,29.0,,,,96.66,,,,,,,Barrie,BARRIE-ORO,42183,6117700
-79.55,44.48,BARRIE-ORO,6117700,2024-01-09 15:00,2024,1,9,15:00,,0.2,,-0.1,,98,,1.0,,11.0,,29.0,,,,96.42,,,,,,,Barrie,BARRIE-ORO,42183,6117700
-79.55,44.48,BARRIE-ORO,6117700,2024-01-09 16:00,2024,1,9,16:00,,0.1,,-0.1,,98,,0.7,,10.0,,29.0,,,,96.21,,,,,,,Barrie,BARRIE-ORO,42183,6117700
-79.55,44.48,BARRIE-ORO,6117700,2024-01-09 17:00,2024,1,9,17:00,,0.3,,0.1,,99,,0.9,,10.0,,27.0,,,,95.98,,,,,,,Barrie,BARRIE-ORO,42183,6117700
-79.55,44.48,BARRIE-ORO,6117700,2024-01-09 18:00,2024,1,9,18:00,,3.3,,3.2,,99,,1.9,,10.0,,27.0,,,,95.73,,,,,,,Barrie,BARRIE-ORO,42183,6117700
-79.55,44.48,BARRIE-ORO,6117700,2024-01-09 19:00,2024,1,9,19:00,,3.6,,3.4,,98,,0.9,,10.0,,29.0,,,,95.38,,,,,,,Barrie,BARRIE-ORO,42183,6117700
-79.55,44.48,BARRIE-ORO,6117700,2024-01-09 20:00,2024,1,9,20:00,,3.4,,3.1,,98,,1.6,,10.0,,26.0,,,,95.15,,,,,,,Barrie,BARRIE-ORO,42183,6117700
-79.55,44.48,BARRIE-ORO,6117700,2024-01-09 21:00,2024,1,9,21:00,,3.6,,3.4,,99,,1.7,,10.0,,22.0,,,,94.87,,,,,,,Barrie,BARRIE-ORO,42183,6117700
-79.55,44.48,BARRIE-ORO,6117700,2024-01-09 22:00,2024,1,9,22:00,,4.1,,3.9,,99,,2.8,,10.0,,22.0,,,,94.7,,,,,,,Barrie,BARRIE-ORO,42183,6117700
-79.55,44.48,BARRIE-ORO,6117700,2024-01-09 23:00,2024,1,9,23:00,,4.5,,4.3,,99,,1.4,,10.0,,16.0,,,,94.53,,,,,,,Barrie,BARRIE-ORO,42183,6117700
-79.55,44.48,BARRIE-ORO,6117700,2024-01-10 00:00,2024,1,10,00:00,,5.2,,5.0,,99,,0.7,,13.0,,19.0,,,,94.39,,,,,,,Barrie,BARRIE-ORO,42183,6117700
-79.55,44.48,BARRIE-ORO,6117700,2024-01-10 01:00,2024,1,10,01:00,,5.0,,4.9,,99,,0.4,,12.0,,11.0,,,,94.29,,,,,,,Barrie,BARRIE-ORO,42183,6117700
-79.55,44.48,BARRIE-ORO,6117700,2024-01-10 02:00,2024,1,10,02:00,,5.8,,5.6,,99,,0.0,,19.0,,18.0,,,,94.31,,,,,,,Barrie,BARRIE-ORO,42183,6117700
-79.55,44.48,BARRIE-ORO,6117700,2024-01-10 03:00,2024,1,10,03:00,,5.5,,4.0,,90,,0.0,,21.0,,16.0,,,,94.4,,,,,,,Barrie,BARRIE-ORO,42183,6117700
-79.55,44.48,BARRIE-ORO,6117700,2024-01-10 04:00,2024,1,10,04:00,,4.8,,3.1,,88,,0.0,,21.0,,17.0,,,,94.4,,,,,,,Barrie,BARRIE-ORO,42183,6117700
-79.55,44.48,BARRIE-ORO,6117700,2024-01-10 05:00,2024,1,10,05:00,,4.2,,1.3,,82,,0.0,,22.0,,20.0,,,,94.45,,,,,,,Barrie,BARRIE-ORO,42183,6117700
-79.55,44.48,BARRIE-ORO,6117700,2024-01-10 06:00,2024,1,10,06:00,,3.7,,0.7,,80,,0.0,,21.0,,13.0,,,,94.41,,,,,,,Barrie,BARRIE-ORO,42183,6117700
-79.55,44.48,BARRIE-ORO,6117700,2024-01-10 07:00,2024,1,10,07:00,,3.5,,0.1,,79,,0.0,,21.0,,15.0,,,,94.42,,,,,,,Barrie,BARRIE-ORO,42183,6117700
-79.55,44.48,BARRIE-ORO,6117700,2024-01-10 08:00,2024,1,10,08:00,,2.5,,0.5,,87,,0.0,,20.0,,19.0,,,,94.38,,,,,,,Barrie,BARRIE-ORO,42183,6117700
-79.55,44.48,BARRIE-ORO,6117700,2024-01-10 09:00,2024,1,10,09:00,,1.3,,0.4,,94,,0.8,,22.0,,13.0,,,,94.47,,,,,,,Barrie,BARRIE-ORO,42183,6117700
-79.55,44.48,BARRIE-ORO,6117700,2024-01-10 10:00,2024,1,10,10:00,,-0.1,,-1.0,,93,,0.7,,27.0,,34.0,,,,94.68,,,,-7.0,,,Barrie,BARRIE-ORO,42183,6117700
-79.55,44.48,BARRIE-ORO,6117700,2024-01-10 11:00,2024,1,10,11:00,,-1.0,,-2.7,,88,,0.0,,28.0,,35.0,,,,94.92,,,,-8.0,,,Barrie,BARRIE-ORO,42183,6117700
-79.55,44.48,BARRIE-ORO,6117700,2024-01-10 12:00,2024,1,10,12:00,,-1.6,,-2.5,,93,,0.0,,28.0,,37.0,,,,95.09,,,,-9.0,,,Barrie,BARRIE-ORO,42183,6117700
-79.55,44.48,BARRIE-ORO,6117700,2024-01-10 13:00,2024,1,10,13:00,,-2.5,,-4.2,,88,,0.7,,28.0,,39.0,,,,95.31,,,,-11.0,,,Barrie,BARRIE-ORO,42183,6117700
-79.55,44.48,BARRIE-ORO,6117700,2024-01-10 14:00,2024,1,10,14:00,,-3.1,,-4.9,,87,,0.0,,29.0,,42.0,,,,95.5,,,,-12.0,,,Barrie,BARRIE-ORO,42183,6117700
-79.55,44.48,BARRIE-ORO,6117700,2024-01-10 15:00,2024,1,10,15:00,,-3.4,,-5.3,,87,,0.0,,28.0,,32.0,,,,95.7,,,,-11.0,,,Barrie,BARRIE-ORO,42183,6117700
-79.55,44.48,BARRIE-ORO,6117700,2024-01-10 16:00,2024,1,10,16:00,,-3.7,,-5.5,,87,,0.0,,29.0,,31.0,,,,95.92,,,,-11.0,,,Barrie,BARRIE-ORO,42183,6117700
-79.55,44.48,BARRIE-ORO,6117700,2024-01-10 17:00,2024,1,10,17:00,,-3.5,,-5.7,,85,,0.0,,29.0,,36.0,,,,96.08,,,,-12.0,,,Barrie,BARRIE-ORO,42183,6117700
-79.55,44.48,BARRIE-ORO,6117700,2024-01-10 18:00,2024,1,10,18:00,,-3.2,,-5.9,,82,,0.0,,29.0,,36.0,,,,96.26,,,,-11.0,,,Barrie,BARRIE-ORO,42183,6117700
-79.55,44.48,BARRIE-ORO,6117700,2024-01-10 19:00,2024,1,10,19:00,,-3.1,,-5.7,,82,,0.0,,30.0,,33.0,,,,96.42,,,,-11.0,,,Barrie,BARRIE-ORO,42183,6117700
-79.55,44.48,BARRIE-ORO,6117700,2024-01-10 20:00,2024,1,10,20:00,,-2.9,,-5.5,,83,,0.0,,30.0,,23.0,,,,96.53,,,,-9.0,,,Barrie,BARRIE-ORO,42183,6117700
-79.55,44.48,BARRIE-ORO,6117700,2024-01-10 21:00,2024,1,10,21:00,,-2.9,,-4.7,,88,,0.0,,32.0,,9.0,,,,96.61,,,,-6.0,,,Barrie,BARRIE-ORO,42183,6117700
-79.55,44.48,BARRIE-ORO,6117700,2024-01-10 22:00,2024,1,10,22:00,,-2.9,,-4.4,,89,,0.0,,30.0,,10.0,,,,96.7,,,,-7.0,,,Barrie,BARRIE-ORO,42183,6117700
-79.55,44.48,BARRIE-ORO,6117700,2024-01-10 23:00,2024,1,10,23:00,,-4.4,,-5.3,,93,,0.0,,36.0,,7.0,,,,96.77,,,,-8.0,,,Barrie,BARRIE-ORO,42183,6117700
-79.55,44.48,BARRIE-ORO,6117700,2024-01-11 00:00,2024,1,11,00:00,,-4.5,,-5.3,,94,,0.2,,,,0.0,,,,96.83,,,,,,,Barrie,BARRIE-ORO,42183,6117700
-79.55,44.48,BARRIE-ORO,6117700,2024-01-11 01:00,2024,1,11,01:00,,-4.4,,-5.3,,93,,0.0,,5.0,,4.0,,,,96.84,,,,-6.0,,,Barrie,BARRIE-ORO,42183,6117700
-79.55,44.48,BARRIE-ORO,6117700,2024-01-11 02:00,2024,1,11,02:00,,-4.3,,-5.2,,94,,0.0,,6.0,,4.0,,,,96.92,,,,-6.0,,,Barrie,BARRIE-ORO,42183,6117700
-79.55,44.48,BARRIE-ORO,6117700,2024-01-11 03:00,2024,1,11,03:00,,-4.8,,-5.8,,92,,0.0,,5.0,,5.0,,,,97.02,,,,-7.0,,,Barrie,BARRIE-ORO,42183,6117700
-79.55,44.48,BARRIE-ORO,6117700,2024-01-11 04:00,2024,1,11,04:00,,-4.5,,-5.3,,94,,0.0,,7.0,,3.0,,,,97.03,,,,-6.0,,,Barrie,BARRIE-ORO,42183,6117700
-79.55,44.48,BARRIE-ORO,6117700,2024-01-11 05:00,2024,1,11,05:00,,-4.3,,-5.0,,94,,0.0,,8.0,,4.0,,,,97.06,,,,-6.0,,,Barrie,BARRIE-ORO,42183,6117700
-79.55,44.48,BARRIE-ORO,6117700,2024-01-11 06:00,2024,1,11,06:00,,-4.2,,-5.1,,94,,0.0,,5.0,,5.0,,,,97.02,,,,-6.0,,,Barrie,BARRIE-ORO,42183,6117700
-79.55,44.48,BARRIE-ORO,6117700,2024-01-11 07:00,2024,1,11,07:00,,-4.3,,-5.3,,93,,0.0,,,,0.0,,,,97.06,,,,,,,Barrie,BARRIE-ORO,42183,6117700
-79.55,44.48,BARRIE-ORO,6117700,2024-01-11 08:00,2024,1,11,08:00,,-3.9,,-4.6,,95,,0.3,,,,0.0,,,,97.04,,,,,,,Barrie,BARRIE-ORO,42183,6117700
-79.55,44.48,BARRIE-ORO,6117700,2024-01-11 09:00,2024,1,11,09:00,,-3.0,,-3.6,,96,,0.6,,5.0,,4.0,,,,97.05,,,,-5.0,,,Barrie,BARRIE-ORO,42183,6117700
-79.55,44.48,BARRIE-ORO,6117700,2024-01-11 10:00,2024,1,11,10:00,,-2.2,,-2.8,,95,,0.8,,7.0,,3.0,,,,97.08,,,,-3.0,,,Barrie,BARRIE-ORO,42183,6117700
-79.55,44.48,BARRIE-ORO,6117700,2024-01-11 11:00,2024,1,11,11:00,,-0.7,,-1.3,,95,,0.9,,17.0,,4.0,,,,97.11,,,,-2.0,,,Barrie,BARRIE-ORO,42183,6117700
-79.55,44.48,BARRIE-ORO,6117700,2024-01-11 12:00,2024,1,11,12:00,,-0.1,,-0.9,,94,,0.9,,21.0,,5.0,,,,97.09,,,,-2.0,,,Barrie,BARRIE-ORO,42183,6117700
-79.55,44.48,BARRIE-ORO,6117700,2024-01-11 13:00,2024,1,11,13:00,,0.2,,-0.9,,92,,0.5,,21.0,,5.0,,,,97.06,,,,,,,Barrie,BARRIE-ORO,42183,6117700
-79.55,44.48,BARRIE-ORO,6117700,2024-01-11 14:00,2024,1,11,14:00,,0.2,,-0.8,,93,,0.3,,20.0,,6.0,,,,97.07,,,,,,,Barrie,BARRIE-ORO,42183,6117700
-79.55,44.48,BARRIE-ORO,6117700,2024-01-11 15:00,2024,1,11,15:00,,0.3,,-0.8,,92,,0.0,,23.0,,4.0,,,,97.17,,,,,,,Barrie,BARRIE-ORO,42183,6117700
-79.55,44.48,BARRIE-ORO,6117700,2024-01-11 16:00,2024,1,11,16:00,,0.4,,-0.8,,92,,0.0,,,,0.0,,,,97.27,,,,,,,Barrie,BARRIE-ORO,42183,6117700
-79.55,44.48,BARRIE-ORO,6117700,2024-01-11 17:00,2024,1,11,17:00,,-0.1,,-0.7,,95,,0.0,,,,0.0,,,,97.37,,,,,,,Barrie,BARRIE-ORO,42183,6117700
-79.55,44.48,BARRIE-ORO,6117700,2024-01-11 18:00,2024,1,11,18:00,,-0.1,,-0.5,,97,,0.0,,24.0,,3.0,,,,97.49,,,,-1.0,,,Barrie,BARRIE-ORO,42183,6117700
-79.55,44.48,BARRIE-ORO,6117700,2024-01-11 19:00,2024,1,11,19:00,,-0.1,,-0.4,,98,,0.0,,23.0,,3.0,,,,97.57,,,,-1.0,,,Barrie,BARRIE-ORO,42183,6117700
-79.55,44.48,BARRIE-ORO,6117700,2024-01-11 20:00,2024,1,11,20:00,,-0.8,,-1.5,,95,,0.0,,35.0,,8.0,,,,97.65,,,,-4.0,,,Barrie,BARRIE-ORO,42183,6117700
-79.55,44.48,BARRIE-ORO,6117700,2024-01-11 21:00,2024,1,11,21:00,,-1.4,,-2.4,,93,,0.0,,32.0,,9.0,,,,97.82,,,,-5.0,,,Barrie,BARRIE-ORO,42183,6117700
-79.55,44.48,BARRIE-ORO,6117700,2024-01-11 22:00,2024,1,11,22:00,,-2.3,,-3.2,,93,,0.0,,35.0,,14.0,,,,97.91,,,,-7.0,,,Barrie,BARRIE-ORO,42183,6117700
-79.55,44.48,BARRIE-ORO,6117700,2024-01-11 23:00,2024,1,11,23:00,,-2.7,,-4.5,,87,,0.0,,36.0,,13.0,,,,98.03,,,,-7.0,,,Barrie,BARRIE-ORO,42183,6117700
-79.55,44.48,BARRIE-ORO,6117700,2024-01-12 00:00,2024,1,12,00:00,,-2.6,,-5.1,,83,,0.0,,28.0,,5.0,,,,98.16,,,,-5.0,,,Barrie,BARRIE-ORO,42183,6117700
-79.55,44.48,BARRIE-ORO,6117700,2024-01-12 01:00,2024,1,12,01:00,,-2.7,,-5.5,,82,,0.0,,28.0,,4.0,,,,98.22,,,,-4.0,,,Barrie,BARRIE-ORO,42183,6117700
-79.55,44.48,BARRIE-ORO,6117700,2024-01-12 02:00,2024,1,12,02:00,,-3.8,,-5.7,,86,,0.0,,35.0,,4.0,,,,98.28,,,,-5.0,,,Barrie,BARRIE-ORO,42183,6117700
-79.55,44.48,BARRIE-ORO,6117700,2024-01-12 03:00,2024,1,12,03:00,,-4.1,,-5.0,,93,,0.0,,26.0,,3.0,,,,98.37,,,,-5.0,,,Barrie,BARRIE-ORO,42183,6117700
-79.55,44.48,BARRIE-ORO,6117700,2024-01-12 04:00,2024,1,12,04:00,,-3.6,,-5.1,,89,,0.0,,2.0,,3.0,,,,98.38,,,,-5.0,,,Barrie,BARRIE-ORO,42183,6117700
-79.55,44.48,BARRIE-ORO,6117700,2024-01-12 05:00,2024,1,12,05:00,,-4.4,,-6.3,,87,,0.0,,4.0,,11.0,,,,98.26,,,,-9.0,,,Barrie,BARRIE-ORO,42183,6117700
-79.55,44.48,BARRIE-ORO,6117700,2024-01-12 06:00,2024,1,12,06:00,,-4.4,,-6.4,,86,,0.0,,14.0,,3.0,,,,98.47,,,,-6.0,,,Barrie,BARRIE-ORO,42183,6117700
-79.55,44.48,BARRIE-ORO,6117700,2024-01-12 07:00,2024,1,12,07:00,,-4.6,,-5.7,,92,,0.0,,4.0,,9.0,,,,98.45,,,,-8.0,,,Barrie,BARRIE-ORO,42183,6117700
-79.55,44.48,BARRIE-ORO,6117700,2024-01-12 08:00,2024,1,12,08:00,,-4.8,,-6.8,,86,,0.0,,7.0,,12.0,,,,98.44,,,,-10.0,,,Barrie,BARRIE-ORO,42183,6117700
-79.55,44.48,BARRIE-ORO,6117700,2024-01-12 09:00,2024,1,12,09:00,,-4.6,,-6.7,,85,,0.0,,9.0,,11.0,,,,98.52,,,,-9.0,,,Barrie,BARRIE-ORO,42183,6117700
-79.55,44.48,BARRIE-ORO,6117700,2024-01-12 10:00,2024,1,12,10:00,,-4.2,,-6.5,,83,,0.0,,10.0,,16.0,,,,98.45,,,,-10.0,,,Barrie,BARRIE-ORO,42183,6117700
-79.55,44.48,BARRIE-ORO,6117700,2024-01-12 11:00,2024,1,12,11:00,,-3.7,,-6.1,,83,,0.0,,11.0,,12.0,,,,98.38,,,,-8.0,,,Barrie,BARRIE-ORO,42183,6117700
-79.55,44.48,BARRIE-ORO,6117700,2024-01-12 12:00,2024,1,12,12:00,,-3.6,,-6.0,,83,,0.0,,10.0,,18.0,,,,98.08,,,,-9.0,,,Barrie,BARRIE-ORO,42183,6117700
-79.55,44.48,BARRIE-ORO,6117700,2024-01-12 13:00,2024,1,12,13:00,,-3.3,,-5.6,,84,,0.0,,10.0,,21.0,,,,97.92,,,,-10.0,,,Barrie,BARRIE-ORO,42183,6117700
-79.55,44.48,BARRIE-ORO,6117700,2024-01-12 14:00,2024,1,12,14:00,,-3.2,,-5.1,,87,,0.0,,10.0,,23.0,,,,97.82,,,,-10.0,,,Barrie,BARRIE-ORO,42183,6117700
-79.55,44.48,BARRIE-ORO,6117700,2024-01-12 15:00,2024,1,12,15:00,,-3.2,,-5.0,,87,,0.0,,10.0,,24.0,,,,97.65,,,,-10.0,,,Barrie,BARRIE-ORO,42183,6117700
-79.55,44.48,BARRIE-ORO,6117700,2024-01-12 16:00,2024,1,12,16:00,,-3.6,,-5.1,,89,,0.0,,9.0,,33.0,,,,97.36,,,,-12.0,,,Barrie,BARRIE-ORO,42183,6117700
-79.55,44.48,BARRIE-ORO,6117700,2024-01-12 17:00,2024,1,12,17:00,,-3.6,,-5.4,,88,,0.0,,9.0,,32.0,,,,97.13,,,,-11.0,,,Barrie,BARRIE-ORO,42183,6117700
-79.55,44.48,BARRIE-ORO,6117700,2024-01-12 18:00,2024,1,12,18:00,,-3.4,,-5.7,,84,,0.0,,10.0,,28.0,,,,97.04,,,,-11.0,,,Barrie,BARRIE-ORO,42183,6117700
-79.55,44.48,BARRIE-ORO,6117700,2024-01-12 19:00,2024,1,12,19:00,,-3.4,,-5.9,,83,,0.0,,9.0,,34.0,,,,96.74,,,,-11.0,,,Barrie,BARRIE-ORO,42183,6117700
-79.55,44.48,BARRIE-ORO,6117700,2024-01-12 20:00,2024,1,12,20:00,,-3.3,,-5.6,,84,,0.0,,10.0,,37.0,,,,96.57,,,,-12.0,,,Barrie,BARRIE-ORO,42183,6117700
-79.55,44.48,BARRIE-ORO,6117700,2024-01-12 21:00,2024,1,12,21:00,,-3.4,,-4.2,,94,,0.0,,10.0,,35.0,,,,96.35,,,,-11.0,,,Barrie,BARRIE-ORO,42183,6117700
-79.55,44.48,BARRIE-ORO,6117700,2024-01-12 22:00,2024,1,12,22:00,,-2.9,,-3.7,,94,,0.4,,10.0,,35.0,,,,96.09,,,,-11.0,,,Barrie,BARRIE-ORO,42183,6117700
-79.55,44.48,BARRIE-ORO,6117700,2024-01-12 23:00,2024,1,12,23:00,,-2.5,,-3.2,,95,,0.0,,11.0,,27.0,,,,95.88,,,,-9.0,,,Barrie,BARRIE-ORO,42183,6117700
-79.55,44.48,BARRIE-ORO,6117700,2024-01-13 00:00,2024,1,13,00:00,,-1.3,,-1.9,,96,,0.3,,11.0,,28.0,,,,95.65,,,,-8.0,,,Barrie,BARRIE-ORO,42183,6117700
-79.55,44.48,BARRIE-ORO,6117700,2024-01-13 01:00,2024,1,13,01:00,,0.3,,0.0,,98,,0.5,,11.0,,18.0,,,,95.46,,,,,,,Barrie,BARRIE-ORO,42183,6117700
-79.55,44.48,BARRIE-ORO,6117700,2024-01-13 02:00,2024,1,13,02:00,,1.6,,1.0,,96,,0.6,,13.0,,19.0,,,,95.31,,,,,,,Barrie,BARRIE-ORO,42183,6117700
-79.55,44.48,BARRIE-ORO,6117700,2024-01-13 03:00,2024,1,13,03:00,,2.1,,1.6,,97,,0.4,,14.0,,18.0,,,,95.19,,,,,,,Barrie,BARRIE-ORO,42183,6117700
-79.55,44.48,BARRIE-ORO,6117700,2024-01-13 04:00,2024,1,13,04:00,,2.4,,1.8,,96,,0.3,,15.0,,16.0,,,,95.09,,,,,,,Barrie,BARRIE-ORO,42183,6117700
-79.55,44.48,BARRIE-ORO,6117700,2024-01-13 05:00,2024,1,13,05:00,,2.4,,1.8,,96,,0.1,,16.0,,13.0,,,,95.03,,,,,,,Barrie,BARRIE-ORO,42183,6117700
-79.55,44.48,BARRIE-ORO,6117700,2024-01-13 06:00,2024,1,13,06:00,,2.2,,1.9,,98,,1.0,,23.0,,4.0,,,,95.01,,,,,,,Barrie,BARRIE-ORO,42183,6117700
-79.55,44.48,BARRIE-ORO,6117700,2024-01-13 07:00,2024,1,13,07:00,,2.1,,1.5,,96,,2.5,,16.0,,11.0,,,,94.93,,,,,,,Barrie,BARRIE-ORO,42183,6117700
-79.55,44.48,BARRIE-ORO,6117700,2024-01-13 08:00,2024,1,13,08:00,,1.1,,0.5,,96,,2.3,,21.0,,10.0,,,,94.97,,,,,,,Barrie,BARRIE-ORO,42183,6117700
-79.55,44.48,BARRIE-ORO,6117700,2024-01-13 09:00,2024,1,13,09:00,,1.3,,0.8,,97,,0.6,,20.0,,9.0,,,,95.0,,,,,,,Barrie,BARRIE-ORO,42183,6117700
-79.55,44.48,BARRIE-ORO,6117700,2024-01-13 10:00,2024,1,13,10:00,,0.9,,-1.6,,83,,0.0,,23.0,,20.0,,,,95.07,,,,,,,Barrie,BARRIE-ORO,42183,6117700
-79.55,44.48,BARRIE-ORO,6117700,2024-01-13 11:00,2024,1,13,11:00,,-0.9,,-4.2,,78,,0.0,,24.0,,27.0,,,,95.15,,,,-7.0,,,Barrie,BARRIE-ORO,42183,6117700
-79.55,44.48,BARRIE-ORO,6117700,2024-01-13 12:00,2024,1,13,12:00,,-2.3,,-3.8,,89,,0.0,,24.0,,20.0,,,,95.16,,,,-8.0,,,Barrie,BARRIE-ORO,42183,6117700
-79.55,44.48,BARRIE-ORO,6117700,2024-01-13 13:00,2024,1,13,13:00,,-2.7,,-4.2,,89,,0.7,,24.0,,19.0,,,,95.15,,,,-8.0,,,Barrie,BARRIE-ORO,42183,6117700
-79.55,44.48,BARRIE-ORO,6117700,2024-01-13 14:00,2024,1,13,14:00,,-2.0,,-5.3,,78,,0.2,,23.0,,18.0,,,,95.2,,,,-7.0,,,Barrie,BARRIE-ORO,42183,6117700
-79.55,44.48,BARRIE-ORO,6117700,2024-01-13 15:00,2024,1,13,15:00,,-2.3,,-5.0,,82,,0.0,,23.0,,17.0,,,,95.29,,,,-8.0,,,Barrie,BARRIE-ORO,42183,6117700
-79.55,44.48,BARRIE-ORO,6117700,2024-01-13 16:00,2024,1,13,16:00,,-2.4,,-4.8,,84,,0.0,,27.0,,24.0,,,,95.43,,,,-9.0,,,Barrie,BARRIE-ORO,42183,6117700
-79.55,44.48,BARRIE-ORO,6117700,2024-01-13 17:00,2024,1,13,17:00,,-4.0,,-8.1,,73,,0.0,,27.0,,27.0,,,,95.64,,,,-11.0,,,Barrie,BARRIE-ORO,42183,6117700
-79.55,44.48,BARRIE-ORO,6117700,2024-01-13 18:00,2024,1,13,18:00,,-5.0,,-9.5,,71,,0.0,,27.0,,22.0,,,,95.75,,,,-12.0,,,Barrie,BARRIE-ORO,42183,6117700
-79.55,44.48,BARRIE-ORO,6117700,2024-01-13 19:00,2024,1,13,19:00,,-5.5,,-9.0,,77,,0.0,,26.0,,25.0,,,,95.86,,,,-13.0,,,Barrie,BARRIE-ORO,42183,6117700
-79.55,44.48,BARRIE-ORO,6117700,2024-01-13 20:00,2024,1,13,20:00,,-5.8,,-8.3,,83,,0.0,,26.0,,19.0,,,,95.95,,,,-12.0,,,Barrie,BARRIE-ORO,42183,6117700
-79.55,44.48,BARRIE-ORO,6117700,2024-01-13 21:00,2024,1,13,21:00,,-6.4,,-10.5,,72,,0.0,,27.0,,28.0,,,,96.08,,,,-15.0,,,Barrie,BARRIE-ORO,42183,6117700
-79.55,44.48,BARRIE-ORO,6117700,2024-01-13 22:00,2024,1,13,22:00,,-6.7,,-9.9,,78,,0.0,,27.0,,25.0,,,,96.15,,,,-15.0,,,Barrie,BARRIE-ORO,42183,6117700
-79.55,44.48,BARRIE-ORO,6117700,2024-01-13 23:00,2024,1,13,23:00,,-6.5,,-9.7,,78,,0.0,,27.0,,26.0,,,,96.21,,,,-14.0,,,Barrie,BARRIE-ORO,42183,6117700
-79.55,44.48,BARRIE-ORO,6117700,2024-01-14 00:00,2024,1,14,00:00,,-6.5,,-10.4,,74,,0.0,,26.0,,21.0,,,,96.28,,,,-14.0,,,Barrie,BARRIE-ORO,42183,6117700
-79.55,44.48,BARRIE-ORO,6117700,2024-01-14 01:00,2024,1,14,01:00,,-6.5,,-9.5,,79,,0.0,,26.0,,22.0,,,,96.32,,,,-14.0,,,Barrie,BARRIE-ORO,42183,6117700
-79.55,44.48,BARRIE-ORO,6117700,2024-01-14 02:00,2024,1,14,02:00,,-6.2,,-9.3,,78,,0.0,,25.0,,17.0,,,,96.39,,,,-12.0,,,Barrie,BARRIE-ORO,42183,6117700
-79.55,44.48,BARRIE-ORO,6117700,2024-01-14 03:00,2024,1,14,03:00,,-6.0,,-9.2,,78,,0.0,,25.0,,16.0,,,,96.47,,,,-12.0,,,Barrie,BARRIE-ORO,42183,6117700
-79.55,44.48,BARRIE-ORO,6117700,2024-01-14 04:00,2024,1,14,04:00,,-6.4,,-7.4,,92,,0.4,,26.0,,17.0,,,,96.47,,,,-13.0,,,Barrie,BARRIE-ORO,42183,6117700
-79.55,44.48,BARRIE-ORO,6117700,2024-01-14 05:00,2024,1,14,05:00,,-6.5,,-8.0,,89,,1.1,,25.0,,17.0,,,,96.45,,,,-13.0,,,Barrie,BARRIE-ORO,42183,6117700
-79.55,44.48,BARRIE-ORO,6117700,2024-01-14 06:00,2024,1,14,06:00,,-6.8,,-9.4,,82,,0.0,,25.0,,15.0,,,,96.43,,,,-13.0,,,Barrie,BARRIE-ORO,42183,6117700
-79.55,44.48,BARRIE-ORO,6117700,2024-01-14 07:00,2024,1,14,07:00,,-6.8,,-9.1,,84,,0.0,,24.0,,14.0,,,,96.43,,,,-13.0,,,Barrie,BARRIE-ORO,42183,6117700
-79.55,44.48,BARRIE-ORO,6117700,2024-01-14 08:00,2024,1,14,08:00,,-6.8,,-10.1,,78,,0.0,,24.0,,15.0,,,,96.44,,,,-13.0,,,Barrie,BARRIE-ORO,42183,6117700
-79.55,44.48,BARRIE-ORO,6117700,2024-01-14 09:00,2024,1,14,09:00,,-7.1,,-10.6,,76,,0.0,,24.0,,16.0,,,,96.5,,,,-13.0,,,Barrie,BARRIE-ORO,42183,6117700
-79.55,44.48,BARRIE-ORO,6117700,2024-01-14 10:00,2024,1,14,10:00,,-6.6,,-9.8,,78,,0.0,,25.0,,19.0,,,,96.57,,,,-13.0,,,Barrie,BARRIE-ORO,42183,6117700
-79.55,44.48,BARRIE-ORO,6117700,2024-01-14 11:00,2024,1,14,11:00,,-6.2,,-8.6,,83,,0.0,,25.0,,21.0,,,,96.67,,,,-13.0,,,Barrie,BARRIE-ORO,42183,6117700
-79.55,44.48,BARRIE-ORO,6117700,2024-01-14 12:00,2024,1,14,12:00,,-6.3,,-7.7,,89,,0.0,,25.0,,18.0,,,,96.75,,,,-13.0,,,Barrie,BARRIE-ORO,42183,6117700
-79.55,44.48,BARRIE-ORO,6117700,2024-01-14 13:00,2024,1,14,13:00,,-6.0,,-7.8,,87,,0.7,,25.0,,24.0,,,,96.83,,,,-13.0,,,Barrie,BARRIE-ORO,42183,6117700
-79.55,44.48,BARRIE-ORO,6117700,2024-01-14 14:00,2024,1,14,14:00,,-5.7,,-7.5,,87,,0.0,,27.0,,27.0,,,,97.01,,,,-14.0,,,Barrie,BARRIE-ORO,42183,6117700
-79.55,44.48,BARRIE-ORO,6117700,2024-01-14 15:00,2024,1,14,15:00,,-6.4,,-8.3,,86,,0.3,,29.0,,18.0,,,,97.17,,,,-13.0,,,Barrie,BARRIE-ORO,42183,6117700
-79.55,44.48,BARRIE-ORO,6117700,2024-01-14 16:00,2024,1,14,16:00,,-6.2,,-7.8,,89,,0.5,,26.0,,24.0,,,,97.33,,,,-14.0,,,Barrie,BARRIE-ORO,42183,6117700
-79.55,44.48,BARRIE-ORO,6117700,2024-01-14 17:00,2024,1,14,17:00,,-7.2,,-8.5,,90,,0.4,,26.0,,27.0,,,,97.47,,,,-15.0,,,Barrie,BARRIE-ORO,42183,6117700
-79.55,44.48,BARRIE-ORO,6117700,2024-01-14 18:00,2024,1,14,18:00,,-7.4,,-9.5,,85,,0.0,,25.0,,23.0,,,,97.63,,,,-15.0,,,Barrie,BARRIE-ORO,42183,6117700
-79.55,44.48,BARRIE-ORO,6117700,2024-01-14 19:00,2024,1,14,19:00,,-7.9,,-10.8,,80,,0.0,,25.0,,23.0,,,,97.72,,,,-16.0,,,Barrie,BARRIE-ORO,42183,6117700
-79.55,44.48,BARRIE-ORO,6117700,2024-01-14 20:00,2024,1,14,20:00,,-8.8,,-11.8,,79,,0.0,,25.0,,18.0,,,,97.78,,,,-16.0,,,Barrie,BARRIE-ORO,42183,6117700
-79.55,44.48,BARRIE-ORO,6117700,2024-01-14 21:00,2024,1,14,21:00,,-9.1,,-12.5,,77,,0.0,,25.0,,19.0,,,,97.83,,,,-17.0,,,Barrie,BARRIE-ORO,42183,6117700
-79.55,44.48,BARRIE-ORO,6117700,2024-01-14 22:00,2024,1,14,22:00,,-9.5,,-13.1,,75,,0.0,,25.0,,19.0,,,,97.84,,,,-17.0,,,Barrie,BARRIE-ORO,42183,6117700
-79.55,44.48,BARRIE-ORO,6117700,2024-01-14 23:00,2024,1,14,23:00,,-9.5,,-13.1,,75,,0.0,,25.0,,20.0,,,,97.9,,,,-17.0,,,Barrie,BARRIE-ORO,42183,6117700
-79.55,44.48,BARRIE-ORO,6117700,2024-01-15 00:00,2024,1,15,00:00,,-10.0,,-13.4,,76,,0.0,,23.0,,13.0,,,,97.89,,,,-16.0,,,Barrie,BARRIE-ORO,42183,6117700
-79.55,44.48,BARRIE-ORO,6117700,2024-01-15 01:00,2024,1,15,01:00,,-11.1,,-14.7,,75,,0.0,,24.0,,15.0,,,,97.93,,,,-18.0,,,Barrie,BARRIE-ORO,42183,6117700
-79.55,44.48,BARRIE-ORO,6117700,2024-01-15 02:00,2024,1,15,02:00,,-11.7,,-15.1,,76,,0.0,,25.0,,16.0,,,,97.98,,,,-19.0,,,Barrie,BARRIE-ORO,42183,6117700
-79.55,44.48,BARRIE-ORO,6117700,2024-01-15 03:00,2024,1,15,03:00,,-11.5,,-14.9,,76,,0.0,,25.0,,19.0,,,,98.07,,,,-20.0,,,Barrie,BARRIE-ORO,42183,6117700
-79.55,44.48,BARRIE-ORO,6117700,2024-01-15 04:00,2024,1,15,04:00,,-12.2,,-15.5,,76,,0.0,,25.0,,11.0,,,,98.07,,,,-18.0,,,Barrie,BARRIE-ORO,42183,6117700
-79.55,44.48,BARRIE-ORO,6117700,2024-01-15 05:00,2024,1,15,05:00,,-12.9,,-16.4,,75,,0.0,,24.0,,12.0,,,,98.08,,,,-19.0,,,Barrie,BARRIE-ORO,42183,6117700
-79.55,44.48,BARRIE-ORO,6117700,2024-01-15 06:00,2024,1,15,06:00,,-13.1,,-17.2,,72,,0.0,,23.0,,13.0,,,,98.12,,,,-20.0,,,Barrie,BARRIE-ORO,42183,6117700
-79.55,44.48,BARRIE-ORO,6117700,2024-01-15 07:00,2024,1,15,07:00,,-14.2,,-17.6,,75,,0.0,,23.0,,15.0,,,,98.18,,,,-22.0,,,Barrie,BARRIE-ORO,42183,6117700
-79.55,44.48,BARRIE-ORO,6117700,2024-01-15 08:00,2024,1,15,08:00,,-14.6,,-17.8,,76,,0.0,,23.0,,14.0,,,,98.21,,,,-22.0,,,Barrie,BARRIE-ORO,42183,6117700
-79.55,44.48,BARRIE-ORO,6117700,2024-01-15 09:00,2024,1,15,09:00,,-13.0,,-16.7,,74,,0.0,,25.0,,16.0,,,,98.24,,,,-21.0,,,Barrie,BARRIE-ORO,42183,6117700
-79.55,44.48,BARRIE-ORO,6117700,2024-01-15 10:00,2024,1,15,10:00,,-12.2,,-16.2,,72,,0.0,,25.0,,18.0,,,,98.29,,,,-20.0,,,Barrie,BARRIE-ORO,42183,6117700
-79.55,44.48,BARRIE-ORO,6117700,2024-01-15 11:00,2024,1,15,11:00,,-11.2,,-16.0,,68,,0.0,,25.0,,20.0,,,,98.33,,,,-19.0,,,Barrie,BARRIE-ORO,42183,6117700
-79.55,44.48,BARRIE-ORO,6117700,2024-01-15 12:00,2024,1,15,12:00,,-11.0,,-16.4,,64,,0.0,,25.0,,21.0,,,,98.28,,,,-19.0,,,Barrie,BARRIE-ORO,42183,6117700
-79.55,44.48,BARRIE-ORO,6117700,2024-01-15 13:00,2024,1,15,13:00,,-10.5,,-16.0,,64,,0.0,,24.0,,16.0,,,,98.24,,,,-18.0,,,Barrie,BARRIE-ORO,42183,6117700
-79.55,44.48,BARRIE-ORO,6117700,2024-01-15 14:00,2024,1,15,14:00,,-10.8,,-16.2,,65,,0.0,,25.0,,17.0,,,,98.26,,,,-18.0,,,Barrie,BARRIE-ORO,42183,6117700
-79.55,44.48,BARRIE-ORO,6117700,2024-01-15 15:00,2024,1,15,15:00,,-10.8,,-16.0,,66,,0.0,,25.0,,17.0,,,,98.26,,,,-18.0,,,Barrie,BARRIE-ORO,42183,6117700
-79.55,44.48,BARRIE-ORO,6117700,2024-01-15 16:00,2024,1,15,16:00,,-11.1,,-15.5,,70,,0.0,,23.0,,14.0,,,,98.28,,,,-18.0,,,Barrie,BARRIE-ORO,42183,6117700
-79.55,44.48,BARRIE-ORO,6117700,2024-01-15 17:00,2024,1,15,17:00,,-11.5,,-16.0,,69,,0.0,,23.0,,15.0,,,,98.29,,,,-19.0,,,Barrie,BARRIE-ORO,42183,6117700
-79.55,44.48,BARRIE-ORO,6117700,2024-01-15 18:00,2024,1,15,18:00,,-11.5,,-16.2,,68,,0.0,,23.0,,11.0,,,,98.3,,,,-17.0,,,Barrie,BARRIE-ORO,42183,6117700
-79.55,44.48,BARRIE-ORO,6117700,2024-01-15 19:00,2024,1,15,19:00,,-11.7,,-16.2,,69,,0.0,,24.0,,16.0,,,,98.29,,,,-19.0,,,Barrie,BARRIE-ORO,42183,6117700
-79.55,44.48,BARRIE-ORO,6117700,2024-01-15 20:00,2024,1,15,20:00,,-11.8,,-15.7,,72,,0.0,,23.0,,9.0,,,,98.26,,,,-17.0,,,Barrie,BARRIE-ORO,42183,6117700
-79.55,44.48,BARRIE-ORO,6117700,2024-01-15 21:00,2024,1,15,21:00,,-11.6,,-15.5,,73,,0.0,,21.0,,10.0,,,,98.22,,,,-17.0,,,Barrie,BARRIE-ORO,42183,6117700
-79.55,44.48,BARRIE-ORO,6117700,2024-01-15 22:00,2024,1,15,22:00,,-11.6,,-15.6,,73,,0.0,,23.0,,11.0,,,,98.21,,,,-18.0,,,Barrie,BARRIE-ORO,42183,6117700
-79.55,44.48,BARRIE-ORO,6117700,2024-01-15 23:00,2024,1,15,23:00,,-11.7,,-15.5,,73,,0.0,,24.0,,10.0,,,,98.17,,,,-17.0,,,Barrie,BARRIE-ORO,42183,6117700
-79.55,44.48,BARRIE-ORO,6117700,2024-01-16 00:00,2024,1,16,00:00,,-11.5,,-15.1,,74,,0.0,,22.0,,8.0,,,,98.13,,,,-16.0,,,Barrie,BARRIE-ORO,42183,6117700
-79.55,44.48,BARRIE-ORO,6117700,2024-01-16 01:00,2024,1,16,01:00,,-11.5,,-14.9,,76,,0.0,,22.0,,8.0,,,,98.06,,,,-16.0,,,Barrie,BARRIE-ORO,42183,6117700
-79.55,44.48,BARRIE-ORO,6117700,2024-01-16 02:00,2024,1,16,02:00,,-11.4,,-14.9,,75,,0.0,,20.0,,10.0,,,,98.02,,,,-17.0,,,Barrie,BARRIE-ORO,42183,6117700
-79.55,44.48,BARRIE-ORO,6117700,2024-01-16 03:00,2024,1,16,03:00,,-11.4,,-14.6,,77,,0.0,,19.0,,13.0,,,,97.99,,,,-18.0,,,Barrie,BARRIE-ORO,42183,6117700
-79.55,44.48,BARRIE-ORO,6117700,2024-01-16 04:00,2024,1,16,04:00,,-11.6,,-14.6,,78,,0.0,,20.0,,11.0,,,,97.85,,,,-18.0,,,Barrie,BARRIE-ORO,42183,6117700
-79.55,44.48,BARRIE-ORO,6117700,2024-01-16 05:00,2024,1,16,05:00,,-11.4,,-14.5,,78,,0.0,,22.0,,9.0,,,,97.84,,,,-17.0,,,Barrie,BARRIE-ORO,42183,6117700
-79.55,44.48,BARRIE-ORO,6117700,2024-01-16 06:00,2024,1,16,06:00,,-11.4,,-13.3,,86,,0.1,,22.0,,8.0,,,,97.76,,,,-16.0,,,Barrie,BARRIE-ORO,42183,6117700
-79.55,44.48,BARRIE-ORO,6117700,2024-01-16 07:00,2024,1,16,07:00,,-11.3,,-13.2,,86,,0.2,,22.0,,7.0,,,,97.73,,,,-16.0,,,Barrie,BARRIE-ORO,42183,6117700
-79.55,44.48,BARRIE-ORO,6117700,2024-01-16 08:00,2024,1,16,08:00,,-11.2,,-12.9,,87,,0.1,,20.0,,8.0,,,,97.7,,,,-16.0,,,Barrie,BARRIE-ORO,42183,6117700
-79.55,44.48,BARRIE-ORO,6117700,2024-01-16 09:00,2024,1,16,09:00,,-11.0,,-12.8,,86,,0.3,,21.0,,9.0,,,,97.69,,,,-16.0,,,Barrie,BARRIE-ORO,42183,6117700
-79.55,44.48,BARRIE-ORO,6117700,2024-01-16 10:00,2024,1,16,10:00,,-10.6,,-12.9,,83,,0.0,,22.0,,10.0,,,,97.66,,,,-16.0,,,Barrie,BARRIE-ORO,42183,6117700
-79.55,44.48,BARRIE-ORO,6117700,2024-01-16 11:00,2024,1,16,11:00,,-10.2,,-13.0,,80,,0.1,,23.0,,14.0,,,,97.66,,,,-17.0,,,Barrie,BARRIE-ORO,42183,6117700
-79.55,44.48,BARRIE-ORO,6117700,2024-01-16 12:00,2024,1,16,12:00,,-9.8,,-12.8,,79,,0.0,,25.0,,14.0,,,,97.59,,,,-16.0,,,Barrie,BARRIE-ORO,42183,6117700
-79.55,44.48,BARRIE-ORO,6117700,2024-01-16 13:00,2024,1,16,13:00,,-9.1,,-12.5,,76,,0.0,,24.0,,12.0,,,,97.51,,,,-15.0,,,Barrie,BARRIE-ORO,42183,6117700
-79.55,44.48,BARRIE-ORO,6117700,2024-01-16 14:00,2024,1,16,14:00,,-8.7,,-13.1,,70,,0.0,,27.0,,18.0,,,,97.48,,,,-16.0,,,Barrie,BARRIE-ORO,42183,6117700
-79.55,44.48,BARRIE-ORO,6117700,2024-01-16 15:00,2024,1,16,15:00,,-8.9,,-13.4,,70,,0.0,,27.0,,17.0,,,,97.48,,,,-16.0,,,Barrie,BARRIE-ORO,42183,6117700
-79.55,44.48,BARRIE-ORO,6117700,2024-01-16 16:00,2024,1,16,16:00,,-9.8,,-14.0,,72,,0.0,,26.0,,15.0,,,,97.52,,,,-16.0,,,Barrie,BARRIE-ORO,42183,6117700
-79.55,44.48,BARRIE-ORO,6117700,2024-01-16 17:00,2024,1,16,17:00,,-10.0,,-15.2,,65,,0.0,,26.0,,12.0,,,,97.56,,,,-16.0,,,Barrie,BARRIE-ORO,42183,6117700
-79.55,44.48,BARRIE-ORO,6117700,2024-01-16 18:00,2024,1,16,18:00,,-10.5,,-15.5,,67,,0.0,,25.0,,12.0,,,,97.56,,,,-17.0,,,Barrie,BARRIE-ORO,42183,6117700
-79.55,44.48,BARRIE-ORO,6117700,2024-01-16 19:00,2024,1,16,19:00,,-10.6,,-16.4,,62,,0.0,,24.0,,12.0,,,,97.54,,,,-17.0,,,Barrie,BARRIE-ORO,42183,6117700
-79.55,44.48,BARRIE-ORO,6117700,2024-01-16 20:00,2024,1,16,20:00,,-10.8,,-15.6,,68,,0.0,,24.0,,10.0,,,,97.55,,,,-16.0,,,Barrie,BARRIE-ORO,42183,6117700
-79.55,44.48,BARRIE-ORO,6117700,2024-01-16 21:00,2024,1,16,21:00,,-11.4,,-15.3,,73,,0.0,,23.0,,15.0,,,,97.53,,,,-18.0,,,Barrie,BARRIE-ORO,42183,6117700
-79.55,44.48,BARRIE-ORO,6117700,2024-01-16 22:00,2024,1,16,22:00,,-12.1,,-15.5,,76,,0.0,,22.0,,9.0,,,,97.5,,,,-17.0,,,Barrie,BARRIE-ORO,42183,6117700
-79.55,44.48,BARRIE-ORO,6117700,2024-01-16 23:00,2024,1,16,23:00,,-12.3,,-15.4,,78,,0.0,,21.0,,11.0,,,,97.48,,,,-18.0,,,Barrie,BARRIE-ORO,42183,6117700
-79.55,44.48,BARRIE-ORO,6117700,2024-01-17 00:00,2024,1,17,00:00,,-12.8,,-16.3,,75,,0.0,,23.0,,12.0,,,,97.46,,,,-19.0,,,Barrie,BARRIE-ORO,42183,6117700
-79.55,44.48,BARRIE-ORO,6117700,2024-01-17 01:00,2024,1,17,01:00,,-13.4,,-16.7,,77,,0.0,,23.0,,12.0,,,,97.41,,,,-20.0,,,Barrie,BARRIE-ORO,42183,6117700
-79.55,44.48,BARRIE-ORO,6117700,2024-01-17 02:00,2024,1,17,02:00,,-13.6,,-16.8,,77,,0.0,,24.0,,15.0,,,,97.37,,,,-21.0,,,Barrie,BARRIE-ORO,42183,6117700
-79.55,44.48,BARRIE-ORO,6117700,2024-01-17 03:00,2024,1,17,03:00,,-13.6,,-16.9,,76,,0.0,,23.0,,17.0,,,,97.36,,,,-22.0,,,Barrie,BARRIE-ORO,42183,6117700
-79.55,44.48,BARRIE-ORO,6117700,2024-01-17 04:00,2024,1,17,04:00,,-14.3,,-18.0,,74,,0.0,,24.0,,16.0,,,,97.36,,,,-22.0,,,Barrie,BARRIE-ORO,42183,6117700
-79.55,44.48,BARRIE-ORO,6117700,2024-01-17 05:00,2024,1,17,05:00,,-15.4,,-19.0,,74,,0.0,,24.0,,16.0,,,,97.35,,,,-24.0,,,Barrie,BARRIE-ORO,42183,6117700
-79.55,44.48,BARRIE-ORO,6117700,2024-01-17 06:00,2024,1,17,06:00,,-15.7,,-19.1,,75,,0.0,,23.0,,18.0,,,,97.36,,,,-25.0,,,Barrie,BARRIE-ORO,42183,6117700
-79.55,44.48,BARRIE-ORO,6117700,2024-01-17 07:00,2024,1,17,07:00,,-16.4,,-19.5,,77,,0.0,,21.0,,11.0,,,,97.37,,,,-23.0,,,Barrie,BARRIE-ORO,42183,6117700
-79.55,44.48,BARRIE-ORO,6117700,2024-01-17 08:00,2024,1,17,08:00,,-16.4,,-19.3,,79,,0.0,,21.0,,17.0,,,,97.31,,,,-25.0,,,Barrie,BARRIE-ORO,42183,6117700
-79.55,44.48,BARRIE-ORO,6117700,2024-01-17 09:00,2024,1,17,09:00,,-15.4,,-18.9,,75,,0.0,,21.0,,15.0,,,,97.32,,,,-23.0,,,Barrie,BARRIE-ORO,42183,6117700
-79.55,44.48,BARRIE-ORO,6117700,2024-01-17 10:00,2024,1,17,10:00,,-14.7,,-18.3,,75,,0.0,,20.0,,15.0,,,,97.31,,,,-23.0,,,Barrie,BARRIE-ORO,42183,6117700
-79.55,44.48,BARRIE-ORO,6117700,2024-01-17 11:00,2024,1,17,11:00,,-12.4,,-17.5,,65,,0.0,,22.0,,14.0,,,,97.31,,,,-19.0,,,Barrie,BARRIE-ORO,42183,6117700
-79.55,44.48,BARRIE-ORO,6117700,2024-01-17 12:00,2024,1,17,12:00,,-11.4,,-17.4,,61,,0.0,,23.0,,24.0,,,,97.28,,,,-20.0,,,Barrie,BARRIE-ORO,42183,6117700
-79.55,44.48,BARRIE-ORO,6117700,2024-01-17 13:00,2024,1,17,13:00,,-11.0,,-16.9,,62,,0.0,,22.0,,21.0,,,,97.25,,,,-19.0,,,Barrie,BARRIE-ORO,42183,6117700
-79.55,44.48,BARRIE-ORO,6117700,2024-01-17 14:00,2024,1,17,14:00,,-10.5,,-16.7,,60,,0.0,,23.0,,20.0,,,,97.24,,,,-18.0,,,Barrie,BARRIE-ORO,42183,6117700
-79.55,44.48,BARRIE-ORO,6117700,2024-01-17 15:00,2024,1,17,15:00,,-10.0,,-16.7,,58,,0.0,,24.0,,22.0,,,,97.25,,,,-18.0,,,Barrie,BARRIE-ORO,42183,6117700
-79.55,44.48,BARRIE-ORO,6117700,2024-01-17 16:00,2024,1,17,16:00,,-10.0,,-16.5,,59,,0.0,,24.0,,20.0,,,,97.31,,,,-18.0,,,Barrie,BARRIE-ORO,42183,6117700
-79.55,44.48,BARRIE-ORO,6117700,2024-01-17 17:00,2024,1,17,17:00,,-10.8,,-16.1,,65,,0.0,,24.0,,18.0,,,,97.38,,,,-18.0,,,Barrie,BARRIE-ORO,42183,6117700
-79.55,44.48,BARRIE-ORO,6117700,2024-01-17 18:00,2024,1,17,18:00,,-10.9,,-15.5,,69,,0.0,,23.0,,16.0,,,,97.45,,,,-18.0,,,Barrie,BARRIE-ORO,42183,6117700
-79.55,44.48,BARRIE-ORO,6117700,2024-01-17 19:00,2024,1,17,19:00,,-12.1,,-16.3,,71,,0.0,,23.0,,15.0,,,,97.54,,,,-19.0,,,Barrie,BARRIE-ORO,42183,6117700
-79.55,44.48,BARRIE-ORO,6117700,2024-01-17 20:00,2024,1,17,20:00,,-12.3,,-16.6,,70,,0.0,,23.0,,12.0,,,,97.56,,,,-19.0,,,Barrie,BARRIE-ORO,42183,6117700
-79.55,44.48,BARRIE-ORO,6117700,2024-01-17 21:00,2024,1,17,21:00,,-12.0,,-16.4,,70,,0.0,,23.0,,16.0,,,,97.59,,,,-19.0,,,Barrie,BARRIE-ORO,42183,6117700
-79.55,44.48,BARRIE-ORO,6117700,2024-01-17 22:00,2024,1,17,22:00,,-11.9,,-16.2,,70,,0.0,,23.0,,14.0,,,,97.59,,,,-19.0,,,Barrie,BARRIE-ORO,42183,6117700
-79.55,44.48,BARRIE-ORO,6117700,2024-01-17 23:00,2024,1,17,23:00,,-11.4,,-15.1,,74,,0.0,,22.0,,8.0,,,,97.61,,,,-16.0,,,Barrie,BARRIE-ORO,42183,6117700
-79.55,44.48,BARRIE-ORO,6117700,2024-01-18 00:00,2024,1,18,00:00,,-10.2,,-14.1,,74,,0.0,,23.0,,13.0,,,,97.67,,,,-16.0,,,Barrie,BARRIE-ORO,42183,6117700
-79.55,44.48,BARRIE-ORO,6117700,2024-01-18 01:00,2024,1,18,01:00,,-10.3,,-13.9,,75,,0.0,,24.0,,10.0,,,,97.67,,,,-16.0,,,Barrie,BARRIE-ORO,42183,6117700
-79.55,44.48,BARRIE-ORO,6117700,2024-01-18 02:00,2024,1,18,02:00,,-10.2,,-13.6,,76,,0.0,,23.0,,13.0,,,,97.68,,,,-16.0,,,Barrie,BARRIE-ORO,42183,6117700
-79.55,44.48,BARRIE-ORO,6117700,2024-01-18 03:00,2024,1,18,03:00,,-10.1,,-13.0,,79,,0.0,,22.0,,12.0,,,,97.78,,,,-16.0,,,Barrie,BARRIE-ORO,42183,6117700
-79.55,44.48,BARRIE-ORO,6117700,2024-01-18 04:00,2024,1,18,04:00,,-9.7,,-12.6,,79,,0.0,,23.0,,12.0,,,,97.78,,,,-16.0,,,Barrie,BARRIE-ORO,42183,6117700
-79.55,44.48,BARRIE-ORO,6117700,2024-01-18 05:00,2024,1,18,05:00,,-9.2,,-12.2,,79,,0.0,,23.0,,9.0,,,,97.8,,,,-14.0,,,Barrie,BARRIE-ORO,42183,6117700
-79.55,44.48,BARRIE-ORO,6117700,2024-01-18 06:00,2024,1,18,06:00,,-8.8,,-11.7,,80,,0.0,,23.0,,8.0,,,,97.84,,,,-13.0,,,Barrie,BARRIE-ORO,42183,6117700
-79.55,44.48,BARRIE-ORO,6117700,2024-01-18 07:00,2024,1,18,07:00,,-8.3,,-11.4,,78,,0.0,,23.0,,10.0,,,,97.85,,,,-13.0,,,Barrie,BARRIE-ORO,42183,6117700
-79.55,44.48,BARRIE-ORO,6117700,2024-01-18 08:00,2024,1,18,08:00,,-8.2,,-11.2,,79,,0.0,,23.0,,9.0,,,,97.85,,,,-13.0,,,Barrie,BARRIE-ORO,42183,6117700
-79.55,44.48,BARRIE-ORO,6117700,2024-01-18 09:00,2024,1,18,09:00,,-7.8,,-11.2,,77,,0.0,,24.0,,10.0,,,,97.88,,,,-13.0,,,Barrie,BARRIE-ORO,42183,6117700
-79.55,44.48,BARRIE-ORO,6117700,2024-01-18 10:00,2024,1,18,10:00,,-7.2,,-11.3,,72,,0.0,,25.0,,13.0,,,,97.9,,,,-13.0,,,Barrie,BARRIE-ORO,42183,6117700
-79.55,44.48,BARRIE-ORO,6117700,2024-01-18 11:00,2024,1,18,11:00,,-6.7,,-11.1,,71,,0.0,,24.0,,14.0,,,,97.95,,,,-12.0,,,Barrie,BARRIE-ORO,42183,6117700
-79.55,44.48,BARRIE-ORO,6117700,2024-01-18 12:00,2024,1,18,12:00,,-6.3,,-11.0,,69,,0.0,,24.0,,12.0,,,,97.9,,,,-11.0,,,Barrie,BARRIE-ORO,42183,6117700
-79.55,44.48,BARRIE-ORO,6117700,2024-01-18 13:00,2024,1,18,13:00,,-6.0,,-10.9,,69,,0.0,,26.0,,17.0,,,,97.87,,,,-12.0,,,Barrie,BARRIE-ORO,42183,6117700
-79.55,44.48,BARRIE-ORO,6117700,2024-01-18 14:00,2024,1,18,14:00,,-5.7,,-10.8,,67,,0.0,,25.0,,14.0,,,,97.85,,,,-11.0,,,Barrie,BARRIE-ORO,42183,6117700
-79.55,44.48,BARRIE-ORO,6117700,2024-01-18 15:00,2024,1,18,15:00,,-5.5,,-10.8,,66,,0.0,,26.0,,14.0,,,,97.85,,,,-11.0,,,Barrie,BARRIE-ORO,42183,6117700
-79.55,44.48,BARRIE-ORO,6117700,2024-01-18 16:00,2024,1,18,16:00,,-5.7,,-10.8,,67,,0.0,,25.0,,14.0,,,,97.88,,,,-11.0,,,Barrie,BARRIE-ORO,42183,6117700
-79.55,44.48,BARRIE-ORO,6117700,2024-01-18 17:00,2024,1,18,17:00,,-5.9,,-10.1,,72,,0.0,,25.0,,10.0,,,,97.94,,,,-10.0,,,Barrie,BARRIE-ORO,42183,6117700
-79.55,44.48,BARRIE-ORO,6117700,2024-01-18 18:00,2024,1,18,18:00,,-6.1,,-10.0,,74,,0.0,,24.0,,10.0,,,,98.0,,,,-11.0,,,Barrie,BARRIE-ORO,42183,6117700
-79.55,44.48,BARRIE-ORO,6117700,2024-01-18 19:00,2024,1,18,19:00,,-6.3,,-10.1,,74,,0.0,,25.0,,8.0,,,,98.01,,,,-10.0,,,Barrie,BARRIE-ORO,42183,6117700
-79.55,44.48,BARRIE-ORO,6117700,2024-01-18 20:00,2024,1,18,20:00,,-6.8,,-9.0,,84,,0.0,,31.0,,7.0,,,,98.03,,,,-10.0,,,Barrie,BARRIE-ORO,42183,6117700
-79.55,44.48,BARRIE-ORO,6117700,2024-01-18 21:00,2024,1,18,21:00,,-7.6,,-9.1,,89,,0.1,,36.0,,9.0,,,,98.03,,,,-12.0,,,Barrie,BARRIE-ORO,42183,6117700
-79.55,44.48,BARRIE-ORO,6117700,2024-01-18 22:00,2024,1,18,22:00,,-8.2,,-10.6,,83,,0.0,,36.0,,8.0,,,,98.04,,,,-12.0,,,Barrie,BARRIE-ORO,42183,6117700
-79.55,44.48,BARRIE-ORO,6117700,2024-01-18 23:00,2024,1,18,23:00,,-8.8,,-10.8,,85,,0.0,,1.0,,11.0,,,,98.06,,,,-14.0,,,Barrie,BARRIE-ORO,42183,6117700
-79.55,44.48,BARRIE-ORO,6117700,2024-01-19 00:00,2024,1,19,00:00,,-9.5,,-11.5,,85,,0.0,,1.0,,16.0,,,,98.04,,,,-16.0,,,Barrie,BARRIE-ORO,42183,6117700
-79.55,44.48,BARRIE-ORO,6117700,2024-01-19 01:00,2024,1,19,01:00,,-10.3,,-12.3,,85,,0.0,,2.0,,15.0,,,,98.03,,,,-17.0,,,Barrie,BARRIE-ORO,42183,6117700
-79.55,44.48,BARRIE-ORO,6117700,2024-01-19 02:00,2024,1,19,02:00,,-11.2,,-13.8,,81,,0.0,,1.0,,17.0,,,,98.07,,,,-19.0,,,Barrie,BARRIE-ORO,42183,6117700
-79.55,44.48,BARRIE-ORO,6117700,2024-01-19 03:00,2024,1,19,03:00,,-12.0,,-15.1,,78,,0.0,,2.0,,13.0,,,,98.09,,,,-19.0,,,Barrie,BARRIE-ORO,42183,6117700
-79.55,44.48,BARRIE-ORO,6117700,2024-01-19 04:00,2024,1,19,04:00,,-12.4,,-15.8,,76,,0.0,,3.0,,11.0,,,,98.04,,,,-18.0,,,Barrie,BARRIE-ORO,42183,6117700
-79.55,44.48,BARRIE-ORO,6117700,2024-01-19 05:00,2024,1,19,05:00,,-12.9,,-15.7,,79,,0.0,,35.0,,9.0,,,,98.08,,,,-18.0,,,Barrie,BARRIE-ORO,42183,6117700
-79.55,44.48,BARRIE-ORO,6117700,2024-01-19 06:00,2024,1,19,06:00,,-14.2,,-16.2,,85,,0.0,,1.0,,15.0,,,,98.07,,,,-22.0,,,Barrie,BARRIE-ORO,42183,6117700
-79.55,44.48,BARRIE-ORO,6117700,2024-01-19 07:00,2024,1,19,07:00,,-14.9,,-17.3,,82,,0.0,,1.0,,11.0,,,,98.08,,,,-21.0,,,Barrie,BARRIE-ORO,42183,6117700
-79.55,44.48,BARRIE-ORO,6117700,2024-01-19 08:00,2024,1,19,08:00,,-15.7,,-18.4,,79,,0.0,,2.0,,14.0,,,,98.07,,,,-23.0,,,Barrie,BARRIE-ORO,42183,6117700
-79.55,44.48,BARRIE-ORO,6117700,2024-01-19 09:00,2024,1,19,09:00,,-16.2,,-19.5,,76,,0.0,,1.0,,15.0,,,,98.1,,,,-24.0,,,Barrie,BARRIE-ORO,42183,6117700
-79.55,44.48,BARRIE-ORO,6117700,2024-01-19 10:00,2024,1,19,10:00,,-16.0,,-19.8,,72,,0.0,,1.0,,17.0,,,,98.13,,,,-25.0,,,Barrie,BARRIE-ORO,42183,6117700
-79.55,44.48,BARRIE-ORO,6117700,2024-01-19 11:00,2024,1,19,11:00,,-14.7,,-19.7,,66,,0.0,,1.0,,14.0,,,,98.13,,,,-22.0,,,Barrie,BARRIE-ORO,42183,6117700
-79.55,44.48,BARRIE-ORO,6117700,2024-01-19 12:00,2024,1,19,12:00,,-14.1,,-19.4,,64,,0.0,,1.0,,16.0,,,,98.09,,,,-22.0,,,Barrie,BARRIE-ORO,42183,6117700
-79.55,44.48,BARRIE-ORO,6117700,2024-01-19 13:00,2024,1,19,13:00,,-13.4,,-19.4,,60,,0.0,,35.0,,17.0,,,,98.04,,,,-21.0,,,Barrie,BARRIE-ORO,42183,6117700
-79.55,44.48,BARRIE-ORO,6117700,2024-01-19 14:00,2024,1,19,14:00,,-13.4,,-18.9,,63,,0.0,,36.0,,13.0,,,,98.04,,,,-20.0,,,Barrie,BARRIE-ORO,42183,6117700
-79.55,44.48,BARRIE-ORO,6117700,2024-01-19 15:00,2024,1,19,15:00,,-13.9,,-19.5,,62,,0.0,,35.0,,13.0,,,,98.06,,,,-21.0,,,Barrie,BARRIE-ORO,42183,6117700
-79.55,44.48,BARRIE-ORO,6117700,2024-01-19 16:00,2024,1,19,16:00,,-14.3,,-19.6,,64,,0.0,,36.0,,15.0,,,,98.11,,,,-22.0,,,Barrie,BARRIE-ORO,42183,6117700
-79.55,44.48,BARRIE-ORO,6117700,2024-01-19 17:00,2024,1,19,17:00,,-14.6,,-18.9,,70,,0.0,,34.0,,13.0,,,,98.17,,,,-22.0,,,Barrie,BARRIE-ORO,42183,6117700
-79.55,44.48,BARRIE-ORO,6117700,2024-01-19 18:00,2024,1,19,18:00,,-15.6,,-19.2,,74,,0.0,,33.0,,10.0,,,,98.23,,,,-22.0,,,Barrie,BARRIE-ORO,42183,6117700
-79.55,44.48,BARRIE-ORO,6117700,2024-01-19 19:00,2024,1,19,19:00,,-16.3,,-19.6,,76,,0.0,,33.0,,10.0,,,,98.25,,,,-23.0,,,Barrie,BARRIE-ORO,42183,6117700
-79.55,44.48,BARRIE-ORO,6117700,2024-01-19 20:00,2024,1,19,20:00,,-17.2,,-20.0,,79,,0.0,,36.0,,15.0,,,,98.26,,,,-26.0,,,Barrie,BARRIE-ORO,42183,6117700
-79.55,44.48,BARRIE-ORO,6117700,2024-01-19 21:00,2024,1,19,21:00,,-17.8,,-20.5,,80,,0.0,,35.0,,14.0,,,,98.27,,,,-26.0,,,Barrie,BARRIE-ORO,42183,6117700
-79.55,44.48,BARRIE-ORO,6117700,2024-01-19 22:00,2024,1,19,22:00,,-18.3,,-21.0,,80,,0.0,,35.0,,19.0,,,,98.3,,,,-28.0,,,Barrie,BARRIE-ORO,42183,6117700
-79.55,44.48,BARRIE-ORO,6117700,2024-01-19 23:00,2024,1,19,23:00,,-18.4,,-21.6,,76,,0.0,,35.0,,15.0,,,,98.3,,,,-27.0,,,Barrie,BARRIE-ORO,42183,6117700
-79.55,44.48,BARRIE-ORO,6117700,2024-01-20 00:00,2024,1,20,00:00,,-18.4,,-21.3,,78,,0.0,,34.0,,12.0,,,,98.31,,,,-26.0,,,Barrie,BARRIE-ORO,42183,6117700
-79.55,44.48,BARRIE-ORO,6117700,2024-01-20 01:00,2024,1,20,01:00,,-17.9,,-20.9,,78,,0.0,,35.0,,12.0,,,,98.28,,,,-25.0,,,Barrie,BARRIE-ORO,42183,6117700
-79.55,44.48,BARRIE-ORO,6117700,2024-01-20 02:00,2024,1,20,02:00,,-17.7,,-20.7,,78,,0.0,,1.0,,18.0,,,,98.27,,,,-27.0,,,Barrie,BARRIE-ORO,42183,6117700
-79.55,44.48,BARRIE-ORO,6117700,2024-01-20 03:00,2024,1,20,03:00,,-18.6,,-21.3,,80,,0.0,,33.0,,8.0,,,,98.33,,,,-25.0,,,Barrie,BARRIE-ORO,42183,6117700
-79.55,44.48,BARRIE-ORO,6117700,2024-01-20 04:00,2024,1,20,04:00,,-19.2,,-21.8,,80,,0.0,,31.0,,9.0,,,,98.32,,,,-26.0,,,Barrie,BARRIE-ORO,42183,6117700
-79.55,44.48,BARRIE-ORO,6117700,2024-01-20 05:00,2024,1,20,05:00,,-19.3,,-21.9,,80,,0.0,,34.0,,14.0,,,,98.32,,,,-28.0,,,Barrie,BARRIE-ORO,42183,6117700
-79.55,44.48,BARRIE-ORO,6117700,2024-01-20 06:00,2024,1,20,06:00,,-18.5,,-21.4,,78,,0.0,,34.0,,13.0,,,,98.34,,,,-27.0,,,Barrie,BARRIE-ORO,42183,6117700
-79.55,44.48,BARRIE-ORO,6117700,2024-01-20 07:00,2024,1,20,07:00,,-17.8,,-21.1,,75,,0.0,,33.0,,12.0,,,,98.4,,,,-25.0,,,Barrie,BARRIE-ORO,42183,6117700
-79.55,44.48,BARRIE-ORO,6117700,2024-01-20 08:00,2024,1,20,08:00,,-17.6,,-20.6,,77,,0.0,,33.0,,11.0,,,,98.42,,,,-25.0,,,Barrie,BARRIE-ORO,42183,6117700
-79.55,44.48,BARRIE-ORO,6117700,2024-01-20 09:00,2024,1,20,09:00,,-17.1,,-20.3,,77,,0.0,,34.0,,14.0,,,,98.44,,,,-25.0,,,Barrie,BARRIE-ORO,42183,6117700
-79.55,44.48,BARRIE-ORO,6117700,2024-01-20 10:00,2024,1,20,10:00,,-16.4,,-19.7,,76,,0.0,,34.0,,16.0,,,,98.47,,,,-25.0,,,Barrie,BARRIE-ORO,42183,6117700
-79.55,44.48,BARRIE-ORO,6117700,2024-01-20 11:00,2024,1,20,11:00,,-15.1,,-19.1,,72,,0.0,,33.0,,18.0,,,,98.47,,,,-24.0,,,Barrie,BARRIE-ORO,42183,6117700
-79.55,44.48,BARRIE-ORO,6117700,2024-01-20 12:00,2024,1,20,12:00,,-14.4,,-18.7,,70,,0.0,,34.0,,16.0,,,,98.47,,,,-22.0,,,Barrie,BARRIE-ORO,42183,6117700
-79.55,44.48,BARRIE-ORO,6117700,2024-01-20 13:00,2024,1,20,13:00,,-13.9,,-18.2,,70,,0.0,,33.0,,21.0,,,,98.45,,,,-23.0,,,Barrie,BARRIE-ORO,42183,6117700
-79.55,44.48,BARRIE-ORO,6117700,2024-01-20 14:00,2024,1,20,14:00,,-12.9,,-17.0,,71,,0.0,,32.0,,17.0,,,,98.42,,,,-21.0,,,Barrie,BARRIE-ORO,42183,6117700
-79.55,44.48,BARRIE-ORO,6117700,2024-01-20 15:00,2024,1,20,15:00,,-12.1,,-15.9,,74,,0.0,,32.0,,18.0,,,,98.46,,,,-20.0,,,Barrie,BARRIE-ORO,42183,6117700
-79.55,44.48,BARRIE-ORO,6117700,2024-01-20 16:00,2024,1,20,16:00,,-11.9,,-15.2,,76,,0.0,,33.0,,19.0,,,,98.51,,,,-20.0,,,Barrie,BARRIE-ORO,42183,6117700
-79.55,44.48,BARRIE-ORO,6117700,2024-01-20 17:00,2024,1,20,17:00,,-12.8,,-15.9,,78,,0.0,,33.0,,25.0,,,,98.62,,,,-22.0,,,Barrie,BARRIE-ORO,42183,6117700
-79.55,44.48,BARRIE-ORO,6117700,2024-01-20 18:00,2024,1,20,18:00,,-13.3,,-16.8,,75,,0.0,,34.0,,21.0,,,,98.71,,,,-22.0,,,Barrie,BARRIE-ORO,42183,6117700
-79.55,44.48,BARRIE-ORO,6117700,2024-01-20 19:00,2024,1,20,19:00,,-13.7,,-16.9,,77,,0.0,,35.0,,21.0,,,,98.79,,,,-23.0,,,Barrie,BARRIE-ORO,42183,6117700
-79.55,44.48,BARRIE-ORO,6117700,2024-01-20 20:00,2024,1,20,20:00,,-13.6,,-16.5,,79,,0.0,,35.0,,19.0,,,,98.84,,,,-22.0,,,Barrie,BARRIE-ORO,42183,6117700
-79.55,44.48,BARRIE-ORO,6117700,2024-01-20 21:00,2024,1,20,21:00,,-13.6,,-16.4,,79,,0.0,,36.0,,20.0,,,,98.88,,,,-22.0,,,Barrie,BARRIE-ORO,42183,6117700
-79.55,44.48,BARRIE-ORO,6117700,2024-01-20 22:00,2024,1,20,22:00,,-14.4,,-17.5,,77,,0.0,,34.0,,19.0,,,,98.95,,,,-23.0,,,Barrie,BARRIE-ORO,42183,6117700
-79.55,44.48,BARRIE-ORO,6117700,2024-01-20 23:00,2024,1,20,23:00,,-14.8,,-18.2,,75,,0.0,,35.0,,21.0,,,,98.95,,,,-24.0,,,Barrie,BARRIE-ORO,42183,6117700
-79.55,44.48,BARRIE-ORO,6117700,2024-01-21 00:00,2024,1,21,00:00,,-15.1,,-18.1,,77,,0.0,,34.0,,20.0,,,,98.99,,,,-24.0,,,Barrie,BARRIE-ORO,42183,6117700
-79.55,44.48,BARRIE-ORO,6117700,2024-01-21 01:00,2024,1,21,01:00,,-14.8,,-17.7,,79,,0.0,,34.0,,22.0,,,,99.04,,,,-24.0,,,Barrie,BARRIE-ORO,42183,6117700
-79.55,44.48,BARRIE-ORO,6117700,2024-01-21 02:00,2024,1,21,02:00,,-14.3,,-17.9,,75,,0.0,,34.0,,16.0,,,,99.11,,,,-22.0,,,Barrie,BARRIE-ORO,42183,6117700
-79.55,44.48,BARRIE-ORO,6117700,2024-01-21 03:00,2024,1,21,03:00,,-14.4,,-18.0,,74,,0.0,,33.0,,15.0,,,,99.18,,,,-22.0,,,Barrie,BARRIE-ORO,42183,6117700
-79.55,44.48,BARRIE-ORO,6117700,2024-01-21 04:00,2024,1,21,04:00,,-14.7,,-18.4,,74,,0.0,,34.0,,16.0,,,,99.18,,,,-23.0,,,Barrie,BARRIE-ORO,42183,6117700
-79.55,44.48,BARRIE-ORO,6117700,2024-01-21 05:00,2024,1,21,05:00,,-15.1,,-18.6,,75,,0.0,,35.0,,13.0,,,,99.25,,,,-22.0,,,Barrie,BARRIE-ORO,42183,6117700
-79.55,44.48,BARRIE-ORO,6117700,2024-01-21 06:00,2024,1,21,06:00,,-15.0,,-18.3,,76,,0.0,,35.0,,16.0,,,,99.34,,,,-23.0,,,Barrie,BARRIE-ORO,42183,6117700
-79.55,44.48,BARRIE-ORO,6117700,2024-01-21 07:00,2024,1,21,07:00,,-15.4,,-18.6,,76,,0.0,,35.0,,16.0,,,,99.38,,,,-24.0,,,Barrie,BARRIE-ORO,42183,6117700
-79.55,44.48,BARRIE-ORO,6117700,2024-01-21 08:00,2024,1,21,08:00,,-15.6,,-18.6,,77,,0.0,,34.0,,13.0,,,,99.46,,,,-23.0,,,Barrie,BARRIE-ORO,42183,6117700
-79.55,44.48,BARRIE-ORO,6117700,2024-01-21 09:00,2024,1,21,09:00,,-14.0,,-19.1,,65,,0.0,,,,0.0,,,,99.55,,,,,,,Barrie,BARRIE-ORO,42183,6117700
-79.55,44.48,BARRIE-ORO,6117700,2024-01-21 10:00,2024,1,21,10:00,,-13.4,,-18.2,,67,,0.0,,29.0,,4.0,,,,99.61,,,,-16.0,,,Barrie,BARRIE-ORO,42183,6117700
-79.55,44.48,BARRIE-ORO,6117700,2024-01-21 11:00,2024,1,21,11:00,,-9.6,,-16.1,,59,,0.0,,17.0,,3.0,,,,99.62,,,,-11.0,,,Barrie,BARRIE-ORO,42183,6117700
-79.55,44.48,BARRIE-ORO,6117700,2024-01-21 12:00,2024,1,21,12:00,,-7.1,,-14.0,,57,,0.0,,16.0,,6.0,,,,99.54,,,,-10.0,,,Barrie,BARRIE-ORO,42183,6117700
-79.55,44.48,BARRIE-ORO,6117700,2024-01-21 13:00,2024,1,21,13:00,,-4.6,,-9.8,,67,,0.0,,30.0,,18.0,,,,99.52,,,,-11.0,,,Barrie,BARRIE-ORO,42183,6117700
-79.55,44.48,BARRIE-ORO,6117700,2024-01-21 14:00,2024,1,21,14:00,,-4.6,,-8.7,,73,,0.0,,29.0,,12.0,,,,99.49,,,,-9.0,,,Barrie,BARRIE-ORO,42183,6117700
-79.55,44.48,BARRIE-ORO,6117700,2024-01-21 15:00,2024,1,21,15:00,,-4.6,,-8.3,,75,,0.0,,27.0,,14.0,,,,99.51,,,,-10.0,,,Barrie,BARRIE-ORO,42183,6117700
-79.55,44.48,BARRIE-ORO,6117700,2024-01-21 16:00,2024,1,21,16:00,,-4.9,,-8.3,,77,,0.0,,24.0,,7.0,,,,99.51,,,,-8.0,,,Barrie,BARRIE-ORO,42183,6117700
-79.55,44.48,BARRIE-ORO,6117700,2024-01-21 17:00,2024,1,21,17:00,,-4.8,,-8.2,,77,,0.0,,21.0,,6.0,,,,99.52,,,,-8.0,,,Barrie,BARRIE-ORO,42183,6117700
-79.55,44.48,BARRIE-ORO,6117700,2024-01-21 18:00,2024,1,21,18:00,,-5.1,,-8.6,,77,,0.0,,24.0,,7.0,,,,99.5,,,,-8.0,,,Barrie,BARRIE-ORO,42183,6117700
-79.55,44.48,BARRIE-ORO,6117700,2024-01-21 19:00,2024,1,21,19:00,,-6.2,,-10.4,,72,,0.0,,23.0,,10.0,,,,99.52,,,,-11.0,,,Barrie,BARRIE-ORO,42183,6117700
-79.55,44.48,BARRIE-ORO,6117700,2024-01-21 20:00,2024,1,21,20:00,,-7.6,,-11.1,,76,,0.0,,23.0,,9.0,,,,99.52,,,,-12.0,,,Barrie,BARRIE-ORO,42183,6117700
-79.55,44.48,BARRIE-ORO,6117700,2024-01-21 21:00,2024,1,21,21:00,,-8.3,,-11.5,,78,,0.0,,24.0,,10.0,,,,99.48,,,,-13.0,,,Barrie,BARRIE-ORO,42183,6117700
-79.55,44.48,BARRIE-ORO,6117700,2024-01-21 22:00,2024,1,21,22:00,,-8.7,,-11.8,,78,,0.0,,24.0,,10.0,,,,99.45,,,,-14.0,,,Barrie,BARRIE-ORO,42183,6117700
-79.55,44.48,BARRIE-ORO,6117700,2024-01-21 23:00,2024,1,21,23:00,,-8.9,,-11.7,,80,,0.0,,23.0,,9.0,,,,99.4,,,,-14.0,,,Barrie,BARRIE-ORO,42183,6117700
-79.55,44.48,BARRIE-ORO,6117700,2024-01-22 00:00,2024,1,22,00:00,,-9.3,,-11.9,,82,,0.0,,23.0,,8.0,,,,99.38,,,,-14.0,,,Barrie,BARRIE-ORO,42183,6117700
-79.55,44.48,BARRIE-ORO,6117700,2024-01-22 01:00,2024,1,22,01:00,,-10.0,,-12.4,,83,,0.0,,,,0.0,,,,99.35,,,,,,,Barrie,BARRIE-ORO,42183,6117700
-79.55,44.48,BARRIE-ORO,6117700,2024-01-22 02:00,2024,1,22,02:00,,-9.5,,-13.2,,74,,0.0,,23.0,,12.0,,,,99.36,,,,-15.0,,,Barrie,BARRIE-ORO,42183,6117700
-79.55,44.48,BARRIE-ORO,6117700,2024-01-22 03:00,2024,1,22,03:00,,-8.8,,-14.3,,64,,0.0,,24.0,,15.0,,,,99.34,,,,-15.0,,,Barrie,BARRIE-ORO,42183,6117700
-79.55,44.48,BARRIE-ORO,6117700,2024-01-22 04:00,2024,1,22,04:00,,-8.5,,-14.7,,60,,0.0,,23.0,,16.0,,,,99.26,,,,-15.0,,,Barrie,BARRIE-ORO,42183,6117700
-79.55,44.48,BARRIE-ORO,6117700,2024-01-22 05:00,2024,1,22,05:00,,-8.3,,-14.6,,61,,0.0,,22.0,,12.0,,,,99.25,,,,-14.0,,,Barrie,BARRIE-ORO,42183,6117700
-79.55,44.48,BARRIE-ORO,6117700,2024-01-22 06:00,2024,1,22,06:00,,-7.4,,-14.0,,59,,0.0,,23.0,,10.0,,,,99.22,,,,-12.0,,,Barrie,BARRIE-ORO,42183,6117700
-79.55,44.48,BARRIE-ORO,6117700,2024-01-22 07:00,2024,1,22,07:00,,-6.8,,-12.5,,64,,0.0,,22.0,,12.0,,,,99.17,,,,-12.0,,,Barrie,BARRIE-ORO,42183,6117700
-79.55,44.48,BARRIE-ORO,6117700,2024-01-22 08:00,2024,1,22,08:00,,-6.4,,-11.5,,67,,0.0,,21.0,,10.0,,,,99.07,,,,-11.0,,,Barrie,BARRIE-ORO,42183,6117700
-79.55,44.48,BARRIE-ORO,6117700,2024-01-22 09:00,2024,1,22,09:00,,-5.8,,-11.0,,67,,0.0,,20.0,,9.0,,,,99.08,,,,-10.0,,,Barrie,BARRIE-ORO,42183,6117700
-79.55,44.48,BARRIE-ORO,6117700,2024-01-22 10:00,2024,1,22,10:00,,-5.0,,-10.5,,65,,0.0,,19.0,,14.0,,,,99.03,,,,-10.0,,,Barrie,BARRIE-ORO,42183,6117700
-79.55,44.48,BARRIE-ORO,6117700,2024-01-22 11:00,2024,1,22,11:00,,-4.3,,-9.9,,65,,0.0,,21.0,,13.0,,,,98.98,,,,-9.0,,,Barrie,BARRIE-ORO,42183,6117700
-79.55,44.48,BARRIE-ORO,6117700,2024-01-22 12:00,2024,1,22,12:00,,-3.7,,-9.1,,66,,0.0,,23.0,,13.0,,,,98.96,,,,-9.0,,,Barrie,BARRIE-ORO,42183,6117700
-79.55,44.48,BARRIE-ORO,6117700,2024-01-22 13:00,2024,1,22,13:00,,-3.8,,-8.3,,71,,0.0,,18.0,,13.0,,,,98.82,,,,-9.0,,,Barrie,BARRIE-ORO,42183,6117700
-79.55,44.48,BARRIE-ORO,6117700,2024-01-22 14:00,2024,1,22,14:00,,-4.5,,-5.8,,91,,0.8,,19.0,,11.0,,,,98.75,,,,-9.0,,,Barrie,BARRIE-ORO,42183,6117700
-79.55,44.48,BARRIE-ORO,6117700,2024-01-22 15:00,2024,1,22,15:00,,-4.0,,-5.2,,91,,1.8,,20.0,,11.0,,,,98.71,,,,-8.0,,,Barrie,BARRIE-ORO,42183,6117700
-79.55,44.48,BARRIE-ORO,6117700,2024-01-22 16:00,2024,1,22,16:00,,-3.1,,-4.6,,90,,0.3,,21.0,,9.0,,,,98.7,,,,-7.0,,,Barrie,BARRIE-ORO,42183,6117700
-79.55,44.48,BARRIE-ORO,6117700,2024-01-22 17:00,2024,1,22,17:00,,-2.6,,-3.8,,91,,0.2,,23.0,,10.0,,,,98.73,,,,-6.0,,,Barrie,BARRIE-ORO,42183,6117700
-79.55,44.48,BARRIE-ORO,6117700,2024-01-22 18:00,2024,1,22,18:00,,-2.4,,-5.1,,82,,0.1,,25.0,,11.0,,,,98.78,,,,-6.0,,,Barrie,BARRIE-ORO,42183,6117700
-79.55,44.48,BARRIE-ORO,6117700,2024-01-22 19:00,2024,1,22,19:00,,-2.7,,-6.2,,77,,0.0,,26.0,,15.0,,,,98.87,,,,-8.0,,,Barrie,BARRIE-ORO,42183,6117700
-79.55,44.48,BARRIE-ORO,6117700,2024-01-22 20:00,2024,1,22,20:00,,-3.1,,-5.2,,85,,0.0,,26.0,,14.0,,,,98.92,,,,-8.0,,,Barrie,BARRIE-ORO,42183,6117700
-79.55,44.48,BARRIE-ORO,6117700,2024-01-22 21:00,2024,1,22,21:00,,-3.2,,-4.8,,89,,0.0,,25.0,,13.0,,,,98.99,,,,-8.0,,,Barrie,BARRIE-ORO,42183,6117700
-79.55,44.48,BARRIE-ORO,6117700,2024-01-22 22:00,2024,1,22,22:00,,-3.2,,-4.1,,93,,0.0,,24.0,,10.0,,,,99.04,,,,-7.0,,,Barrie,BARRIE-ORO,42183,6117700
-79.55,44.48,BARRIE-ORO,6117700,2024-01-22 23:00,2024,1,22,23:00,,-3.1,,-3.9,,94,,0.0,,24.0,,12.0,,,,99.11,,,,-8.0,,,Barrie,BARRIE-ORO,42183,6117700
-79.55,44.48,BARRIE-ORO,6117700,2024-01-23 00:00,2024,1,23,00:00,,-3.0,,-3.8,,95,,0.0,,24.0,,7.0,,,,99.16,,,,-6.0,,,Barrie,BARRIE-ORO,42183,6117700
-79.55,44.48,BARRIE-ORO,6117700,2024-01-23 01:00,2024,1,23,01:00,,-2.9,,-3.7,,94,,0.0,,23.0,,8.0,,,,99.16,,,,-6.0,,,Barrie,BARRIE-ORO,42183,6117700
-79.55,44.48,BARRIE-ORO,6117700,2024-01-23 02:00,2024,1,23,02:00,,-2.7,,-3.5,,94,,0.0,,23.0,,9.0,,,,99.23,,,,-6.0,,,Barrie,BARRIE-ORO,42183,6117700
-79.55,44.48,BARRIE-ORO,6117700,2024-01-23 03:00,2024,1,23,03:00,,-2.4,,-3.4,,93,,0.0,,24.0,,7.0,,,,99.3,,,,-5.0,,,Barrie,BARRIE-ORO,42183,6117700
-79.55,44.48,BARRIE-ORO,6117700,2024-01-23 04:00,2024,1,23,04:00,,-2.2,,-3.3,,93,,0.0,,23.0,,5.0,,,,99.27,,,,-4.0,,,Barrie,BARRIE-ORO,42183,6117700
-79.55,44.48,BARRIE-ORO,6117700,2024-01-23 05:00,2024,1,23,05:00,,-2.2,,-3.2,,93,,0.0,,21.0,,5.0,,,,99.3,,,,-4.0,,,Barrie,BARRIE-ORO,42183,6117700
-79.55,44.48,BARRIE-ORO,6117700,2024-01-23 06:00,2024,1,23,06:00,,-2.1,,-3.2,,92,,0.0,,25.0,,4.0,,,,99.33,,,,-4.0,,,Barrie,BARRIE-ORO,42183,6117700
-79.55,44.48,BARRIE-ORO,6117700,2024-01-23 07:00,2024,1,23,07:00,,-2.0,,-3.0,,93,,0.0,,25.0,,5.0,,,,99.38,,,,-4.0,,,Barrie,BARRIE-ORO,42183,6117700
-79.55,44.48,BARRIE-ORO,6117700,2024-01-23 08:00,2024,1,23,08:00,,-2.1,,-3.0,,93,,0.0,,27.0,,3.0,,,,99.41,,,,-3.0,,,Barrie,BARRIE-ORO,42183,6117700
-79.55,44.48,BARRIE-ORO,6117700,2024-01-23 09:00,2024,1,23,09:00,,-1.6,,-2.8,,92,,0.0,,,,0.0,,,,99.48,,,,,,,Barrie,BARRIE-ORO,42183,6117700
-79.55,44.48,BARRIE-ORO,6117700,2024-01-23 10:00,2024,1,23,10:00,,-1.4,,-2.6,,92,,0.0,,6.0,,6.0,,,,99.53,,,,-4.0,,,Barrie,BARRIE-ORO,42183,6117700
-79.55,44.48,BARRIE-ORO,6117700,2024-01-23 11:00,2024,1,23,11:00,,-1.2,,-2.5,,91,,0.0,,7.0,,8.0,,,,99.54,,,,-4.0,,,Barrie,BARRIE-ORO,42183,6117700
-79.55,44.48,BARRIE-ORO,6117700,2024-01-23 12:00,2024,1,23,12:00,,-1.1,,-2.5,,90,,0.0,,11.0,,7.0,,,,99.56,,,,-4.0,,,Barrie,BARRIE-ORO,42183,6117700
-79.55,44.48,BARRIE-ORO,6117700,2024-01-23 13:00,2024,1,23,13:00,,-1.3,,-2.6,,91,,0.1,,13.0,,9.0,,,,99.51,,,,-5.0,,,Barrie,BARRIE-ORO,42183,6117700
-79.55,44.48,BARRIE-ORO,6117700,2024-01-23 14:00,2024,1,23,14:00,,-1.2,,-2.3,,92,,0.3,,11.0,,8.0,,,,99.43,,,,-4.0,,,Barrie,BARRIE-ORO,42183,6117700
-79.55,44.48,BARRIE-ORO,6117700,2024-01-23 15:00,2024,1,23,15:00,,-1.3,,-2.1,,94,,0.5,,10.0,,10.0,,,,99.45,,,,-5.0,,,Barrie,BARRIE-ORO,42183,6117700
-79.55,44.48,BARRIE-ORO,6117700,2024-01-23 16:00,2024,1,23,16:00,,-1.3,,-1.8,,96,,0.5,,11.0,,13.0,,,,99.42,,,,-6.0,,,Barrie,BARRIE-ORO,42183,6117700
-79.55,44.48,BARRIE-ORO,6117700,2024-01-23 17:00,2024,1,23,17:00,,-1.2,,-1.7,,97,,0.3,,10.0,,12.0,,,,99.44,,,,-5.0,,,Barrie,BARRIE-ORO,42183,6117700
-79.55,44.48,BARRIE-ORO,6117700,2024-01-23 18:00,2024,1,23,18:00,,-1.2,,-1.5,,97,,0.6,,11.0,,12.0,,,,99.43,,,,-5.0,,,Barrie,BARRIE-ORO,42183,6117700
-79.55,44.48,BARRIE-ORO,6117700,2024-01-23 19:00,2024,1,23,19:00,,-1.2,,-1.6,,97,,0.4,,11.0,,12.0,,,,99.46,,,,-5.0,,,Barrie,BARRIE-ORO,42183,6117700
-79.55,44.48,BARRIE-ORO,6117700,2024-01-23 20:00,2024,1,23,20:00,,-1.3,,-1.7,,97,,0.2,,10.0,,14.0,,,,99.41,,,,-6.0,,,Barrie,BARRIE-ORO,42183,6117700
-79.55,44.48,BARRIE-ORO,6117700,2024-01-23 21:00,2024,1,23,21:00,,-1.4,,-1.8,,97,,0.4,,10.0,,16.0,,,,99.39,,,,-6.0,,,Barrie,BARRIE-ORO,42183,6117700
-79.55,44.48,BARRIE-ORO,6117700,2024-01-23 22:00,2024,1,23,22:00,,-1.5,,-1.9,,97,,0.4,,11.0,,16.0,,,,99.34,,,,-6.0,,,Barrie,BARRIE-ORO,42183,6117700
-79.55,44.48,BARRIE-ORO,6117700,2024-01-23 23:00,2024,1,23,23:00,,-1.7,,-2.1,,97,,0.5,,10.0,,17.0,,,,99.28,,,,-7.0,,,Barrie,BARRIE-ORO,42183,6117700
-79.55,44.48,BARRIE-ORO,6117700,2024-01-24 00:00,2024,1,24,00:00,,-1.7,,-2.2,,97,,0.6,,10.0,,14.0,,,,99.24,,,,-6.0,,,Barrie,BARRIE-ORO,42183,6117700
-79.55,44.48,BARRIE-ORO,6117700,2024-01-24 01:00,2024,1,24,01:00,,-2.3,,-2.8,,96,,0.6,,10.0,,12.0,,,,99.23,,,,-7.0,,,Barrie,BARRIE-ORO,42183,6117700
-79.55,44.48,BARRIE-ORO,6117700,2024-01-24 02:00,2024,1,24,02:00,,-2.8,,-3.4,,96,,0.3,,9.0,,14.0,,,,99.21,,,,-8.0,,,Barrie,BARRIE-ORO,42183,6117700
-79.55,44.48,BARRIE-ORO,6117700,2024-01-24 03:00,2024,1,24,03:00,,-3.0,,-3.6,,96,,0.1,,9.0,,14.0,,,,99.21,,,,-8.0,,,Barrie,BARRIE-ORO,42183,6117700
-79.55,44.48,BARRIE-ORO,6117700,2024-01-24 04:00,2024,1,24,04:00,,-3.2,,-3.9,,95,,0.0,,8.0,,15.0,,,,99.15,,,,-8.0,,,Barrie,BARRIE-ORO,42183,6117700
-79.55,44.48,BARRIE-ORO,6117700,2024-01-24 05:00,2024,1,24,05:00,,-3.2,,-3.9,,95,,0.0,,9.0,,11.0,,,,99.18,,,,-7.0,,,Barrie,BARRIE-ORO,42183,6117700
-79.55,44.48,BARRIE-ORO,6117700,2024-01-24 06:00,2024,1,24,06:00,,-3.4,,-4.1,,95,,0.0,,8.0,,12.0,,,,99.15,,,,-8.0,,,Barrie,BARRIE-ORO,42183,6117700
-79.55,44.48,BARRIE-ORO,6117700,2024-01-24 07:00,2024,1,24,07:00,,-3.5,,-4.1,,95,,0.0,,10.0,,12.0,,,,99.18,,,,-8.0,,,Barrie,BARRIE-ORO,42183,6117700
-79.55,44.48,BARRIE-ORO,6117700,2024-01-24 08:00,2024,1,24,08:00,,-3.6,,-4.1,,96,,0.0,,10.0,,9.0,,,,99.17,,,,-7.0,,,Barrie,BARRIE-ORO,42183,6117700
-79.55,44.48,BARRIE-ORO,6117700,2024-01-24 09:00,2024,1,24,09:00,,-3.3,,-3.6,,97,,0.0,,10.0,,12.0,,,,99.1,,,,-8.0,,,Barrie,BARRIE-ORO,42183,6117700
-79.55,44.48,BARRIE-ORO,6117700,2024-01-24 10:00,2024,1,24,10:00,,-3.1,,-3.5,,97,,0.0,,10.0,,10.0,,,,99.08,,,,-7.0,,,Barrie,BARRIE-ORO,42183,6117700
-79.55,44.48,BARRIE-ORO,6117700,2024-01-24 11:00,2024,1,24,11:00,,-2.9,,-3.3,,97,,0.0,,9.0,,9.0,,,,99.04,,,,-6.0,,,Barrie,BARRIE-ORO,42183,6117700
-79.55,44.48,BARRIE-ORO,6117700,2024-01-24 12:00,2024,1,24,12:00,,-2.6,,-3.1,,97,,0.0,,10.0,,11.0,,,,99.0,,,,-7.0,,,Barrie,BARRIE-ORO,42183,6117700
-79.55,44.48,BARRIE-ORO,6117700,2024-01-24 13:00,2024,1,24,13:00,,-2.4,,-2.8,,97,,0.0,,11.0,,10.0,,,,98.85,,,,-6.0,,,Barrie,BARRIE-ORO,42183,6117700
-79.55,44.48,BARRIE-ORO,6117700,2024-01-24 14:00,2024,1,24,14:00,,-1.7,,-2.1,,98,,0.4,,11.0,,8.0,,,,98.81,,,,-5.0,,,Barrie,BARRIE-ORO,42183,6117700
-79.55,44.48,BARRIE-ORO,6117700,2024-01-24 15:00,2024,1,24,15:00,,-1.4,,-1.7,,98,,0.4,,11.0,,8.0,,,,98.75,,,,-4.0,,,Barrie,BARRIE-ORO,42183,6117700
-79.55,44.48,BARRIE-ORO,6117700,2024-01-24 16:00,2024,1,24,16:00,,-1.1,,-1.4,,98,,0.4,,11.0,,6.0,,,,98.68,,,,-3.0,,,Barrie,BARRIE-ORO,42183,6117700
-79.55,44.48,BARRIE-ORO,6117700,2024-01-24 17:00,2024,1,24,17:00,,-1.0,,-1.2,,98,,0.4,,11.0,,5.0,,,,98.62,,,,-3.0,,,Barrie,BARRIE-ORO,42183,6117700
-79.55,44.48,BARRIE-ORO,6117700,2024-01-24 18:00,2024,1,24,18:00,,-0.8,,-1.0,,98,,0.5,,10.0,,6.0,,,,98.57,,,,-3.0,,,Barrie,BARRIE-ORO,42183,6117700
-79.55,44.48,BARRIE-ORO,6117700,2024-01-24 19:00,2024,1,24,19:00,,-0.7,,-0.9,,99,,0.2,,8.0,,5.0,,,,98.55,,,,-2.0,,,Barrie,BARRIE-ORO,42183,6117700
-79.55,44.48,BARRIE-ORO,6117700,2024-01-24 20:00,2024,1,24,20:00,,-0.4,,-0.6,,99,,0.8,,7.0,,3.0,,,,98.52,,,,-1.0,,,Barrie,BARRIE-ORO,42183,6117700
-79.55,44.48,BARRIE-ORO,6117700,2024-01-24 21:00,2024,1,24,21:00,,-0.3,,-0.5,,98,,0.9,,7.0,,4.0,,,,98.47,,,,-2.0,,,Barrie,BARRIE-ORO,42183,6117700
-79.55,44.48,BARRIE-ORO,6117700,2024-01-24 22:00,2024,1,24,22:00,,-0.1,,-0.3,,98,,0.7,,6.0,,3.0,,,,98.44,,,,-1.0,,,Barrie,BARRIE-ORO,42183,6117700
-79.55,44.48,BARRIE-ORO,6117700,2024-01-24 23:00,2024,1,24,23:00,,-0.1,,-0.3,,98,,0.7,,,,0.0,,,,98.4,,,,,,,Barrie,BARRIE-ORO,42183,6117700
-79.55,44.48,BARRIE-ORO,6117700,2024-01-25 00:00,2024,1,25,00:00,,0.0,,-0.3,,98,,0.3,,,,0.0,,,,98.41,,,,,,,Barrie,BARRIE-ORO,42183,6117700
-79.55,44.48,BARRIE-ORO,6117700,2024-01-25 01:00,2024,1,25,01:00,,0.0,,-0.3,,98,,0.0,,,,0.0,,,,98.34,,,,,,,Barrie,BARRIE-ORO,42183,6117700
-79.55,44.48,BARRIE-ORO,6117700,2024-01-25 02:00,2024,1,25,02:00,,0.0,,-0.2,,98,,0.0,,,,0.0,,,,98.43,,,,,,,Barrie,BARRIE-ORO,42183,6117700
-79.55,44.48,BARRIE-ORO,6117700,2024-01-25 03:00,2024,1,25,03:00,,0.1,,-0.1,,98,,0.0,,,,0.0,,,,98.44,,,,,,,Barrie,BARRIE-ORO,42183,6117700
-79.55,44.48,BARRIE-ORO,6117700,2024-01-25 04:00,2024,1,25,04:00,,0.2,,-0.1,,98,,0.0,,,,0.0,,,,98.5,,,,,,,Barrie,BARRIE-ORO,42183,6117700
-79.55,44.48,BARRIE-ORO,6117700,2024-01-25 05:00,2024,1,25,05:00,,0.1,,-0.2,,98,,0.0,,,,0.0,,,,98.52,,,,,,,Barrie,BARRIE-ORO,42183,6117700
-79.55,44.48,BARRIE-ORO,6117700,2024-01-25 06:00,2024,1,25,06:00,,0.1,,-0.1,,99,,0.0,,,,0.0,,,,98.58,,,,,,,Barrie,BARRIE-ORO,42183,6117700
-79.55,44.48,BARRIE-ORO,6117700,2024-01-25 07:00,2024,1,25,07:00,,0.1,,-0.1,,99,,0.0,,,,0.0,,,,98.61,,,,,,,Barrie,BARRIE-ORO,42183,6117700
-79.55,44.48,BARRIE-ORO,6117700,2024-01-25 08:00,2024,1,25,08:00,,0.4,,0.2,,98,,0.0,,,,0.0,,,,98.71,,,,,,,Barrie,BARRIE-ORO,42183,6117700
-79.55,44.48,BARRIE-ORO,6117700,2024-01-25 09:00,2024,1,25,09:00,,0.6,,0.2,,97,,0.0,,,M,0.0,,,,98.71,,,,,,,Barrie,BARRIE-ORO,42183,6117700
-79.55,44.48,BARRIE-ORO,6117700,2024-01-25 10:00,2024,1,25,10:00,,0.8,,0.1,,95,,1.1,,,M,6.0,,,,98.73,,,,,,,Barrie,BARRIE-ORO,42183,6117700
-79.55,44.48,BARRIE-ORO,6117700,2024-01-25 11:00,2024,1,25,11:00,,1.0,,0.2,,94,,0.0,,,M,6.0,,,,98.78,,,,,,,Barrie,BARRIE-ORO,42183,6117700
-79.55,44.48,BARRIE-ORO,6117700,2024-01-25 12:00,2024,1,25,12:00,,1.2,,0.3,,94,,0.0,,,,,M,,,98.75,,,,,,,Barrie,BARRIE-ORO,42183,6117700
-79.55,44.48,BARRIE-ORO,6117700,2024-01-25 13:00,2024,1,25,13:00,,1.2,,0.3,,94,,0.0,,9.0,,6.0,,,,98.72,,,,,,,Barrie,BARRIE-ORO,42183,6117700
-79.55,44.48,BARRIE-ORO,6117700,2024-01-25 14:00,2024,1,25,14:00,,1.3,,0.4,,94,,0.0,,12.0,,6.0,,,,98.74,,,,,,,Barrie,BARRIE-ORO,42183,6117700
-79.55,44.48,BARRIE-ORO,6117700,2024-01-25 15:00,2024,1,25,15:00,,1.2,,0.4,,95,,0.0,,6.0,,6.0,,,,98.72,,,,,,,Barrie,BARRIE-ORO,42183,6117700
-79.55,44.48,BARRIE-ORO,6117700,2024-01-25 16:00,2024,1,25,16:00,,1.2,,0.8,,97,,0.0,,9.0,,9.0,,,,98.68,,,,,,,Barrie,BARRIE-ORO,42183,6117700
-79.55,44.48,BARRIE-ORO,6117700,2024-01-25 17:00,2024,1,25,17:00,,1.0,,0.8,,98,,0.0,,11.0,,10.0,,,,98.72,,,,,,,Barrie,BARRIE-ORO,42183,6117700
-79.55,44.48,BARRIE-ORO,6117700,2024-01-25 18:00,2024,1,25,18:00,,1.0,,0.9,,99,,0.0,,11.0,,8.0,,,,98.75,,,,,,,Barrie,BARRIE-ORO,42183,6117700
-79.55,44.48,BARRIE-ORO,6117700,2024-01-25 19:00,2024,1,25,19:00,,0.8,,0.7,,99,,0.0,,10.0,,8.0,,,,98.74,,,,,,,Barrie,BARRIE-ORO,42183,6117700
-79.55,44.48,BARRIE-ORO,6117700,2024-01-25 20:00,2024,1,25,20:00,,0.7,,0.6,,99,,0.0,,9.0,,8.0,,,,98.71,,,,,,,Barrie,BARRIE-ORO,42183,6117700
-79.55,44.48,BARRIE-ORO,6117700,2024-01-25 21:00,2024,1,25,21:00,,0.7,,0.6,,99,,0.0,,10.0,,12.0,,,,98.67,,,,,,,Barrie,BARRIE-ORO,42183,6117700
-79.55,44.48,BARRIE-ORO,6117700,2024-01-25 22:00,2024,1,25,22:00,,0.9,,0.7,,99,,0.0,,10.0,,13.0,,,,98.64,,,,,,,Barrie,BARRIE-ORO,42183,6117700
-79.55,44.48,BARRIE-ORO,6117700,2024-01-25 23:00,2024,1,25,23:00,,0.8,,0.5,,98,,0.0,,9.0,,11.0,,,,98.6,,,,,,,Barrie,BARRIE-ORO,42183,6117700
-79.55,44.48,BARRIE-ORO,6117700,2024-01-26 00:00,2024,1,26,00:00,,0.8,,0.4,,98,,0.0,,8.0,,12.0,,,,98.55,,,,,,,Barrie,BARRIE-ORO,42183,6117700
-79.55,44.48,BARRIE-ORO,6117700,2024-01-26 01:00,2024,1,26,01:00,,0.6,,0.4,,98,,0.0,,6.0,,14.0,,,,98.39,,,,,,,Barrie,BARRIE-ORO,42183,6117700
-79.55,44.48,BARRIE-ORO,6117700,2024-01-26 02:00,2024,1,26,02:00,,0.5,,0.3,,99,,0.0,,7.0,,14.0,,,,98.28,,,,,,,Barrie,BARRIE-ORO,42183,6117700
-79.55,44.48,BARRIE-ORO,6117700,2024-01-26 03:00,2024,1,26,03:00,,0.5,,0.2,,98,,0.0,,6.0,,16.0,,,,98.21,,,,,,,Barrie,BARRIE-ORO,42183,6117700
-79.55,44.48,BARRIE-ORO,6117700,2024-01-26 04:00,2024,1,26,04:00,,0.5,,0.2,,98,,0.0,,5.0,,17.0,,,,98.07,,,,,,,Barrie,BARRIE-ORO,42183,6117700
-79.55,44.48,BARRIE-ORO,6117700,2024-01-26 05:00,2024,1,26,05:00,,0.6,,0.2,,97,,0.0,,8.0,,18.0,,,,97.98,,,,,,,Barrie,BARRIE-ORO,42183,6117700
-79.55,44.48,BARRIE-ORO,6117700,2024-01-26 06:00,2024,1,26,06:00,,0.5,,0.1,,97,,0.7,,5.0,,16.0,,,,97.93,,,,,,,Barrie,BARRIE-ORO,42183,6117700
-79.55,44.48,BARRIE-ORO,6117700,2024-01-26 07:00,2024,1,26,07:00,,0.6,,0.1,,97,,2.2,,6.0,,15.0,,,,97.98,,,,,,,Barrie,BARRIE-ORO,42183,6117700
-79.55,44.48,BARRIE-ORO,6117700,2024-01-26 08:00,2024,1,26,08:00,,0.6,,0.1,,97,,2.9,,4.0,,14.0,,,,98.06,,,,,,,Barrie,BARRIE-ORO,42183,6117700
-79.55,44.48,BARRIE-ORO,6117700,2024-01-26 09:00,2024,1,26,09:00,,0.6,,0.1,,96,,2.7,,35.0,,18.0,,,,98.17,,,,,,,Barrie,BARRIE-ORO,42183,6117700
-79.55,44.48,BARRIE-ORO,6117700,2024-01-26 10:00,2024,1,26,10:00,,0.7,,0.0,,95,,1.9,,36.0,,17.0,,,,98.27,,,,,,,Barrie,BARRIE-ORO,42183,6117700
-79.55,44.48,BARRIE-ORO,6117700,2024-01-26 11:00,2024,1,26,11:00,,0.8,,0.0,,94,,1.2,,36.0,,20.0,,,,98.32,,,,,,,Barrie,BARRIE-ORO,42183,6117700
-79.55,44.48,BARRIE-ORO,6117700,2024-01-26 12:00,2024,1,26,12:00,,1.2,,0.1,,92,,0.4,,1.0,,22.0,,,,98.24,,,,,,,Barrie,BARRIE-ORO,42183,6117700
-79.55,44.48,BARRIE-ORO,6117700,2024-01-26 13:00,2024,1,26,13:00,,1.4,,0.5,,94,,0.0,,1.0,,17.0,,,,98.15,,,,,,,Barrie,BARRIE-ORO,42183,6117700
-79.55,44.48,BARRIE-ORO,6117700,2024-01-26 14:00,2024,1,26,14:00,,1.5,,0.8,,95,,0.0,,31.0,,7.0,,,,98.26,,,,,,,Barrie,BARRIE-ORO,42183,6117700
-79.55,44.48,BARRIE-ORO,6117700,2024-01-26 15:00,2024,1,26,15:00,,1.1,,0.6,,97,,0.0,,34.0,,8.0,,,,98.32,,,,,,,Barrie,BARRIE-ORO,42183,6117700
-79.55,44.48,BARRIE-ORO,6117700,2024-01-26 16:00,2024,1,26,16:00,,1.1,,0.7,,97,,0.0,,31.0,,5.0,,,,98.46,,,,,,,Barrie,BARRIE-ORO,42183,6117700
-79.55,44.48,BARRIE-ORO,6117700,2024-01-26 17:00,2024,1,26,17:00,,1.0,,0.7,,98,,0.0,,29.0,,7.0,,,,98.51,,,,,,,Barrie,BARRIE-ORO,42183,6117700
-79.55,44.48,BARRIE-ORO,6117700,2024-01-26 18:00,2024,1,26,18:00,,0.9,,0.6,,97,,0.0,,31.0,,7.0,,,,98.62,,,,,,,Barrie,BARRIE-ORO,42183,6117700
-79.55,44.48,BARRIE-ORO,6117700,2024-01-26 19:00,2024,1,26,19:00,,0.9,,0.6,,98,,0.0,,32.0,,5.0,,,,98.67,,,,,,,Barrie,BARRIE-ORO,42183,6117700
-79.55,44.48,BARRIE-ORO,6117700,2024-01-26 20:00,2024,1,26,20:00,,0.9,,0.5,,97,,0.0,,36.0,,3.0,,,,98.73,,,,,,,Barrie,BARRIE-ORO,42183,6117700
-79.55,44.48,BARRIE-ORO,6117700,2024-01-26 21:00,2024,1,26,21:00,,0.7,,0.3,,98,,0.0,,1.0,,4.0,,,,98.7,,,,,,,Barrie,BARRIE-ORO,42183,6117700
-79.55,44.48,BARRIE-ORO,6117700,2024-01-26 22:00,2024,1,26,22:00,,0.5,,0.3,,98,,0.0,,32.0,,3.0,,,,98.73,,,,,,,Barrie,BARRIE-ORO,42183,6117700
-79.55,44.48,BARRIE-ORO,6117700,2024-01-26 23:00,2024,1,26,23:00,,0.4,,0.2,,99,,0.0,,,,0.0,,,,98.72,,,,,,,Barrie,BARRIE-ORO,42183,6117700
-79.55,44.48,BARRIE-ORO,6117700,2024-01-27 00:00,2024,1,27,00:00,,0.5,,0.3,,99,,0.0,,2.0,,3.0,,,,98.72,,,,,,,Barrie,BARRIE-ORO,42183,6117700
-79.55,44.48,BARRIE-ORO,6117700,2024-01-27 01:00,2024,1,27,01:00,,0.4,,0.3,,99,,0.0,,,,0.0,,,,98.72,,,,,,,Barrie,BARRIE-ORO,42183,6117700
-79.55,44.48,BARRIE-ORO,6117700,2024-01-27 02:00,2024,1,27,02:00,,0.4,,0.3,,99,,0.1,,,,0.0,,,,98.71,,,,,,,Barrie,BARRIE-ORO,42183,6117700
-79.55,44.48,BARRIE-ORO,6117700,2024-01-27 03:00,2024,1,27,03:00,,0.3,,0.2,,99,,0.0,,,,0.0,,,,98.72,,,,,,,Barrie,BARRIE-ORO,42183,6117700
-79.55,44.48,BARRIE-ORO,6117700,2024-01-27 04:00,2024,1,27,04:00,,0.3,,0.2,,99,,0.0,,1.0,,4.0,,,,98.73,,,,,,,Barrie,BARRIE-ORO,42183,6117700
-79.55,44.48,BARRIE-ORO,6117700,2024-01-27 05:00,2024,1,27,05:00,,0.3,,0.2,,99,,0.0,,,,0.0,,,,98.74,,,,,,,Barrie,BARRIE-ORO,42183,6117700
-79.55,44.48,BARRIE-ORO,6117700,2024-01-27 06:00,2024,1,27,06:00,,0.2,,0.1,,99,,0.0,,,,0.0,,,,98.75,,,,,,,Barrie,BARRIE-ORO,42183,6117700
-79.55,44.48,BARRIE-ORO,6117700,2024-01-27 07:00,2024,1,27,07:00,,0.2,,0.1,,99,,0.0,,31.0,,4.0,,,,98.8,,,,,,,Barrie,BARRIE-ORO,42183,6117700
-79.55,44.48,BARRIE-ORO,6117700,2024-01-27 08:00,2024,1,27,08:00,,0.2,,0.1,,99,,0.0,,,,0.0,,,,98.84,,,,,,,Barrie,BARRIE-ORO,42183,6117700
-79.55,44.48,BARRIE-ORO,6117700,2024-01-27 09:00,2024,1,27,09:00,,0.4,,0.3,,99,,0.0,,,,0.0,,,,98.87,,,,,,,Barrie,BARRIE-ORO,42183,6117700
-79.55,44.48,BARRIE-ORO,6117700,2024-01-27 10:00,2024,1,27,10:00,,0.6,,0.5,,99,,0.0,,27.0,,4.0,,,,98.91,,,,,,,Barrie,BARRIE-ORO,42183,6117700
-79.55,44.48,BARRIE-ORO,6117700,2024-01-27 11:00,2024,1,27,11:00,,0.9,,-0.5,,91,,0.0,,26.0,,7.0,,,,98.9,,,,,,,Barrie,BARRIE-ORO,42183,6117700
-79.55,44.48,BARRIE-ORO,6117700,2024-01-27 12:00,2024,1,27,12:00,,0.8,,-0.6,,91,,0.0,,32.0,,8.0,,,,98.86,,,,,,,Barrie,BARRIE-ORO,42183,6117700
-79.55,44.48,BARRIE-ORO,6117700,2024-01-27 13:00,2024,1,27,13:00,,0.8,,-0.4,,92,,0.0,,35.0,,8.0,,,,98.78,,,,,,,Barrie,BARRIE-ORO,42183,6117700
-79.55,44.48,BARRIE-ORO,6117700,2024-01-27 14:00,2024,1,27,14:00,,0.9,,-0.5,,91,,0.0,,28.0,,7.0,,,,98.76,,,,,,,Barrie,BARRIE-ORO,42183,6117700
-79.55,44.48,BARRIE-ORO,6117700,2024-01-27 15:00,2024,1,27,15:00,,1.1,,-0.4,,89,,0.0,,27.0,,5.0,,,,98.71,,,,,,,Barrie,BARRIE-ORO,42183,6117700
-79.55,44.48,BARRIE-ORO,6117700,2024-01-27 16:00,2024,1,27,16:00,,0.8,,-0.3,,92,,0.0,,,,0.0,,,,98.76,,,,,,,Barrie,BARRIE-ORO,42183,6117700
-79.55,44.48,BARRIE-ORO,6117700,2024-01-27 17:00,2024,1,27,17:00,,0.4,,-0.4,,94,,0.0,,,,0.0,,,,98.71,,,,,,,Barrie,BARRIE-ORO,42183,6117700
-79.55,44.48,BARRIE-ORO,6117700,2024-01-27 18:00,2024,1,27,18:00,,0.2,,-0.7,,94,,0.0,,26.0,,3.0,,,,98.72,,,,,,,Barrie,BARRIE-ORO,42183,6117700
-79.55,44.48,BARRIE-ORO,6117700,2024-01-27 19:00,2024,1,27,19:00,,0.2,,-0.5,,95,,0.0,,,,0.0,,,,98.76,,,,,,,Barrie,BARRIE-ORO,42183,6117700
-79.55,44.48,BARRIE-ORO,6117700,2024-01-27 20:00,2024,1,27,20:00,,0.2,,-0.5,,95,,0.0,,2.0,,4.0,,,,98.68,,,,,,,Barrie,BARRIE-ORO,42183,6117700
-79.55,44.48,BARRIE-ORO,6117700,2024-01-27 21:00,2024,1,27,21:00,,0.0,,-0.7,,95,,0.0,,5.0,,6.0,,,,98.63,,,,-2.0,,,Barrie,BARRIE-ORO,42183,6117700
-79.55,44.48,BARRIE-ORO,6117700,2024-01-27 22:00,2024,1,27,22:00,,-0.1,,-0.6,,96,,0.0,,2.0,,8.0,,,,98.58,,,,-3.0,,,Barrie,BARRIE-ORO,42183,6117700
-79.55,44.48,BARRIE-ORO,6117700,2024-01-27 23:00,2024,1,27,23:00,,0.1,,-1.1,,92,,0.0,,7.0,,8.0,,,,98.57,,,,,,,Barrie,BARRIE-ORO,42183,6117700
-79.55,44.48,BARRIE-ORO,6117700,2024-01-28 00:00,2024,1,28,00:00,,-0.1,,-0.7,,95,,0.0,,6.0,,10.0,,,,98.49,,,,-3.0,,,Barrie,BARRIE-ORO,42183,6117700
-79.55,44.48,BARRIE-ORO,6117700,2024-01-28 01:00,2024,1,28,01:00,,-0.1,,-0.8,,94,,0.0,,8.0,,9.0,,,,98.46,,,,-3.0,,,Barrie,BARRIE-ORO,42183,6117700
-79.55,44.48,BARRIE-ORO,6117700,2024-01-28 02:00,2024,1,28,02:00,,-0.1,,-0.6,,97,,0.0,,6.0,,6.0,,,,98.42,,,,-2.0,,,Barrie,BARRIE-ORO,42183,6117700
-79.55,44.48,BARRIE-ORO,6117700,2024-01-28 03:00,2024,1,28,03:00,,0.0,,-0.8,,94,,0.0,,6.0,,10.0,,,,98.37,,,,-3.0,,,Barrie,BARRIE-ORO,42183,6117700
-79.55,44.48,BARRIE-ORO,6117700,2024-01-28 04:00,2024,1,28,04:00,,-0.1,,-1.0,,94,,0.0,,5.0,,13.0,,,,98.25,,,,-4.0,,,Barrie,BARRIE-ORO,42183,6117700
-79.55,44.48,BARRIE-ORO,6117700,2024-01-28 05:00,2024,1,28,05:00,,-0.3,,-1.4,,93,,0.0,,5.0,,15.0,,,,98.15,,,,-5.0,,,Barrie,BARRIE-ORO,42183,6117700
-79.55,44.48,BARRIE-ORO,6117700,2024-01-28 06:00,2024,1,28,06:00,,-0.8,,-1.6,,95,,0.0,,4.0,,14.0,,,,98.01,,,,-5.0,,,Barrie,BARRIE-ORO,42183,6117700
-79.55,44.48,BARRIE-ORO,6117700,2024-01-28 07:00,2024,1,28,07:00,,-1.0,,-1.7,,95,,0.0,,6.0,,9.0,,,,98.13,,,,-4.0,,,Barrie,BARRIE-ORO,42183,6117700
-79.55,44.48,BARRIE-ORO,6117700,2024-01-28 08:00,2024,1,28,08:00,,-0.5,,-1.3,,94,,0.0,,5.0,,12.0,,,,98.16,,,,-4.0,,,Barrie,BARRIE-ORO,42183,6117700
-79.55,44.48,BARRIE-ORO,6117700,2024-01-28 09:00,2024,1,28,09:00,,-0.1,,-1.3,,91,,0.0,,5.0,,13.0,,,,98.11,,,,-4.0,,,Barrie,BARRIE-ORO,42183,6117700
-79.55,44.48,BARRIE-ORO,6117700,2024-01-28 10:00,2024,1,28,10:00,,0.8,,-1.5,,84,,0.0,,5.0,,18.0,,,,98.05,,,,,,,Barrie,BARRIE-ORO,42183,6117700
-79.55,44.48,BARRIE-ORO,6117700,2024-01-28 11:00,2024,1,28,11:00,,0.2,,-1.4,,89,,0.0,,4.0,,17.0,,,,98.01,,,,,,,Barrie,BARRIE-ORO,42183,6117700
-79.55,44.48,BARRIE-ORO,6117700,2024-01-28 12:00,2024,1,28,12:00,,0.2,,-1.2,,91,,0.0,,3.0,,13.0,,,,97.95,,,,,,,Barrie,BARRIE-ORO,42183,6117700
-79.55,44.48,BARRIE-ORO,6117700,2024-01-28 13:00,2024,1,28,13:00,,0.5,,-0.9,,91,,0.0,,3.0,,12.0,,,,97.87,,,,,,,Barrie,BARRIE-ORO,42183,6117700
-79.55,44.48,BARRIE-ORO,6117700,2024-01-28 14:00,2024,1,28,14:00,,1.0,,-1.8,,81,,0.0,,5.0,,14.0,,,,97.83,,,,,,,Barrie,BARRIE-ORO,42183,6117700
-79.55,44.48,BARRIE-ORO,6117700,2024-01-28 15:00,2024,1,28,15:00,,0.8,,-0.5,,91,,0.0,,3.0,,9.0,,,,97.84,,,,,,,Barrie,BARRIE-ORO,42183,6117700
-79.55,44.48,BARRIE-ORO,6117700,2024-01-28 16:00,2024,1,28,16:00,,1.0,,-1.0,,86,,0.0,,36.0,,6.0,,,,97.88,,,,,,,Barrie,BARRIE-ORO,42183,6117700
-79.55,44.48,BARRIE-ORO,6117700,2024-01-28 17:00,2024,1,28,17:00,,1.3,,-1.7,,80,,0.0,,35.0,,9.0,,,,97.88,,,,,,,Barrie,BARRIE-ORO,42183,6117700
-79.55,44.48,BARRIE-ORO,6117700,2024-01-28 18:00,2024,1,28,18:00,,1.4,,-1.5,,81,,0.0,,33.0,,8.0,,,,97.93,,,,,,,Barrie,BARRIE-ORO,42183,6117700
-79.55,44.48,BARRIE-ORO,6117700,2024-01-28 19:00,2024,1,28,19:00,,1.4,,-1.5,,81,,0.0,,34.0,,9.0,,,,97.92,,,,,,,Barrie,BARRIE-ORO,42183,6117700
-79.55,44.48,BARRIE-ORO,6117700,2024-01-28 20:00,2024,1,28,20:00,,1.2,,-1.3,,83,,0.0,,34.0,,11.0,,,,97.94,,,,,,,Barrie,BARRIE-ORO,42183,6117700
-79.55,44.48,BARRIE-ORO,6117700,2024-01-28 21:00,2024,1,28,21:00,,0.7,,-0.9,,89,,0.0,,34.0,,12.0,,,,97.94,,,,,,,Barrie,BARRIE-ORO,42183,6117700
-79.55,44.48,BARRIE-ORO,6117700,2024-01-28 22:00,2024,1,28,22:00,,0.5,,-1.4,,87,,0.0,,33.0,,11.0,,,,97.94,,,,,,,Barrie,BARRIE-ORO,42183,6117700
-79.55,44.48,BARRIE-ORO,6117700,2024-01-28 23:00,2024,1,28,23:00,,0.1,,-1.4,,89,,0.0,,34.0,,13.0,,,,97.95,,,,,,,Barrie,BARRIE-ORO,42183,6117700
-79.55,44.48,BARRIE-ORO,6117700,2024-01-29 00:00,2024,1,29,00:00,,-0.2,,-2.0,,87,,0.0,,34.0,,12.0,,,,97.97,,,,-4.0,,,Barrie,BARRIE-ORO,42183,6117700
-79.55,44.48,BARRIE-ORO,6117700,2024-01-29 01:00,2024,1,29,01:00,,-0.8,,-2.1,,91,,0.0,,33.0,,14.0,,,,97.97,,,,-5.0,,,Barrie,BARRIE-ORO,42183,6117700
-79.55,44.48,BARRIE-ORO,6117700,2024-01-29 02:00,2024,1,29,02:00,,-1.3,,-2.2,,93,,0.1,,33.0,,10.0,,,,97.99,,,,-5.0,,,Barrie,BARRIE-ORO,42183,6117700
-79.55,44.48,BARRIE-ORO,6117700,2024-01-29 03:00,2024,1,29,03:00,,-1.6,,-3.7,,86,,0.0,,32.0,,14.0,,,,98.04,,,,-6.0,,,Barrie,BARRIE-ORO,42183,6117700
-79.55,44.48,BARRIE-ORO,6117700,2024-01-29 04:00,2024,1,29,04:00,,-2.0,,-4.2,,85,,0.0,,34.0,,22.0,,,,98.04,,,,-8.0,,,Barrie,BARRIE-ORO,42183,6117700
-79.55,44.48,BARRIE-ORO,6117700,2024-01-29 05:00,2024,1,29,05:00,,-2.0,,-4.1,,86,,0.0,,34.0,,13.0,,,,98.07,,,,-6.0,,,Barrie,BARRIE-ORO,42183,6117700
-79.55,44.48,BARRIE-ORO,6117700,2024-01-29 06:00,2024,1,29,06:00,,-2.1,,-4.2,,85,,0.0,,34.0,,13.0,,,,98.1,,,,-7.0,,,Barrie,BARRIE-ORO,42183,6117700
-79.55,44.48,BARRIE-ORO,6117700,2024-01-29 07:00,2024,1,29,07:00,,-2.2,,-4.3,,86,,0.0,,32.0,,16.0,,,,98.17,,,,-7.0,,,Barrie,BARRIE-ORO,42183,6117700
-79.55,44.48,BARRIE-ORO,6117700,2024-01-29 08:00,2024,1,29,08:00,,-2.5,,-4.4,,87,,0.0,,34.0,,13.0,,,,98.21,,,,-7.0,,,Barrie,BARRIE-ORO,42183,6117700
-79.55,44.48,BARRIE-ORO,6117700,2024-01-29 09:00,2024,1,29,09:00,,-2.3,,-4.4,,85,,0.0,,34.0,,11.0,,,,98.28,,,,-6.0,,,Barrie,BARRIE-ORO,42183,6117700
-79.55,44.48,BARRIE-ORO,6117700,2024-01-29 10:00,2024,1,29,10:00,,-2.1,,-4.6,,83,,0.0,,36.0,,12.0,,,,98.31,,,,-6.0,,,Barrie,BARRIE-ORO,42183,6117700
-79.55,44.48,BARRIE-ORO,6117700,2024-01-29 11:00,2024,1,29,11:00,,-1.4,,-4.8,,77,,0.0,,2.0,,10.0,,,,98.35,,,,-5.0,,,Barrie,BARRIE-ORO,42183,6117700
-79.55,44.48,BARRIE-ORO,6117700,2024-01-29 12:00,2024,1,29,12:00,,-0.6,,-4.6,,74,,0.0,,29.0,,11.0,,,,98.33,,,,-4.0,,,Barrie,BARRIE-ORO,42183,6117700
-79.55,44.48,BARRIE-ORO,6117700,2024-01-29 13:00,2024,1,29,13:00,,0.7,,-4.6,,67,,0.0,,27.0,,9.0,,,,98.29,,,,,,,Barrie,BARRIE-ORO,42183,6117700
-79.55,44.48,BARRIE-ORO,6117700,2024-01-29 14:00,2024,1,29,14:00,,1.2,,-4.2,,67,,0.0,,28.0,,10.0,,,,98.25,,,,,,,Barrie,BARRIE-ORO,42183,6117700
-79.55,44.48,BARRIE-ORO,6117700,2024-01-29 15:00,2024,1,29,15:00,,1.5,,-4.3,,65,,0.0,,28.0,,9.0,,,,98.23,,,,,,,Barrie,BARRIE-ORO,42183,6117700
-79.55,44.48,BARRIE-ORO,6117700,2024-01-29 16:00,2024,1,29,16:00,,1.4,,-4.0,,67,,0.0,,27.0,,9.0,,,,98.25,,,,,,,Barrie,BARRIE-ORO,42183,6117700
-79.55,44.48,BARRIE-ORO,6117700,2024-01-29 17:00,2024,1,29,17:00,,0.4,,-3.7,,74,,0.0,,27.0,,9.0,,,,98.29,,,,,,,Barrie,BARRIE-ORO,42183,6117700
-79.55,44.48,BARRIE-ORO,6117700,2024-01-29 18:00,2024,1,29,18:00,,-1.6,,-3.7,,85,,0.0,,28.0,,6.0,,,,98.33,,,,-4.0,,,Barrie,BARRIE-ORO,42183,6117700
-79.55,44.48,BARRIE-ORO,6117700,2024-01-29 19:00,2024,1,29,19:00,,-3.9,,-5.6,,88,,0.0,,,,0.0,,,,98.33,,,,,,,Barrie,BARRIE-ORO,42183,6117700
-79.55,44.48,BARRIE-ORO,6117700,2024-01-29 20:00,2024,1,29,20:00,,-4.7,,-5.6,,94,,0.0,,28.0,,4.0,,,,98.35,,,,-6.0,,,Barrie,BARRIE-ORO,42183,6117700
-79.55,44.48,BARRIE-ORO,6117700,2024-01-29 21:00,2024,1,29,21:00,,-5.3,,-5.8,,96,,0.0,,,,0.0,,,,98.34,,,,,,,Barrie,BARRIE-ORO,42183,6117700
-79.55,44.48,BARRIE-ORO,6117700,2024-01-29 22:00,2024,1,29,22:00,,-5.2,,-5.8,,95,,0.0,,,,0.0,,,,98.32,,,,,,,Barrie,BARRIE-ORO,42183,6117700
-79.55,44.48,BARRIE-ORO,6117700,2024-01-29 23:00,2024,1,29,23:00,,-5.5,,-6.1,,96,,0.0,,,,0.0,,,,98.27,,,,,,,Barrie,BARRIE-ORO,42183,6117700
-79.55,44.48,BARRIE-ORO,6117700,2024-01-30 00:00,2024,1,30,00:00,,-4.1,,-4.8,,95,,0.0,,18.0,,4.0,,,,98.25,,,,-6.0,,,Barrie,BARRIE-ORO,42183,6117700
-79.55,44.48,BARRIE-ORO,6117700,2024-01-30 01:00,2024,1,30,01:00,,-3.3,,-3.9,,96,,0.0,,15.0,,6.0,,,,98.2,,,,-6.0,,,Barrie,BARRIE-ORO,42183,6117700
-79.55,44.48,BARRIE-ORO,6117700,2024-01-30 02:00,2024,1,30,02:00,,-2.4,,-3.0,,95,,0.0,,17.0,,7.0,,,,98.2,,,,-5.0,,,Barrie,BARRIE-ORO,42183,6117700
-79.55,44.48,BARRIE-ORO,6117700,2024-01-30 03:00,2024,1,30,03:00,,-1.6,,-2.7,,92,,0.0,,16.0,,7.0,,,,98.2,,,,-4.0,,,Barrie,BARRIE-ORO,42183,6117700
-79.55,44.48,BARRIE-ORO,6117700,2024-01-30 04:00,2024,1,30,04:00,,-1.0,,-2.2,,92,,0.0,,17.0,,13.0,,,,98.17,,,,-5.0,,,Barrie,BARRIE-ORO,42183,6117700
-79.55,44.48,BARRIE-ORO,6117700,2024-01-30 05:00,2024,1,30,05:00,,-1.1,,-2.5,,91,,0.0,,18.0,,14.0,,,,98.16,,,,-6.0,,,Barrie,BARRIE-ORO,42183,6117700
-79.55,44.48,BARRIE-ORO,6117700,2024-01-30 06:00,2024,1,30,06:00,,-1.3,,-2.4,,92,,0.0,,17.0,,18.0,,,,98.17,,,,-7.0,,,Barrie,BARRIE-ORO,42183,6117700
-79.55,44.48,BARRIE-ORO,6117700,2024-01-30 07:00,2024,1,30,07:00,,-1.1,,-2.2,,92,,0.0,,18.0,,19.0,,,,98.18,,,,-6.0,,,Barrie,BARRIE-ORO,42183,6117700
-79.55,44.48,BARRIE-ORO,6117700,2024-01-30 08:00,2024,1,30,08:00,,-0.7,,-2.3,,89,,0.0,,18.0,,20.0,,,,98.22,,,,-6.0,,,Barrie,BARRIE-ORO,42183,6117700
-79.55,44.48,BARRIE-ORO,6117700,2024-01-30 09:00,2024,1,30,09:00,,-0.6,,-2.7,,86,,0.0,,18.0,,19.0,,,,98.26,,,,-6.0,,,Barrie,BARRIE-ORO,42183,6117700
-79.55,44.48,BARRIE-ORO,6117700,2024-01-30 10:00,2024,1,30,10:00,,-0.5,,-2.3,,87,,0.0,,16.0,,16.0,,,,98.22,,,,-5.0,,,Barrie,BARRIE-ORO,42183,6117700
-79.55,44.48,BARRIE-ORO,6117700,2024-01-30 11:00,2024,1,30,11:00,,-0.2,,-2.1,,87,,0.0,,14.0,,17.0,,,,98.21,,,,-5.0,,,Barrie,BARRIE-ORO,42183,6117700
-79.55,44.48,BARRIE-ORO,6117700,2024-01-30 12:00,2024,1,30,12:00,,-0.1,,-2.1,,86,,0.0,,15.0,,18.0,,,,98.15,,,,-5.0,,,Barrie,BARRIE-ORO,42183,6117700
-79.55,44.48,BARRIE-ORO,6117700,2024-01-30 13:00,2024,1,30,13:00,,0.3,,-2.0,,85,,0.0,,17.0,,15.0,,,,98.14,,,,,,,Barrie,BARRIE-ORO,42183,6117700
-79.55,44.48,BARRIE-ORO,6117700,2024-01-30 14:00,2024,1,30,14:00,,0.4,,-2.3,,82,,0.0,,16.0,,16.0,,,,98.11,,,,,,,Barrie,BARRIE-ORO,42183,6117700
-79.55,44.48,BARRIE-ORO,6117700,2024-01-30 15:00,2024,1,30,15:00,,0.3,,-2.3,,83,,0.0,,15.0,,16.0,,,,98.11,,,,,,,Barrie,BARRIE-ORO,42183,6117700
-79.55,44.48,BARRIE-ORO,6117700,2024-01-30 16:00,2024,1,30,16:00,,0.2,,-2.1,,85,,0.0,,15.0,,13.0,,,,98.09,,,,,,,Barrie,BARRIE-ORO,42183,6117700
-79.55,44.48,BARRIE-ORO,6117700,2024-01-30 17:00,2024,1,30,17:00,,0.1,,-2.1,,85,,0.0,,15.0,,12.0,,,,98.12,,,,,,,Barrie,BARRIE-ORO,42183,6117700
-79.55,44.48,BARRIE-ORO,6117700,2024-01-30 18:00,2024,1,30,18:00,,-0.1,,-1.9,,88,,0.0,,14.0,,10.0,,,,98.15,,,,-3.0,,,Barrie,BARRIE-ORO,42183,6117700
-79.55,44.48,BARRIE-ORO,6117700,2024-01-30 19:00,2024,1,30,19:00,,-0.1,,-1.7,,89,,0.0,,13.0,,11.0,,,,98.2,,,,-4.0,,,Barrie,BARRIE-ORO,42183,6117700
-79.55,44.48,BARRIE-ORO,6117700,2024-01-30 20:00,2024,1,30,20:00,,-0.4,,-1.2,,94,,0.1,,13.0,,9.0,,,,98.2,,,,-4.0,,,Barrie,BARRIE-ORO,42183,6117700
-79.55,44.48,BARRIE-ORO,6117700,2024-01-30 21:00,2024,1,30,21:00,,-0.5,,-1.1,,95,,0.0,,14.0,,9.0,,,,98.17,,,,-4.0,,,Barrie,BARRIE-ORO,42183,6117700
-79.55,44.48,BARRIE-ORO,6117700,2024-01-30 22:00,2024,1,30,22:00,,-0.5,,-1.1,,96,,0.0,,13.0,,6.0,,,,98.19,,,,-3.0,,,Barrie,BARRIE-ORO,42183,6117700
-79.55,44.48,BARRIE-ORO,6117700,2024-01-30 23:00,2024,1,30,23:00,,-0.5,,-1.2,,95,,0.0,,10.0,,4.0,,,,98.21,,,,-2.0,,,Barrie,BARRIE-ORO,42183,6117700
-79.55,44.48,BARRIE-ORO,6117700,2024-01-31 00:00,2024,1,31,00:00,,-0.5,,-1.2,,95,,0.0,,9.0,,5.0,,,,98.2,,,,-2.0,,,Barrie,BARRIE-ORO,42183,6117700
-79.55,44.48,BARRIE-ORO,6117700,2024-01-31 01:00,2024,1,31,01:00,,-0.6,,-1.2,,96,,0.0,,12.0,,6.0,,,,98.16,,,,-3.0,,,Barrie,BARRIE-ORO,42183,6117700
-79.55,44.48,BARRIE-ORO,6117700,2024-01-31 02:00,2024,1,31,02:00,,-0.7,,-1.3,,96,,0.0,,11.0,,4.0,,,,98.17,,,,-2.0,,,Barrie,BARRIE-ORO,42183,6117700
-79.55,44.48,BARRIE-ORO,6117700,2024-01-31 03:00,2024,1,31,03:00,,-0.8,,-1.3,,97,,0.0,,6.0,,3.0,,,,98.19,,,,-2.0,,,Barrie,BARRIE-ORO,42183,6117700
-79.55,44.48,BARRIE-ORO,6117700,2024-01-31 04:00,2024,1,31,04:00,,-0.8,,-1.3,,97,,0.0,,6.0,,3.0,,,,98.24,,,,-2.0,,,Barrie,BARRIE-ORO,42183,6117700
-79.55,44.48,BARRIE-ORO,6117700,2024-01-31 05:00,2024,1,31,05:00,,-1.0,,-1.4,,97,,0.0,,16.0,,6.0,,,,98.15,,,,-3.0,,,Barrie,BARRIE-ORO,42183,6117700
-79.55,44.48,BARRIE-ORO,6117700,2024-01-31 06:00,2024,1,31,06:00,,-1.0,,-1.4,,97,,0.0,,16.0,,4.0,,,,98.11,,,,-2.0,,,Barrie,BARRIE-ORO,42183,6117700
-79.55,44.48,BARRIE-ORO,6117700,2024-01-31 07:00,2024,1,31,07:00,,-0.9,,-1.3,,97,,0.0,,,,0.0,,,,98.17,,,,,,,Barrie,BARRIE-ORO,42183,6117700
-79.55,44.48,BARRIE-ORO,6117700,2024-01-31 08:00,2024,1,31,08:00,,-0.5,,-0.9,,97,,0.0,,22.0,,3.0,,,,98.2,,,,-1.0,,,Barrie,BARRIE-ORO,42183,6117700
-79.55,44.48,BARRIE-ORO,6117700,2024-01-31 09:00,2024,1,31,09:00,,0.0,,-1.0,,93,,0.0,,25.0,,5.0,,,,98.22,,,,-2.0,,,Barrie,BARRIE-ORO,42183,6117700
-79.55,44.48,BARRIE-ORO,6117700,2024-01-31 10:00,2024,1,31,10:00,,0.9,,-0.6,,89,,0.0,,26.0,,4.0,,,,98.23,,,,,,,Barrie,BARRIE-ORO,42183,6117700
-79.55,44.48,BARRIE-ORO,6117700,2024-01-31 11:00,2024,1,31,11:00,,1.6,,-0.6,,85,,0.0,,28.0,,12.0,,,,98.26,,,,,,,Barrie,BARRIE-ORO,42183,6117700
-79.55,44.48,BARRIE-ORO,6117700,2024-01-31 12:00,2024,1,31,12:00,,1.8,,-1.3,,80,,0.0,,26.0,,13.0,,,,98.17,,,,,,,Barrie,BARRIE-ORO,42183,6117700
-79.55,44.48,BARRIE-ORO,6117700,2024-01-31 13:00,2024,1,31,13:00,,1.8,,-1.0,,82,,0.0,,27.0,,12.0,,,,98.13,,,,,,,Barrie,BARRIE-ORO,42183,6117700
-79.55,44.48,BARRIE-ORO,6117700,2024-01-31 14:00,2024,1,31,14:00,,1.9,,-1.0,,81,,0.0,,24.0,,9.0,,,,98.05,,,,,,,Barrie,BARRIE-ORO,42183,6117700
-79.55,44.48,BARRIE-ORO,6117700,2024-01-31 15:00,2024,1,31,15:00,,2.2,,-0.8,,81,,0.0,,23.0,,9.0,,,,98.03,,,,,,,Barrie,BARRIE-ORO,42183,6117700
-79.55,44.48,BARRIE-ORO,6117700,2024-01-31 16:00,2024,1,31,16:00,,2.1,,-0.6,,82,,0.0,,25.0,,8.0,,,,98.03,,,,,,,Barrie,BARRIE-ORO,42183,6117700
-79.55,44.48,BARRIE-ORO,6117700,2024-01-31 17:00,2024,1,31,17:00,,1.8,,-0.7,,83,,0.0,,25.0,,9.0,,,,98.01,,,,,,,Barrie,BARRIE-ORO,42183,6117700
-79.55,44.48,BARRIE-ORO,6117700,2024-01-31 18:00,2024,1,31,18:00,,1.4,,-1.0,,84,,0.0,,24.0,,7.0,,,,97.99,,,,,,,Barrie,BARRIE-ORO,42183,6117700
-79.55,44.48,BARRIE-ORO,6117700,2024-01-31 19:00,2024,1,31,19:00,,1.1,,-1.0,,86,,0.0,,20.0,,8.0,,,,97.91,,,,,,,Barrie,BARRIE-ORO,42183,6117700
-79.55,44.48,BARRIE-ORO,6117700,2024-01-31 20:00,2024,1,31,20:00,,1.0,,-1.1,,86,,0.0,,22.0,,11.0,,,,97.9,,,,,,,Barrie,BARRIE-ORO,42183,6117700
-79.55,44.48,BARRIE-ORO,6117700,2024-01-31 21:00,2024,1,31,21:00,,0.8,,-1.0,,87,,0.0,,22.0,,8.0,,,,97.81,,,,,,,Barrie,BARRIE-ORO,42183,6117700
-79.55,44.48,BARRIE-ORO,6117700,2024-01-31 22:00,2024,1,31,22:00,,0.9,,-0.8,,88,,0.0,,23.0,,10.0,,,,97.8,,,,,,,Barrie,BARRIE-ORO,42183,6117700
-79.55,44.48,BARRIE-ORO,6117700,2024-01-31 23:00,2024,1,31,23:00,,1.1,,-0.7,,88,,0.0,,22.0,,7.0,,,,97.76,,,,,,,Barrie,BARRIE-ORO,42183,6117700
