OBJECTID,FIELD_LOCATION,FIELD_LATITUDE,FIELD_LONGITUDE,FIELD_AGENCY_FIRE_ID,FIELD_FIRE_SIZE,FIELD_AGENCY_FIRE_CAUSE,FIELD_SYSTEM_FIRE_CAUSE,FIELD_SITUATION_REPORT_DATE,FIELD_STATUS_DATE,FIELD_AGENCY_DATA_TIMEZONE,FIELD_STAGE_OF_CONTROL_STATUS,FIELD_PERCENT_CONTAINED,FIELD_RESPONSE_TYPE,FIELD_SEVERITY_NEAREST_DSR,FIELD_FIRE_WAS_PERSCRIBED,FIELD_AGENCY_PREPARE_LEVEL,FIELD_FIRE_TYPE_ICS,FIELD_AGENCY_CODE,REFRESHED_DATETIME,geometry_longitude,geometry_latitude,source_feature_id,geometry_type,snapshot_downloaded_at_utc,source_url,fire_id,agency_code,stage_of_control_code,stage_of_control_label,stage_of_control_label_provisional,stage_of_control_mapping_status,stage_of_control_display_label,is_active_fire,agency_fire_cause_code,system_fire_cause_code,response_type_code,response_type_label,fire_size_hectares,latitude,longitude,situation_report_datetime_utc,status_datetime_utc,refreshed_datetime_utc,cause_interpretation_provisional,cause_mapping_status,FIELD_LOCATION_is_minus_one,FIELD_PERCENT_CONTAINED_is_minus_one,FIELD_SEVERITY_NEAREST_DSR_is_minus_one,FIELD_AGENCY_PREPARE_LEVEL_is_minus_one,FIELD_FIRE_TYPE_ICS_is_minus_one
338266593,-1,50.0232,-94.796,KEN_FIRE_027,2.0,LTG,L,1785449040000,1785449040000,GMT,OC,-1,FUL,-1,0,-1,-1,ON     ,1785452863000,-94.79600903656976,50.023208544501664,338266593,Point,2026-07-31T04:59:30.982399+00:00,https://ws.lioservices.lrc.gov.on.ca/arcgis1061a/rest/services/MNRF/Ontario_Fires_Map/MapServer/0/query,KEN_FIRE_027,ON,OC,Out of Control,,Confirmed,Out of Control,True,LTG,L,FUL,Full Response,2.0,50.0232,-94.796,2026-07-30 22:04:00+00:00,2026-07-30 22:04:00+00:00,2026-07-30 23:07:43+00:00,Lightning,High-confidence provisional,True,True,True,True,True
338266609,-1,47.0529,-80.6864,SUD_FIRE_043,0.3,LTG,L,1785448380000,1785448380000,GMT,OC,-1,FUL,-1,0,-1,-1,ON     ,1785452863000,-80.68640414477788,47.05290908578909,338266609,Point,2026-07-31T04:59:30.982399+00:00,https://ws.lioservices.lrc.gov.on.ca/arcgis1061a/rest/services/MNRF/Ontario_Fires_Map/MapServer/0/query,SUD_FIRE_043,ON,OC,Out of Control,,Confirmed,Out of Control,True,LTG,L,FUL,Full Response,0.3,47.0529,-80.6864,2026-07-30 21:53:00+00:00,2026-07-30 21:53:00+00:00,2026-07-30 23:07:43+00:00,Lightning,High-confidence provisional,True,True,True,True,True
338266625,-1,50.604800000000004,-94.2711,RED_FIRE_026,0.2,LTG,L,1785443340000,1785452400000,GMT,BH,-1,FUL,-1,0,-1,-1,ON     ,1785452863000,-94.2711089964561,50.60480865645095,338266625,Point,2026-07-31T04:59:30.982399+00:00,https://ws.lioservices.lrc.gov.on.ca/arcgis1061a/rest/services/MNRF/Ontario_Fires_Map/MapServer/0/query,RED_FIRE_026,ON,BH,Being Held,,Confirmed,Being Held,True,LTG,L,FUL,Full Response,0.2,50.604800000000004,-94.2711,2026-07-30 20:29:00+00:00,2026-07-30 23:00:00+00:00,2026-07-30 23:07:43+00:00,Lightning,High-confidence provisional,True,True,True,True,True
338266641,-1,47.0382,-82.0794,SUD_FIRE_042,0.3,LTG,L,1785442440000,1785442440000,GMT,OC,-1,FUL,-1,0,-1,-1,ON     ,1785452863000,-82.07940459743143,47.03820900823734,338266641,Point,2026-07-31T04:59:30.982399+00:00,https://ws.lioservices.lrc.gov.on.ca/arcgis1061a/rest/services/MNRF/Ontario_Fires_Map/MapServer/0/query,SUD_FIRE_042,ON,OC,Out of Control,,Confirmed,Out of Control,True,LTG,L,FUL,Full Response,0.3,47.0382,-82.0794,2026-07-30 20:14:00+00:00,2026-07-30 20:14:00+00:00,2026-07-30 23:07:43+00:00,Lightning,High-confidence provisional,True,True,True,True,True
338266657,-1,47.034,-82.30760000000001,SUD_FIRE_041,0.2,LTG,L,1785442140000,1785442140000,GMT,OC,-1,FUL,-1,0,-1,-1,ON     ,1785452863000,-82.3076046709232,47.034008994931796,338266657,Point,2026-07-31T04:59:30.982399+00:00,https://ws.lioservices.lrc.gov.on.ca/arcgis1061a/rest/services/MNRF/Ontario_Fires_Map/MapServer/0/query,SUD_FIRE_041,ON,OC,Out of Control,,Confirmed,Out of Control,True,LTG,L,FUL,Full Response,0.2,47.034,-82.30760000000001,2026-07-30 20:09:00+00:00,2026-07-30 20:09:00+00:00,2026-07-30 23:07:43+00:00,Lightning,High-confidence provisional,True,True,True,True,True
338266673,-1,47.0685,-80.78880000000001,SUD_FIRE_040,1.5,LTG,L,1785438000000,1785451680000,GMT,OC,-1,FUL,-1,0,-1,-1,ON     ,1785452863000,-80.78880418010205,47.06850908281796,338266673,Point,2026-07-31T04:59:30.982399+00:00,https://ws.lioservices.lrc.gov.on.ca/arcgis1061a/rest/services/MNRF/Ontario_Fires_Map/MapServer/0/query,SUD_FIRE_040,ON,OC,Out of Control,,Confirmed,Out of Control,True,LTG,L,FUL,Full Response,1.5,47.0685,-80.78880000000001,2026-07-30 19:00:00+00:00,2026-07-30 22:48:00+00:00,2026-07-30 23:07:43+00:00,Lightning,High-confidence provisional,True,True,True,True,True
338266689,-1,46.824200000000005,-82.3403,SUD_FIRE_039,0.2,LTG,L,1785435360000,1785447900000,GMT,OC,-1,FUL,-1,0,-1,-1,ON     ,1785452863000,-82.34030465667286,46.82420896052725,338266689,Point,2026-07-31T04:59:30.982399+00:00,https://ws.lioservices.lrc.gov.on.ca/arcgis1061a/rest/services/MNRF/Ontario_Fires_Map/MapServer/0/query,SUD_FIRE_039,ON,OC,Out of Control,,Confirmed,Out of Control,True,LTG,L,FUL,Full Response,0.2,46.824200000000005,-82.3403,2026-07-30 18:16:00+00:00,2026-07-30 21:45:00+00:00,2026-07-30 23:07:43+00:00,Lightning,High-confidence provisional,True,True,True,True,True
338266705,-1,47.0007,-80.7445,SUD_FIRE_038,0.4,LTG,L,1785370500000,1785438000000,GMT,BH,-1,FUL,-1,0,-1,-1,ON     ,1785452863000,-80.74450415791708,47.00070907452853,338266705,Point,2026-07-31T04:59:30.982399+00:00,https://ws.lioservices.lrc.gov.on.ca/arcgis1061a/rest/services/MNRF/Ontario_Fires_Map/MapServer/0/query,SUD_FIRE_038,ON,BH,Being Held,,Confirmed,Being Held,True,LTG,L,FUL,Full Response,0.4,47.0007,-80.7445,2026-07-30 00:15:00+00:00,2026-07-30 19:00:00+00:00,2026-07-30 23:07:43+00:00,Lightning,High-confidence provisional,True,True,True,True,True
338266721,-1,46.7967,-82.3625,SUD_FIRE_037,0.3,LTG,L,1785363120000,1785447000000,GMT,BH,-1,FUL,-1,0,-1,-1,ON     ,1785452863000,-82.3625046606102,46.79670895500974,338266721,Point,2026-07-31T04:59:30.982399+00:00,https://ws.lioservices.lrc.gov.on.ca/arcgis1061a/rest/services/MNRF/Ontario_Fires_Map/MapServer/0/query,SUD_FIRE_037,ON,BH,Being Held,,Confirmed,Being Held,True,LTG,L,FUL,Full Response,0.3,46.7967,-82.3625,2026-07-29 22:12:00+00:00,2026-07-30 21:30:00+00:00,2026-07-30 23:07:43+00:00,Lightning,High-confidence provisional,True,True,True,True,True
338266769,-1,51.9745,-81.5728,COC_FIRE_048,25.0,LTG,L,1785357420000,1785357480000,GMT,BM,-1,MON,-1,0,-1,-1,ON     ,1785452863000,-81.57280510525034,51.97450974215174,338266769,Point,2026-07-31T04:59:30.982399+00:00,https://ws.lioservices.lrc.gov.on.ca/arcgis1061a/rest/services/MNRF/Ontario_Fires_Map/MapServer/0/query,COC_FIRE_048,ON,BM,,"Being Monitored (provisional, unconfirmed code)",Provisional,"Being Monitored (provisional, unconfirmed code)",True,LTG,L,MON,Monitored Response,25.0,51.9745,-81.5728,2026-07-29 20:37:00+00:00,2026-07-29 20:38:00+00:00,2026-07-30 23:07:43+00:00,Lightning,High-confidence provisional,True,True,True,True,True
338266785,-1,46.696000000000005,-82.4132,SUD_FIRE_036,2.5,LTG,L,1785353820000,1785448800000,GMT,BH,-1,FUL,-1,0,-1,-1,ON     ,1785452863000,-82.41320466516342,46.69600893647473,338266785,Point,2026-07-31T04:59:30.982399+00:00,https://ws.lioservices.lrc.gov.on.ca/arcgis1061a/rest/services/MNRF/Ontario_Fires_Map/MapServer/0/query,SUD_FIRE_036,ON,BH,Being Held,,Confirmed,Being Held,True,LTG,L,FUL,Full Response,2.5,46.696000000000005,-82.4132,2026-07-29 19:37:00+00:00,2026-07-30 22:00:00+00:00,2026-07-30 23:07:43+00:00,Lightning,High-confidence provisional,True,True,True,True,True
338266801,-1,46.9373,-82.0982,SUD_FIRE_035,2.1,LTG,L,1785349020000,1785443280000,GMT,OC,-1,FUL,-1,0,-1,-1,ON     ,1785452863000,-82.0982045916329,46.93730899152453,338266801,Point,2026-07-31T04:59:30.982399+00:00,https://ws.lioservices.lrc.gov.on.ca/arcgis1061a/rest/services/MNRF/Ontario_Fires_Map/MapServer/0/query,SUD_FIRE_035,ON,OC,Out of Control,,Confirmed,Out of Control,True,LTG,L,FUL,Full Response,2.1,46.9373,-82.0982,2026-07-29 18:17:00+00:00,2026-07-30 20:28:00+00:00,2026-07-30 23:07:43+00:00,Lightning,High-confidence provisional,True,True,True,True,True
338266817,-1,46.9593,-82.1211,SUD_FIRE_034,7.5,LTG,L,1785348540000,1785370800000,GMT,OC,-1,FUL,-1,0,-1,-1,ON     ,1785452863000,-82.12110460164386,46.959308993682235,338266817,Point,2026-07-31T04:59:30.982399+00:00,https://ws.lioservices.lrc.gov.on.ca/arcgis1061a/rest/services/MNRF/Ontario_Fires_Map/MapServer/0/query,SUD_FIRE_034,ON,OC,Out of Control,,Confirmed,Out of Control,True,LTG,L,FUL,Full Response,7.5,46.9593,-82.1211,2026-07-29 18:09:00+00:00,2026-07-30 00:20:00+00:00,2026-07-30 23:07:43+00:00,Lightning,High-confidence provisional,True,True,True,True,True
338267025,-1,49.992900000000006,-92.8165,DRY_FIRE_052,1.1,HUM,H,1785266460000,1785367800000,GMT,UC,-1,FUL,-1,0,-1,-1,ON     ,1785452863000,-92.81650843496587,49.99290870061894,338267025,Point,2026-07-31T04:59:30.982399+00:00,https://ws.lioservices.lrc.gov.on.ca/arcgis1061a/rest/services/MNRF/Ontario_Fires_Map/MapServer/0/query,DRY_FIRE_052,ON,UC,Under Control,,Confirmed,Under Control,True,HUM,H,FUL,Full Response,1.1,49.992900000000006,-92.8165,2026-07-28 19:21:00+00:00,2026-07-29 23:30:00+00:00,2026-07-30 23:07:43+00:00,Unmapped,Requires review,True,True,True,True,True
338267521,-1,52.494800000000005,-85.22420000000001,COC_FIRE_047,361.0,LTG,L,1784747820000,1784747880000,GMT,BM,-1,MON,-1,0,-1,-1,ON     ,1785452863000,-85.22420645393517,52.49480957199902,338267521,Point,2026-07-31T04:59:30.982399+00:00,https://ws.lioservices.lrc.gov.on.ca/arcgis1061a/rest/services/MNRF/Ontario_Fires_Map/MapServer/0/query,COC_FIRE_047,ON,BM,,"Being Monitored (provisional, unconfirmed code)",Provisional,"Being Monitored (provisional, unconfirmed code)",True,LTG,L,MON,Monitored Response,361.0,52.494800000000005,-85.22420000000001,2026-07-22 19:17:00+00:00,2026-07-22 19:18:00+00:00,2026-07-30 23:07:43+00:00,Lightning,High-confidence provisional,True,True,True,True,True
338267601,-1,52.551,-85.3842,NIP_FIRE_082,8.0,LTG,L,1784677980000,1784678040000,GMT,BM,-1,MON,-1,0,-1,-1,ON     ,1785452863000,-85.38420651893045,52.551009567853875,338267601,Point,2026-07-31T04:59:30.982399+00:00,https://ws.lioservices.lrc.gov.on.ca/arcgis1061a/rest/services/MNRF/Ontario_Fires_Map/MapServer/0/query,NIP_FIRE_082,ON,BM,,"Being Monitored (provisional, unconfirmed code)",Provisional,"Being Monitored (provisional, unconfirmed code)",True,LTG,L,MON,Monitored Response,8.0,52.551,-85.3842,2026-07-21 23:53:00+00:00,2026-07-21 23:54:00+00:00,2026-07-30 23:07:43+00:00,Lightning,High-confidence provisional,True,True,True,True,True
338267617,-1,52.8596,-85.6104,NIP_FIRE_081,80.0,LTG,L,1784677860000,1784677920000,GMT,BM,-1,MON,-1,0,-1,-1,ON     ,1785452863000,-85.61040665439873,52.85960958954235,338267617,Point,2026-07-31T04:59:30.982399+00:00,https://ws.lioservices.lrc.gov.on.ca/arcgis1061a/rest/services/MNRF/Ontario_Fires_Map/MapServer/0/query,NIP_FIRE_081,ON,BM,,"Being Monitored (provisional, unconfirmed code)",Provisional,"Being Monitored (provisional, unconfirmed code)",True,LTG,L,MON,Monitored Response,80.0,52.8596,-85.6104,2026-07-21 23:51:00+00:00,2026-07-21 23:52:00+00:00,2026-07-30 23:07:43+00:00,Lightning,High-confidence provisional,True,True,True,True,True
338267633,-1,52.913700000000006,-85.62360000000001,NIP_FIRE_080,10.0,LTG,L,1784677680000,1784677740000,GMT,BM,-1,MON,-1,0,-1,-1,ON     ,1785452863000,-85.62360666927893,52.91370959511885,338267633,Point,2026-07-31T04:59:30.982399+00:00,https://ws.lioservices.lrc.gov.on.ca/arcgis1061a/rest/services/MNRF/Ontario_Fires_Map/MapServer/0/query,NIP_FIRE_080,ON,BM,,"Being Monitored (provisional, unconfirmed code)",Provisional,"Being Monitored (provisional, unconfirmed code)",True,LTG,L,MON,Monitored Response,10.0,52.913700000000006,-85.62360000000001,2026-07-21 23:48:00+00:00,2026-07-21 23:49:00+00:00,2026-07-30 23:07:43+00:00,Lightning,High-confidence provisional,True,True,True,True,True
338267649,-1,53.728100000000005,-86.21860000000001,NIP_FIRE_079,5.0,LTG,L,1784677020000,1784677080000,GMT,BM,-1,MON,-1,0,-1,-1,ON     ,1785452863000,-86.2186070358716,53.72810964837505,338267649,Point,2026-07-31T04:59:30.982399+00:00,https://ws.lioservices.lrc.gov.on.ca/arcgis1061a/rest/services/MNRF/Ontario_Fires_Map/MapServer/0/query,NIP_FIRE_079,ON,BM,,"Being Monitored (provisional, unconfirmed code)",Provisional,"Being Monitored (provisional, unconfirmed code)",True,LTG,L,MON,Monitored Response,5.0,53.728100000000005,-86.21860000000001,2026-07-21 23:37:00+00:00,2026-07-21 23:38:00+00:00,2026-07-30 23:07:43+00:00,Lightning,High-confidence provisional,True,True,True,True,True
338267665,-1,53.299,-87.2317,NIP_FIRE_078,35.0,LTG,L,1784676840000,1784676900000,GMT,BM,-1,MON,-1,0,-1,-1,ON     ,1785452863000,-87.23170729428693,53.29900952466139,338267665,Point,2026-07-31T04:59:30.982399+00:00,https://ws.lioservices.lrc.gov.on.ca/arcgis1061a/rest/services/MNRF/Ontario_Fires_Map/MapServer/0/query,NIP_FIRE_078,ON,BM,,"Being Monitored (provisional, unconfirmed code)",Provisional,"Being Monitored (provisional, unconfirmed code)",True,LTG,L,MON,Monitored Response,35.0,53.299,-87.2317,2026-07-21 23:34:00+00:00,2026-07-21 23:35:00+00:00,2026-07-30 23:07:43+00:00,Lightning,High-confidence provisional,True,True,True,True,True
338267681,-1,53.2541,-87.20150000000001,NIP_FIRE_077,70.0,LTG,L,1784676300000,1784676360000,GMT,BM,-1,MON,-1,0,-1,-1,ON     ,1785452863000,-87.20150727479601,53.25410952169115,338267681,Point,2026-07-31T04:59:30.982399+00:00,https://ws.lioservices.lrc.gov.on.ca/arcgis1061a/rest/services/MNRF/Ontario_Fires_Map/MapServer/0/query,NIP_FIRE_077,ON,BM,,"Being Monitored (provisional, unconfirmed code)",Provisional,"Being Monitored (provisional, unconfirmed code)",True,LTG,L,MON,Monitored Response,70.0,53.2541,-87.20150000000001,2026-07-21 23:25:00+00:00,2026-07-21 23:26:00+00:00,2026-07-30 23:07:43+00:00,Lightning,High-confidence provisional,True,True,True,True,True
338267697,-1,51.4613,-87.4093,NIP_FIRE_076,150.0,LTG,L,1784676120000,1784676180000,GMT,BM,-1,MON,-1,0,-1,-1,ON     ,1785452863000,-87.40930699614273,51.46130929062123,338267697,Point,2026-07-31T04:59:30.982399+00:00,https://ws.lioservices.lrc.gov.on.ca/arcgis1061a/rest/services/MNRF/Ontario_Fires_Map/MapServer/0/query,NIP_FIRE_076,ON,BM,,"Being Monitored (provisional, unconfirmed code)",Provisional,"Being Monitored (provisional, unconfirmed code)",True,LTG,L,MON,Monitored Response,150.0,51.4613,-87.4093,2026-07-21 23:22:00+00:00,2026-07-21 23:23:00+00:00,2026-07-30 23:07:43+00:00,Lightning,High-confidence provisional,True,True,True,True,True
338267745,-1,49.175200000000004,-93.5069,FOR_FIRE_045,0.3,LTG,L,1784642820000,1784906820000,GMT,BM,-1,MON,-1,0,-1,-1,ON     ,1785452863000,-93.50690849073813,49.17520854469719,338267745,Point,2026-07-31T04:59:30.982399+00:00,https://ws.lioservices.lrc.gov.on.ca/arcgis1061a/rest/services/MNRF/Ontario_Fires_Map/MapServer/0/query,FOR_FIRE_045,ON,BM,,"Being Monitored (provisional, unconfirmed code)",Provisional,"Being Monitored (provisional, unconfirmed code)",True,LTG,L,MON,Monitored Response,0.3,49.175200000000004,-93.5069,2026-07-21 14:07:00+00:00,2026-07-24 15:27:00+00:00,2026-07-30 23:07:43+00:00,Lightning,High-confidence provisional,True,True,True,True,True
338268017,-1,52.031400000000005,-83.5051,COC_FIRE_045,243.0,LTG,L,1784467800000,1784474940000,GMT,BM,-1,MON,-1,0,-1,-1,ON     ,1785452863000,-83.50510578320434,52.03140962860773,338268017,Point,2026-07-31T04:59:30.982399+00:00,https://ws.lioservices.lrc.gov.on.ca/arcgis1061a/rest/services/MNRF/Ontario_Fires_Map/MapServer/0/query,COC_FIRE_045,ON,BM,,"Being Monitored (provisional, unconfirmed code)",Provisional,"Being Monitored (provisional, unconfirmed code)",True,LTG,L,MON,Monitored Response,243.0,52.031400000000005,-83.5051,2026-07-19 13:30:00+00:00,2026-07-19 15:29:00+00:00,2026-07-30 23:07:43+00:00,Lightning,High-confidence provisional,True,True,True,True,True
338268033,-1,49.587900000000005,-88.9017,THU_FIRE_060,388.0,HUM,H,1784423580000,1784423640000,GMT,BM,-1,FUL,-1,0,-1,-1,ON     ,1785452863000,-88.90170714754049,49.587908943325104,338268033,Point,2026-07-31T04:59:30.982399+00:00,https://ws.lioservices.lrc.gov.on.ca/arcgis1061a/rest/services/MNRF/Ontario_Fires_Map/MapServer/0/query,THU_FIRE_060,ON,BM,,"Being Monitored (provisional, unconfirmed code)",Provisional,"Being Monitored (provisional, unconfirmed code)",True,HUM,H,FUL,Full Response,388.0,49.587900000000005,-88.9017,2026-07-19 01:13:00+00:00,2026-07-19 01:14:00+00:00,2026-07-30 23:07:43+00:00,Unmapped,Requires review,True,True,True,True,True
338268065,-1,51.9287,-86.0321,NIP_FIRE_075,40.0,HUM,H,1784412300000,1784502000000,GMT,BM,-1,MON,-1,0,-1,-1,ON     ,1785452863000,-86.03210662365656,51.928709446126135,338268065,Point,2026-07-31T04:59:30.982399+00:00,https://ws.lioservices.lrc.gov.on.ca/arcgis1061a/rest/services/MNRF/Ontario_Fires_Map/MapServer/0/query,NIP_FIRE_075,ON,BM,,"Being Monitored (provisional, unconfirmed code)",Provisional,"Being Monitored (provisional, unconfirmed code)",True,HUM,H,MON,Monitored Response,40.0,51.9287,-86.0321,2026-07-18 22:05:00+00:00,2026-07-19 23:00:00+00:00,2026-07-30 23:07:43+00:00,Unmapped,Requires review,True,True,True,True,True
338268081,-1,52.6762,-86.1931,NIP_FIRE_074,15.0,HUM,H,1784411400000,1784502000000,GMT,BM,-1,MON,-1,0,-1,-1,ON     ,1785452863000,-86.19310681778211,52.67620952638171,338268081,Point,2026-07-31T04:59:30.982399+00:00,https://ws.lioservices.lrc.gov.on.ca/arcgis1061a/rest/services/MNRF/Ontario_Fires_Map/MapServer/0/query,NIP_FIRE_074,ON,BM,,"Being Monitored (provisional, unconfirmed code)",Provisional,"Being Monitored (provisional, unconfirmed code)",True,HUM,H,MON,Monitored Response,15.0,52.6762,-86.1931,2026-07-18 21:50:00+00:00,2026-07-19 23:00:00+00:00,2026-07-30 23:07:43+00:00,Unmapped,Requires review,True,True,True,True,True
338268097,-1,52.3267,-87.60820000000001,NIP_FIRE_073,2.0,HUM,H,1784410260000,1784502000000,GMT,BM,-1,MON,-1,0,-1,-1,ON     ,1785452863000,-87.60820722579308,52.32670938224404,338268097,Point,2026-07-31T04:59:30.982399+00:00,https://ws.lioservices.lrc.gov.on.ca/arcgis1061a/rest/services/MNRF/Ontario_Fires_Map/MapServer/0/query,NIP_FIRE_073,ON,BM,,"Being Monitored (provisional, unconfirmed code)",Provisional,"Being Monitored (provisional, unconfirmed code)",True,HUM,H,MON,Monitored Response,2.0,52.3267,-87.60820000000001,2026-07-18 21:31:00+00:00,2026-07-19 23:00:00+00:00,2026-07-30 23:07:43+00:00,Unmapped,Requires review,True,True,True,True,True
338268113,-1,52.298500000000004,-87.8131,NIP_FIRE_072,8.0,HUM,H,1784409600000,1784502000000,GMT,BM,-1,MON,-1,0,-1,-1,ON     ,1785452863000,-87.81310728842782,52.298509363802154,338268113,Point,2026-07-31T04:59:30.982399+00:00,https://ws.lioservices.lrc.gov.on.ca/arcgis1061a/rest/services/MNRF/Ontario_Fires_Map/MapServer/0/query,NIP_FIRE_072,ON,BM,,"Being Monitored (provisional, unconfirmed code)",Provisional,"Being Monitored (provisional, unconfirmed code)",True,HUM,H,MON,Monitored Response,8.0,52.298500000000004,-87.8131,2026-07-18 21:20:00+00:00,2026-07-19 23:00:00+00:00,2026-07-30 23:07:43+00:00,Unmapped,Requires review,True,True,True,True,True
338268129,-1,51.948800000000006,-87.67580000000001,NIP_FIRE_071,6.0,HUM,H,1784408880000,1784502000000,GMT,BM,-1,MON,-1,0,-1,-1,ON     ,1785452863000,-87.67580717529269,51.94880933154954,338268129,Point,2026-07-31T04:59:30.982399+00:00,https://ws.lioservices.lrc.gov.on.ca/arcgis1061a/rest/services/MNRF/Ontario_Fires_Map/MapServer/0/query,NIP_FIRE_071,ON,BM,,"Being Monitored (provisional, unconfirmed code)",Provisional,"Being Monitored (provisional, unconfirmed code)",True,HUM,H,MON,Monitored Response,6.0,51.948800000000006,-87.67580000000001,2026-07-18 21:08:00+00:00,2026-07-19 23:00:00+00:00,2026-07-30 23:07:43+00:00,Unmapped,Requires review,True,True,True,True,True
338268145,-1,51.072,-88.8491,NIP_FIRE_070,1200.0,LTG,L,1784402400000,1785428400000,GMT,BH,-1,FUL,-1,0,-1,-1,ON     ,1785452863000,-88.84910739360342,51.07200913744753,338268145,Point,2026-07-31T04:59:30.982399+00:00,https://ws.lioservices.lrc.gov.on.ca/arcgis1061a/rest/services/MNRF/Ontario_Fires_Map/MapServer/0/query,NIP_FIRE_070,ON,BH,Being Held,,Confirmed,Being Held,True,LTG,L,FUL,Full Response,1200.0,51.072,-88.8491,2026-07-18 19:20:00+00:00,2026-07-30 16:20:00+00:00,2026-07-30 23:07:43+00:00,Lightning,High-confidence provisional,True,True,True,True,True
338268177,-1,51.3579,-88.60640000000001,NIP_FIRE_069,2142.0,LTG,L,1784389800000,1784397600000,GMT,OC,-1,FUL,-1,0,-1,-1,ON     ,1785452863000,-88.60640736844864,51.35790919080243,338268177,Point,2026-07-31T04:59:30.982399+00:00,https://ws.lioservices.lrc.gov.on.ca/arcgis1061a/rest/services/MNRF/Ontario_Fires_Map/MapServer/0/query,NIP_FIRE_069,ON,OC,Out of Control,,Confirmed,Out of Control,True,LTG,L,FUL,Full Response,2142.0,51.3579,-88.60640000000001,2026-07-18 15:50:00+00:00,2026-07-18 18:00:00+00:00,2026-07-30 23:07:43+00:00,Lightning,High-confidence provisional,True,True,True,True,True
338268225,-1,53.1602,-91.2252,SLK_FIRE_099,136.6,LTG,L,1784317980000,1784325600000,GMT,BM,-1,MON,-1,0,-1,-1,ON     ,1785452863000,-91.22520859210086,53.160209197856254,338268225,Point,2026-07-31T04:59:30.982399+00:00,https://ws.lioservices.lrc.gov.on.ca/arcgis1061a/rest/services/MNRF/Ontario_Fires_Map/MapServer/0/query,SLK_FIRE_099,ON,BM,,"Being Monitored (provisional, unconfirmed code)",Provisional,"Being Monitored (provisional, unconfirmed code)",True,LTG,L,MON,Monitored Response,136.6,53.1602,-91.2252,2026-07-17 19:53:00+00:00,2026-07-17 22:00:00+00:00,2026-07-30 23:07:43+00:00,Lightning,High-confidence provisional,True,True,True,True,True
338268241,-1,52.547700000000006,-89.3515,SLK_FIRE_098,110.0,LTG,L,1784317860000,1784324880000,GMT,BM,-1,MON,-1,0,-1,-1,ON     ,1785452863000,-89.35150784690067,52.54770927729664,338268241,Point,2026-07-31T04:59:30.982399+00:00,https://ws.lioservices.lrc.gov.on.ca/arcgis1061a/rest/services/MNRF/Ontario_Fires_Map/MapServer/0/query,SLK_FIRE_098,ON,BM,,"Being Monitored (provisional, unconfirmed code)",Provisional,"Being Monitored (provisional, unconfirmed code)",True,LTG,L,MON,Monitored Response,110.0,52.547700000000006,-89.3515,2026-07-17 19:51:00+00:00,2026-07-17 21:48:00+00:00,2026-07-30 23:07:43+00:00,Lightning,High-confidence provisional,True,True,True,True,True
338268737,-1,51.0506,-84.4881,COC_FIRE_044,117.0,LTG,L,1784216100000,1784216160000,GMT,BM,-1,MON,-1,0,-1,-1,ON     ,1785452863000,-84.48810595327839,51.05060943788501,338268737,Point,2026-07-31T04:59:30.982399+00:00,https://ws.lioservices.lrc.gov.on.ca/arcgis1061a/rest/services/MNRF/Ontario_Fires_Map/MapServer/0/query,COC_FIRE_044,ON,BM,,"Being Monitored (provisional, unconfirmed code)",Provisional,"Being Monitored (provisional, unconfirmed code)",True,LTG,L,MON,Monitored Response,117.0,51.0506,-84.4881,2026-07-16 15:35:00+00:00,2026-07-16 15:36:00+00:00,2026-07-30 23:07:43+00:00,Lightning,High-confidence provisional,True,True,True,True,True
338268769,-1,52.2668,-82.2551,COC_FIRE_043,21.0,LTG,L,1784215200000,1784215260000,GMT,BM,-1,MON,-1,0,-1,-1,ON     ,1785452863000,-82.25510539026882,52.26680973796056,338268769,Point,2026-07-31T04:59:30.982399+00:00,https://ws.lioservices.lrc.gov.on.ca/arcgis1061a/rest/services/MNRF/Ontario_Fires_Map/MapServer/0/query,COC_FIRE_043,ON,BM,,"Being Monitored (provisional, unconfirmed code)",Provisional,"Being Monitored (provisional, unconfirmed code)",True,LTG,L,MON,Monitored Response,21.0,52.2668,-82.2551,2026-07-16 15:20:00+00:00,2026-07-16 15:21:00+00:00,2026-07-30 23:07:43+00:00,Lightning,High-confidence provisional,True,True,True,True,True
338268881,-1,51.1565,-87.8229,NIP_FIRE_061,36.0,LTG,L,1784156520000,1784502000000,GMT,BM,-1,MON,-1,0,-1,-1,ON     ,1785452863000,-87.8229070760532,51.156509222746486,338268881,Point,2026-07-31T04:59:30.982399+00:00,https://ws.lioservices.lrc.gov.on.ca/arcgis1061a/rest/services/MNRF/Ontario_Fires_Map/MapServer/0/query,NIP_FIRE_061,ON,BM,,"Being Monitored (provisional, unconfirmed code)",Provisional,"Being Monitored (provisional, unconfirmed code)",True,LTG,L,MON,Monitored Response,36.0,51.1565,-87.8229,2026-07-15 23:02:00+00:00,2026-07-19 23:00:00+00:00,2026-07-30 23:07:43+00:00,Lightning,High-confidence provisional,True,True,True,True,True
338269089,-1,50.9134,-87.8698,NIP_FIRE_056,0.3,LTG,L,1784077440000,1784502000000,GMT,BM,-1,MON,-1,0,-1,-1,ON     ,1785452863000,-87.8698070474522,50.9134091886631,338269089,Point,2026-07-31T04:59:30.982399+00:00,https://ws.lioservices.lrc.gov.on.ca/arcgis1061a/rest/services/MNRF/Ontario_Fires_Map/MapServer/0/query,NIP_FIRE_056,ON,BM,,"Being Monitored (provisional, unconfirmed code)",Provisional,"Being Monitored (provisional, unconfirmed code)",True,LTG,L,MON,Monitored Response,0.3,50.9134,-87.8698,2026-07-15 01:04:00+00:00,2026-07-19 23:00:00+00:00,2026-07-30 23:07:43+00:00,Lightning,High-confidence provisional,True,True,True,True,True
338269105,-1,51.2501,-88.3103,NIP_FIRE_055,1.0,LTG,L,1784076960000,1784502000000,GMT,BM,-1,MON,-1,0,-1,-1,ON     ,1785452863000,-88.31030725206045,51.25010919915226,338269105,Point,2026-07-31T04:59:30.982399+00:00,https://ws.lioservices.lrc.gov.on.ca/arcgis1061a/rest/services/MNRF/Ontario_Fires_Map/MapServer/0/query,NIP_FIRE_055,ON,BM,,"Being Monitored (provisional, unconfirmed code)",Provisional,"Being Monitored (provisional, unconfirmed code)",True,LTG,L,MON,Monitored Response,1.0,51.2501,-88.3103,2026-07-15 00:56:00+00:00,2026-07-19 23:00:00+00:00,2026-07-30 23:07:43+00:00,Lightning,High-confidence provisional,True,True,True,True,True
338269137,-1,52.465500000000006,-91.02080000000001,SLK_FIRE_094,0.5,LTG,L,1784072400000,1784760000000,GMT,BM,-1,MON,-1,0,-1,-1,ON     ,1785452863000,-91.02080837270846,52.46550913656584,338269137,Point,2026-07-31T04:59:30.982399+00:00,https://ws.lioservices.lrc.gov.on.ca/arcgis1061a/rest/services/MNRF/Ontario_Fires_Map/MapServer/0/query,SLK_FIRE_094,ON,BM,,"Being Monitored (provisional, unconfirmed code)",Provisional,"Being Monitored (provisional, unconfirmed code)",True,LTG,L,MON,Monitored Response,0.5,52.465500000000006,-91.02080000000001,2026-07-14 23:40:00+00:00,2026-07-22 22:40:00+00:00,2026-07-30 23:07:43+00:00,Lightning,High-confidence provisional,True,True,True,True,True
338269153,-1,52.2744,-91.0997,SLK_FIRE_093,7.0,LTG,L,1784072040000,1784829480000,GMT,BM,-1,MON,-1,0,-1,-1,ON     ,1785452863000,-91.0997083572359,52.27440910839211,338269153,Point,2026-07-31T04:59:30.982399+00:00,https://ws.lioservices.lrc.gov.on.ca/arcgis1061a/rest/services/MNRF/Ontario_Fires_Map/MapServer/0/query,SLK_FIRE_093,ON,BM,,"Being Monitored (provisional, unconfirmed code)",Provisional,"Being Monitored (provisional, unconfirmed code)",True,LTG,L,MON,Monitored Response,7.0,52.2744,-91.0997,2026-07-14 23:34:00+00:00,2026-07-23 17:58:00+00:00,2026-07-30 23:07:43+00:00,Lightning,High-confidence provisional,True,True,True,True,True
338269185,-1,50.448,-86.5274,NIP_FIRE_053,2.0,LTG,L,1784070660000,1784502000000,GMT,BM,-1,MON,-1,0,-1,-1,ON     ,1785452863000,-86.52740652907414,50.44800922247743,338269185,Point,2026-07-31T04:59:30.982399+00:00,https://ws.lioservices.lrc.gov.on.ca/arcgis1061a/rest/services/MNRF/Ontario_Fires_Map/MapServer/0/query,NIP_FIRE_053,ON,BM,,"Being Monitored (provisional, unconfirmed code)",Provisional,"Being Monitored (provisional, unconfirmed code)",True,LTG,L,MON,Monitored Response,2.0,50.448,-86.5274,2026-07-14 23:11:00+00:00,2026-07-19 23:00:00+00:00,2026-07-30 23:07:43+00:00,Lightning,High-confidence provisional,True,True,True,True,True
338269201,-1,50.4924,-86.38600000000001,NIP_FIRE_052,200.0,LTG,L,1784070420000,1784502000000,GMT,BM,-1,MON,-1,0,-1,-1,ON     ,1785452863000,-86.38600649023053,50.492409237958924,338269201,Point,2026-07-31T04:59:30.982399+00:00,https://ws.lioservices.lrc.gov.on.ca/arcgis1061a/rest/services/MNRF/Ontario_Fires_Map/MapServer/0/query,NIP_FIRE_052,ON,BM,,"Being Monitored (provisional, unconfirmed code)",Provisional,"Being Monitored (provisional, unconfirmed code)",True,LTG,L,MON,Monitored Response,200.0,50.4924,-86.38600000000001,2026-07-14 23:07:00+00:00,2026-07-19 23:00:00+00:00,2026-07-30 23:07:43+00:00,Lightning,High-confidence provisional,True,True,True,True,True
338269217,-1,50.502,-86.52680000000001,NIP_FIRE_051,10.0,LTG,L,1784069220000,1784502000000,GMT,BM,-1,MON,-1,0,-1,-1,ON     ,1785452863000,-86.52680653794457,50.502009229605655,338269217,Point,2026-07-31T04:59:30.982399+00:00,https://ws.lioservices.lrc.gov.on.ca/arcgis1061a/rest/services/MNRF/Ontario_Fires_Map/MapServer/0/query,NIP_FIRE_051,ON,BM,,"Being Monitored (provisional, unconfirmed code)",Provisional,"Being Monitored (provisional, unconfirmed code)",True,LTG,L,MON,Monitored Response,10.0,50.502,-86.52680000000001,2026-07-14 22:47:00+00:00,2026-07-19 23:00:00+00:00,2026-07-30 23:07:43+00:00,Lightning,High-confidence provisional,True,True,True,True,True
338269281,-1,51.877,-81.4582,COC_FIRE_040,400.0,LTG,L,1784066100000,1784066220000,GMT,BM,-1,MON,-1,0,-1,-1,ON     ,1785452863000,-81.45820504995001,51.877009736343545,338269281,Point,2026-07-31T04:59:30.982399+00:00,https://ws.lioservices.lrc.gov.on.ca/arcgis1061a/rest/services/MNRF/Ontario_Fires_Map/MapServer/0/query,COC_FIRE_040,ON,BM,,"Being Monitored (provisional, unconfirmed code)",Provisional,"Being Monitored (provisional, unconfirmed code)",True,LTG,L,MON,Monitored Response,400.0,51.877,-81.4582,2026-07-14 21:55:00+00:00,2026-07-14 21:57:00+00:00,2026-07-30 23:07:43+00:00,Lightning,High-confidence provisional,True,True,True,True,True
338269297,-1,51.355700000000006,-87.3927,NIP_FIRE_048,1237.0,LTG,L,1784065320000,1784903400000,GMT,BM,-1,FUL,-1,0,-1,-1,ON     ,1785452863000,-87.39270697138203,51.355709278590936,338269297,Point,2026-07-31T04:59:30.982399+00:00,https://ws.lioservices.lrc.gov.on.ca/arcgis1061a/rest/services/MNRF/Ontario_Fires_Map/MapServer/0/query,NIP_FIRE_048,ON,BM,,"Being Monitored (provisional, unconfirmed code)",Provisional,"Being Monitored (provisional, unconfirmed code)",True,LTG,L,FUL,Full Response,1237.0,51.355700000000006,-87.3927,2026-07-14 21:42:00+00:00,2026-07-24 14:30:00+00:00,2026-07-30 23:07:43+00:00,Lightning,High-confidence provisional,True,True,True,True,True
338269329,-1,51.349700000000006,-87.2821,NIP_FIRE_047,444.40000000000003,LTG,L,1784063820000,1784903400000,GMT,BM,-1,FUL,-1,0,-1,-1,ON     ,1785452863000,-87.28210693391732,51.34970928572068,338269329,Point,2026-07-31T04:59:30.982399+00:00,https://ws.lioservices.lrc.gov.on.ca/arcgis1061a/rest/services/MNRF/Ontario_Fires_Map/MapServer/0/query,NIP_FIRE_047,ON,BM,,"Being Monitored (provisional, unconfirmed code)",Provisional,"Being Monitored (provisional, unconfirmed code)",True,LTG,L,FUL,Full Response,444.40000000000003,51.349700000000006,-87.2821,2026-07-14 21:17:00+00:00,2026-07-24 14:30:00+00:00,2026-07-30 23:07:43+00:00,Lightning,High-confidence provisional,True,True,True,True,True
338269345,-1,52.620400000000004,-83.5313,COC_FIRE_039,280.0,LTG,L,1784063100000,1784063400000,GMT,BM,-1,MON,-1,0,-1,-1,ON     ,1785452863000,-83.5313058942277,52.620409701067004,338269345,Point,2026-07-31T04:59:30.982399+00:00,https://ws.lioservices.lrc.gov.on.ca/arcgis1061a/rest/services/MNRF/Ontario_Fires_Map/MapServer/0/query,COC_FIRE_039,ON,BM,,"Being Monitored (provisional, unconfirmed code)",Provisional,"Being Monitored (provisional, unconfirmed code)",True,LTG,L,MON,Monitored Response,280.0,52.620400000000004,-83.5313,2026-07-14 21:05:00+00:00,2026-07-14 21:10:00+00:00,2026-07-30 23:07:43+00:00,Lightning,High-confidence provisional,True,True,True,True,True
338269361,-1,52.589600000000004,-82.2437,COC_FIRE_038,100.0,LTG,L,1784060940000,1784062080000,GMT,BM,-1,MON,-1,0,-1,-1,ON     ,1785452863000,-82.24370544025862,52.58960977965466,338269361,Point,2026-07-31T04:59:30.982399+00:00,https://ws.lioservices.lrc.gov.on.ca/arcgis1061a/rest/services/MNRF/Ontario_Fires_Map/MapServer/0/query,COC_FIRE_038,ON,BM,,"Being Monitored (provisional, unconfirmed code)",Provisional,"Being Monitored (provisional, unconfirmed code)",True,LTG,L,MON,Monitored Response,100.0,52.589600000000004,-82.2437,2026-07-14 20:29:00+00:00,2026-07-14 20:48:00+00:00,2026-07-30 23:07:43+00:00,Lightning,High-confidence provisional,True,True,True,True,True
338269393,-1,52.2573,-92.99770000000001,RED_FIRE_024,6414.900000000001,LTG,L,1784058360000,1785179820000,GMT,OC,-1,MON,-1,0,-1,-1,ON     ,1785452863000,-92.99770895627039,52.25730895125065,338269393,Point,2026-07-31T04:59:30.982399+00:00,https://ws.lioservices.lrc.gov.on.ca/arcgis1061a/rest/services/MNRF/Ontario_Fires_Map/MapServer/0/query,RED_FIRE_024,ON,OC,Out of Control,,Confirmed,Out of Control,True,LTG,L,MON,Monitored Response,6414.900000000001,52.2573,-92.99770000000001,2026-07-14 19:46:00+00:00,2026-07-27 19:17:00+00:00,2026-07-30 23:07:43+00:00,Lightning,High-confidence provisional,True,True,True,True,True
338269409,-1,51.171400000000006,-89.7415,SLK_FIRE_092,2657.8,LTG,L,1784056620000,1784389020000,GMT,BM,-1,MON,-1,0,-1,-1,ON     ,1785452863000,-89.74150769925205,51.17140908312207,338269409,Point,2026-07-31T04:59:30.982399+00:00,https://ws.lioservices.lrc.gov.on.ca/arcgis1061a/rest/services/MNRF/Ontario_Fires_Map/MapServer/0/query,SLK_FIRE_092,ON,BM,,"Being Monitored (provisional, unconfirmed code)",Provisional,"Being Monitored (provisional, unconfirmed code)",True,LTG,L,MON,Monitored Response,2657.8,51.171400000000006,-89.7415,2026-07-14 19:17:00+00:00,2026-07-18 15:37:00+00:00,2026-07-30 23:07:43+00:00,Lightning,High-confidence provisional,True,True,True,True,True
338269457,-1,51.4711,-87.84150000000001,NIP_FIRE_045,9922.0,LTG,L,1784054760000,1784502000000,GMT,BM,-1,MON,-1,0,-1,-1,ON     ,1785452863000,-87.84150713994741,51.471109260719864,338269457,Point,2026-07-31T04:59:30.982399+00:00,https://ws.lioservices.lrc.gov.on.ca/arcgis1061a/rest/services/MNRF/Ontario_Fires_Map/MapServer/0/query,NIP_FIRE_045,ON,BM,,"Being Monitored (provisional, unconfirmed code)",Provisional,"Being Monitored (provisional, unconfirmed code)",True,LTG,L,MON,Monitored Response,9922.0,51.4711,-87.84150000000001,2026-07-14 18:46:00+00:00,2026-07-19 23:00:00+00:00,2026-07-30 23:07:43+00:00,Lightning,High-confidence provisional,True,True,True,True,True
338269553,-1,48.3318,-92.02420000000001,FOR_FIRE_039,95.8,LTG,L,1784045280000,1784819940000,GMT,UC,-1,MOD,-1,0,-1,-1,ON     ,1785452863000,-92.02420789875336,48.33180854941614,338269553,Point,2026-07-31T04:59:30.982399+00:00,https://ws.lioservices.lrc.gov.on.ca/arcgis1061a/rest/services/MNRF/Ontario_Fires_Map/MapServer/0/query,FOR_FIRE_039,ON,UC,Under Control,,Confirmed,Under Control,True,LTG,L,MOD,Modified Response,95.8,48.3318,-92.02420000000001,2026-07-14 16:08:00+00:00,2026-07-23 15:19:00+00:00,2026-07-30 23:07:43+00:00,Lightning,High-confidence provisional,True,True,True,True,True
338269569,-1,50.7045,-90.0775,SLK_FIRE_091,38.0,LTG,L,1784042640000,1785003060000,GMT,BM,-1,MON,-1,0,-1,-1,ON     ,1785452863000,-90.07750771803718,50.704509000118804,338269569,Point,2026-07-31T04:59:30.982399+00:00,https://ws.lioservices.lrc.gov.on.ca/arcgis1061a/rest/services/MNRF/Ontario_Fires_Map/MapServer/0/query,SLK_FIRE_091,ON,BM,,"Being Monitored (provisional, unconfirmed code)",Provisional,"Being Monitored (provisional, unconfirmed code)",True,LTG,L,MON,Monitored Response,38.0,50.7045,-90.0775,2026-07-14 15:24:00+00:00,2026-07-25 18:11:00+00:00,2026-07-30 23:07:43+00:00,Lightning,High-confidence provisional,True,True,True,True,True
338269601,-1,50.128800000000005,-87.647,NIP_FIRE_042,15.0,LTG,L,1784041140000,1784502300000,GMT,BM,-1,MON,-1,0,-1,-1,ON     ,1785452863000,-87.64700683870552,50.12880910314513,338269601,Point,2026-07-31T04:59:30.982399+00:00,https://ws.lioservices.lrc.gov.on.ca/arcgis1061a/rest/services/MNRF/Ontario_Fires_Map/MapServer/0/query,NIP_FIRE_042,ON,BM,,"Being Monitored (provisional, unconfirmed code)",Provisional,"Being Monitored (provisional, unconfirmed code)",True,LTG,L,MON,Monitored Response,15.0,50.128800000000005,-87.647,2026-07-14 14:59:00+00:00,2026-07-19 23:05:00+00:00,2026-07-30 23:07:43+00:00,Lightning,High-confidence provisional,True,True,True,True,True
338269649,-1,51.2017,-87.7936,NIP_FIRE_040,102.0,LTG,L,1783991160000,1784502000000,GMT,BM,-1,MON,-1,0,-1,-1,ON     ,1785452863000,-87.79360707471223,51.201709230534725,338269649,Point,2026-07-31T04:59:30.982399+00:00,https://ws.lioservices.lrc.gov.on.ca/arcgis1061a/rest/services/MNRF/Ontario_Fires_Map/MapServer/0/query,NIP_FIRE_040,ON,BM,,"Being Monitored (provisional, unconfirmed code)",Provisional,"Being Monitored (provisional, unconfirmed code)",True,LTG,L,MON,Monitored Response,102.0,51.2017,-87.7936,2026-07-14 01:06:00+00:00,2026-07-19 23:00:00+00:00,2026-07-30 23:07:43+00:00,Lightning,High-confidence provisional,True,True,True,True,True
338269665,-1,50.3879,-87.4437,NIP_FIRE_039,24.5,LTG,L,1783990440000,1784301300000,GMT,OC,-1,FUL,-1,0,-1,-1,ON     ,1785452863000,-87.44370681713208,50.387909151246696,338269665,Point,2026-07-31T04:59:30.982399+00:00,https://ws.lioservices.lrc.gov.on.ca/arcgis1061a/rest/services/MNRF/Ontario_Fires_Map/MapServer/0/query,NIP_FIRE_039,ON,OC,Out of Control,,Confirmed,Out of Control,True,LTG,L,FUL,Full Response,24.5,50.3879,-87.4437,2026-07-14 00:54:00+00:00,2026-07-17 15:15:00+00:00,2026-07-30 23:07:43+00:00,Lightning,High-confidence provisional,True,True,True,True,True
338269681,-1,50.433800000000005,-87.4287,NIP_FIRE_038,488.8,LTG,L,1783990200000,1784301300000,GMT,OC,-1,FUL,-1,0,-1,-1,ON     ,1785452863000,-87.42870682013856,50.43380915827102,338269681,Point,2026-07-31T04:59:30.982399+00:00,https://ws.lioservices.lrc.gov.on.ca/arcgis1061a/rest/services/MNRF/Ontario_Fires_Map/MapServer/0/query,NIP_FIRE_038,ON,OC,Out of Control,,Confirmed,Out of Control,True,LTG,L,FUL,Full Response,488.8,50.433800000000005,-87.4287,2026-07-14 00:50:00+00:00,2026-07-17 15:15:00+00:00,2026-07-30 23:07:43+00:00,Lightning,High-confidence provisional,True,True,True,True,True
338269697,-1,48.719500000000004,-91.2736,FOR_FIRE_038,44.2,HUM,H,1783988580000,1785171600000,GMT,UC,-1,FUL,-1,0,-1,-1,ON     ,1785452863000,-91.27360773679058,48.7195086563562,338269697,Point,2026-07-31T04:59:30.982399+00:00,https://ws.lioservices.lrc.gov.on.ca/arcgis1061a/rest/services/MNRF/Ontario_Fires_Map/MapServer/0/query,FOR_FIRE_038,ON,UC,Under Control,,Confirmed,Under Control,True,HUM,H,FUL,Full Response,44.2,48.719500000000004,-91.2736,2026-07-14 00:23:00+00:00,2026-07-27 17:00:00+00:00,2026-07-30 23:07:43+00:00,Unmapped,Requires review,True,True,True,True,True
338269713,-1,49.237100000000005,-91.8508,DRY_FIRE_036,1710.0,HUM,H,1783984860000,1785427200000,GMT,BH,-1,FUL,-1,0,-1,-1,ON     ,1785452863000,-91.85080800216068,49.23710868047276,338269713,Point,2026-07-31T04:59:30.982399+00:00,https://ws.lioservices.lrc.gov.on.ca/arcgis1061a/rest/services/MNRF/Ontario_Fires_Map/MapServer/0/query,DRY_FIRE_036,ON,BH,Being Held,,Confirmed,Being Held,True,HUM,H,FUL,Full Response,1710.0,49.237100000000005,-91.8508,2026-07-13 23:21:00+00:00,2026-07-30 16:00:00+00:00,2026-07-30 23:07:43+00:00,Unmapped,Requires review,True,True,True,True,True
338269745,-1,50.2509,-88.5446,THU_FIRE_059,17.0,HUM,H,1783983180000,1784846700000,GMT,BM,-1,FUL,-1,0,-1,-1,ON     ,1785452863000,-88.54460714786617,50.25090905543014,338269745,Point,2026-07-31T04:59:30.982399+00:00,https://ws.lioservices.lrc.gov.on.ca/arcgis1061a/rest/services/MNRF/Ontario_Fires_Map/MapServer/0/query,THU_FIRE_059,ON,BM,,"Being Monitored (provisional, unconfirmed code)",Provisional,"Being Monitored (provisional, unconfirmed code)",True,HUM,H,FUL,Full Response,17.0,50.2509,-88.5446,2026-07-13 22:53:00+00:00,2026-07-23 22:45:00+00:00,2026-07-30 23:07:43+00:00,Unmapped,Requires review,True,True,True,True,True
338269793,-1,50.587700000000005,-90.67530000000001,SLK_FIRE_089,7190.1,LTG,L,1783980540000,1784932860000,GMT,OC,-1,FUL,-1,0,-1,-1,ON     ,1785452863000,-90.67530788486636,50.58770894028955,338269793,Point,2026-07-31T04:59:30.982399+00:00,https://ws.lioservices.lrc.gov.on.ca/arcgis1061a/rest/services/MNRF/Ontario_Fires_Map/MapServer/0/query,SLK_FIRE_089,ON,OC,Out of Control,,Confirmed,Out of Control,True,LTG,L,FUL,Full Response,7190.1,50.587700000000005,-90.67530000000001,2026-07-13 22:09:00+00:00,2026-07-24 22:41:00+00:00,2026-07-30 23:07:43+00:00,Lightning,High-confidence provisional,True,True,True,True,True
338269809,-1,50.3266,-87.8113,NIP_FIRE_037,911.9,LTG,L,1783980540000,1784301300000,GMT,OC,-1,FUL,-1,0,-1,-1,ON     ,1785452863000,-87.81130692543468,50.326609117439084,338269809,Point,2026-07-31T04:59:30.982399+00:00,https://ws.lioservices.lrc.gov.on.ca/arcgis1061a/rest/services/MNRF/Ontario_Fires_Map/MapServer/0/query,NIP_FIRE_037,ON,OC,Out of Control,,Confirmed,Out of Control,True,LTG,L,FUL,Full Response,911.9,50.3266,-87.8113,2026-07-13 22:09:00+00:00,2026-07-17 15:15:00+00:00,2026-07-30 23:07:43+00:00,Lightning,High-confidence provisional,True,True,True,True,True
338269825,-1,49.630100000000006,-90.098,DRY_FIRE_035,22461.0,HUM,H,1783980420000,1784481600000,GMT,OC,-1,FUL,-1,0,-1,-1,ON     ,1785452863000,-90.09800753049315,49.630108862169,338269825,Point,2026-07-31T04:59:30.982399+00:00,https://ws.lioservices.lrc.gov.on.ca/arcgis1061a/rest/services/MNRF/Ontario_Fires_Map/MapServer/0/query,DRY_FIRE_035,ON,OC,Out of Control,,Confirmed,Out of Control,True,HUM,H,FUL,Full Response,22461.0,49.630100000000006,-90.098,2026-07-13 22:07:00+00:00,2026-07-19 17:20:00+00:00,2026-07-30 23:07:43+00:00,Unmapped,Requires review,True,True,True,True,True
338269857,-1,49.982800000000005,-90.1717,DRY_FIRE_034,44954.0,HUM,H,1783979520000,1784481600000,GMT,OC,-1,FUL,-1,0,-1,-1,ON     ,1785452863000,-90.17170761580654,49.98280890210485,338269857,Point,2026-07-31T04:59:30.982399+00:00,https://ws.lioservices.lrc.gov.on.ca/arcgis1061a/rest/services/MNRF/Ontario_Fires_Map/MapServer/0/query,DRY_FIRE_034,ON,OC,Out of Control,,Confirmed,Out of Control,True,HUM,H,FUL,Full Response,44954.0,49.982800000000005,-90.1717,2026-07-13 21:52:00+00:00,2026-07-19 17:20:00+00:00,2026-07-30 23:07:43+00:00,Unmapped,Requires review,True,True,True,True,True
338269937,-1,49.9547,-91.3463,SLK_FIRE_087,0.2,LTG,L,1783973880000,1784055900000,GMT,BM,-1,MON,-1,0,-1,-1,ON     ,1785452863000,-91.34630797655294,49.95470881006123,338269937,Point,2026-07-31T04:59:30.982399+00:00,https://ws.lioservices.lrc.gov.on.ca/arcgis1061a/rest/services/MNRF/Ontario_Fires_Map/MapServer/0/query,SLK_FIRE_087,ON,BM,,"Being Monitored (provisional, unconfirmed code)",Provisional,"Being Monitored (provisional, unconfirmed code)",True,LTG,L,MON,Monitored Response,0.2,49.9547,-91.3463,2026-07-13 20:18:00+00:00,2026-07-14 19:05:00+00:00,2026-07-30 23:07:43+00:00,Lightning,High-confidence provisional,True,True,True,True,True
338269953,-1,49.3898,-90.4402,THU_FIRE_056,7947.0,LTG,L,1783973700000,1784471220000,GMT,OC,-1,FUL,-1,0,-1,-1,ON     ,1785452863000,-90.44020759523264,49.38980880575299,338269953,Point,2026-07-31T04:59:30.982399+00:00,https://ws.lioservices.lrc.gov.on.ca/arcgis1061a/rest/services/MNRF/Ontario_Fires_Map/MapServer/0/query,THU_FIRE_056,ON,OC,Out of Control,,Confirmed,Out of Control,True,LTG,L,FUL,Full Response,7947.0,49.3898,-90.4402,2026-07-13 20:15:00+00:00,2026-07-19 14:27:00+00:00,2026-07-30 23:07:43+00:00,Lightning,High-confidence provisional,True,True,True,True,True
338269985,-1,50.939800000000005,-90.43860000000001,SLK_FIRE_086,5644.0,LTG,L,1783971840000,1784933040000,GMT,OC,-1,FUL,-1,0,-1,-1,ON     ,1785452863000,-90.43860787700326,50.93980900174785,338269985,Point,2026-07-31T04:59:30.982399+00:00,https://ws.lioservices.lrc.gov.on.ca/arcgis1061a/rest/services/MNRF/Ontario_Fires_Map/MapServer/0/query,SLK_FIRE_086,ON,OC,Out of Control,,Confirmed,Out of Control,True,LTG,L,FUL,Full Response,5644.0,50.939800000000005,-90.43860000000001,2026-07-13 19:44:00+00:00,2026-07-24 22:44:00+00:00,2026-07-30 23:07:43+00:00,Lightning,High-confidence provisional,True,True,True,True,True
338270017,-1,49.7549,-89.9496,THU_FIRE_054,7389.5,LTG,L,1783970880000,1785016620000,GMT,OC,-1,FUL,-1,0,-1,-1,ON     ,1785452863000,-89.9496075058919,49.75490888923464,338270017,Point,2026-07-31T04:59:30.982399+00:00,https://ws.lioservices.lrc.gov.on.ca/arcgis1061a/rest/services/MNRF/Ontario_Fires_Map/MapServer/0/query,THU_FIRE_054,ON,OC,Out of Control,,Confirmed,Out of Control,True,LTG,L,FUL,Full Response,7389.5,49.7549,-89.9496,2026-07-13 19:28:00+00:00,2026-07-25 21:57:00+00:00,2026-07-30 23:07:43+00:00,Lightning,High-confidence provisional,True,True,True,True,True
338270033,-1,51.1409,-88.69030000000001,NIP_FIRE_035,150.0,LTG,L,1783970040000,1783985400000,GMT,BM,-1,MON,-1,0,-1,-1,ON     ,1785452863000,-88.69030735508632,51.14090915771833,338270033,Point,2026-07-31T04:59:30.982399+00:00,https://ws.lioservices.lrc.gov.on.ca/arcgis1061a/rest/services/MNRF/Ontario_Fires_Map/MapServer/0/query,NIP_FIRE_035,ON,BM,,"Being Monitored (provisional, unconfirmed code)",Provisional,"Being Monitored (provisional, unconfirmed code)",True,LTG,L,MON,Monitored Response,150.0,51.1409,-88.69030000000001,2026-07-13 19:14:00+00:00,2026-07-13 23:30:00+00:00,2026-07-30 23:07:43+00:00,Lightning,High-confidence provisional,True,True,True,True,True
338270049,-1,48.249,-91.90140000000001,FOR_FIRE_037,3448.0,LTG,L,1783967340000,1784504400000,GMT,BM,-1,MON,-1,0,-1,-1,ON     ,1785452863000,-91.90140784801498,48.24900854755075,338270049,Point,2026-07-31T04:59:30.982399+00:00,https://ws.lioservices.lrc.gov.on.ca/arcgis1061a/rest/services/MNRF/Ontario_Fires_Map/MapServer/0/query,FOR_FIRE_037,ON,BM,,"Being Monitored (provisional, unconfirmed code)",Provisional,"Being Monitored (provisional, unconfirmed code)",True,LTG,L,MON,Monitored Response,3448.0,48.249,-91.90140000000001,2026-07-13 18:29:00+00:00,2026-07-19 23:40:00+00:00,2026-07-30 23:07:43+00:00,Lightning,High-confidence provisional,True,True,True,True,True
338270065,-1,50.7058,-90.78280000000001,SLK_FIRE_084,4796.6,LTG,L,1783966980000,1784933040000,GMT,OC,-1,FUL,-1,0,-1,-1,ON     ,1785452863000,-90.78280794102129,50.705808946651615,338270065,Point,2026-07-31T04:59:30.982399+00:00,https://ws.lioservices.lrc.gov.on.ca/arcgis1061a/rest/services/MNRF/Ontario_Fires_Map/MapServer/0/query,SLK_FIRE_084,ON,OC,Out of Control,,Confirmed,Out of Control,True,LTG,L,FUL,Full Response,4796.6,50.7058,-90.78280000000001,2026-07-13 18:23:00+00:00,2026-07-24 22:44:00+00:00,2026-07-30 23:07:43+00:00,Lightning,High-confidence provisional,True,True,True,True,True
338270129,-1,48.2852,-90.10220000000001,THU_FIRE_051,22.5,HUM,H,1783954740000,1785016800000,GMT,UC,-1,FUL,-1,0,-1,-1,ON     ,1785452863000,-90.10220730728894,48.28520868311398,338270129,Point,2026-07-31T04:59:30.982399+00:00,https://ws.lioservices.lrc.gov.on.ca/arcgis1061a/rest/services/MNRF/Ontario_Fires_Map/MapServer/0/query,THU_FIRE_051,ON,UC,Under Control,,Confirmed,Under Control,True,HUM,H,FUL,Full Response,22.5,48.2852,-90.10220000000001,2026-07-13 14:59:00+00:00,2026-07-25 22:00:00+00:00,2026-07-30 23:07:43+00:00,Unmapped,Requires review,True,True,True,True,True
338270193,-1,49.0887,-91.10090000000001,FOR_FIRE_035,45.0,LTG,L,1783900980000,1784732400000,GMT,BM,-1,MOD,-1,0,-1,-1,ON     ,1785452863000,-91.10090774698746,49.08870871759728,338270193,Point,2026-07-31T04:59:30.982399+00:00,https://ws.lioservices.lrc.gov.on.ca/arcgis1061a/rest/services/MNRF/Ontario_Fires_Map/MapServer/0/query,FOR_FIRE_035,ON,BM,,"Being Monitored (provisional, unconfirmed code)",Provisional,"Being Monitored (provisional, unconfirmed code)",True,LTG,L,MOD,Modified Response,45.0,49.0887,-91.10090000000001,2026-07-13 00:03:00+00:00,2026-07-22 15:00:00+00:00,2026-07-30 23:07:43+00:00,Lightning,High-confidence provisional,True,True,True,True,True
338270209,-1,50.9699,-89.92620000000001,THU_FIRE_048,0.5,HUM,H,1783899540000,1784495340000,GMT,BM,-1,MON,-1,0,-1,-1,ON     ,1785452863000,-89.9262077199046,50.96990904439588,338270209,Point,2026-07-31T04:59:30.982399+00:00,https://ws.lioservices.lrc.gov.on.ca/arcgis1061a/rest/services/MNRF/Ontario_Fires_Map/MapServer/0/query,THU_FIRE_048,ON,BM,,"Being Monitored (provisional, unconfirmed code)",Provisional,"Being Monitored (provisional, unconfirmed code)",True,HUM,H,MON,Monitored Response,0.5,50.9699,-89.92620000000001,2026-07-12 23:39:00+00:00,2026-07-19 21:09:00+00:00,2026-07-30 23:07:43+00:00,Unmapped,Requires review,True,True,True,True,True
338270257,-1,51.4951,-89.3733,SLK_FIRE_083,15.0,LTG,L,1783897080000,1783898100000,GMT,BM,-1,MON,-1,0,-1,-1,ON     ,1785452863000,-89.37330764308348,51.49510915043263,338270257,Point,2026-07-31T04:59:30.982399+00:00,https://ws.lioservices.lrc.gov.on.ca/arcgis1061a/rest/services/MNRF/Ontario_Fires_Map/MapServer/0/query,SLK_FIRE_083,ON,BM,,"Being Monitored (provisional, unconfirmed code)",Provisional,"Being Monitored (provisional, unconfirmed code)",True,LTG,L,MON,Monitored Response,15.0,51.4951,-89.3733,2026-07-12 22:58:00+00:00,2026-07-12 23:15:00+00:00,2026-07-30 23:07:43+00:00,Lightning,High-confidence provisional,True,True,True,True,True
338270273,-1,47.2775,-84.5896,WAW_FIRE_015,7.0,LTG,L,1783896960000,1785180600000,GMT,BH,-1,MOD,-1,0,-1,-1,ON     ,1785452863000,-84.58960543503315,47.27750890011975,338270273,Point,2026-07-31T04:59:30.982399+00:00,https://ws.lioservices.lrc.gov.on.ca/arcgis1061a/rest/services/MNRF/Ontario_Fires_Map/MapServer/0/query,WAW_FIRE_015,ON,BH,Being Held,,Confirmed,Being Held,True,LTG,L,MOD,Modified Response,7.0,47.2775,-84.5896,2026-07-12 22:56:00+00:00,2026-07-27 19:30:00+00:00,2026-07-30 23:07:43+00:00,Lightning,High-confidence provisional,True,True,True,True,True
338270449,-1,52.193200000000004,-92.7637,RED_FIRE_023,638.0,LTG,L,1783889820000,1784574000000,GMT,OC,-1,MDP,-1,0,-1,-1,ON     ,1785452863000,-92.76370886856357,52.19320896356222,338270449,Point,2026-07-31T04:59:30.982399+00:00,https://ws.lioservices.lrc.gov.on.ca/arcgis1061a/rest/services/MNRF/Ontario_Fires_Map/MapServer/0/query,RED_FIRE_023,ON,OC,Out of Control,,Confirmed,Out of Control,True,LTG,L,MDP,Unmapped,638.0,52.193200000000004,-92.7637,2026-07-12 20:57:00+00:00,2026-07-20 19:00:00+00:00,2026-07-30 23:07:43+00:00,Lightning,High-confidence provisional,True,True,True,True,True
338270641,-1,50.6828,-89.468,THU_FIRE_036,313930.0,LTG,L,1783875420000,1784934120000,GMT,OC,-1,FUL,-1,0,-1,-1,ON     ,1785452863000,-89.46800752022442,50.6828090430043,338270641,Point,2026-07-31T04:59:30.982399+00:00,https://ws.lioservices.lrc.gov.on.ca/arcgis1061a/rest/services/MNRF/Ontario_Fires_Map/MapServer/0/query,THU_FIRE_036,ON,OC,Out of Control,,Confirmed,Out of Control,True,LTG,L,FUL,Full Response,313930.0,50.6828,-89.468,2026-07-12 16:57:00+00:00,2026-07-24 23:02:00+00:00,2026-07-30 23:07:43+00:00,Lightning,High-confidence provisional,True,True,True,True,True
338270705,-1,51.202600000000004,-90.02600000000001,SLK_FIRE_074,3334.0,LTG,L,1783865220000,1784492520000,GMT,OC,-1,MOD,-1,0,-1,-1,ON     ,1785452863000,-90.02600779624878,51.2026090653566,338270705,Point,2026-07-31T04:59:30.982399+00:00,https://ws.lioservices.lrc.gov.on.ca/arcgis1061a/rest/services/MNRF/Ontario_Fires_Map/MapServer/0/query,SLK_FIRE_074,ON,OC,Out of Control,,Confirmed,Out of Control,True,LTG,L,MOD,Modified Response,3334.0,51.202600000000004,-90.02600000000001,2026-07-12 14:07:00+00:00,2026-07-19 20:22:00+00:00,2026-07-30 23:07:43+00:00,Lightning,High-confidence provisional,True,True,True,True,True
338270737,-1,51.8318,-92.1735,SLK_FIRE_072,23597.0,LTG,L,1783810680000,1784581080000,GMT,OC,-1,FUL,-1,0,-1,-1,ON     ,1785452863000,-92.17350860482503,51.831808970947364,338270737,Point,2026-07-31T04:59:30.982399+00:00,https://ws.lioservices.lrc.gov.on.ca/arcgis1061a/rest/services/MNRF/Ontario_Fires_Map/MapServer/0/query,SLK_FIRE_072,ON,OC,Out of Control,,Confirmed,Out of Control,True,LTG,L,FUL,Full Response,23597.0,51.8318,-92.1735,2026-07-11 22:58:00+00:00,2026-07-20 20:58:00+00:00,2026-07-30 23:07:43+00:00,Lightning,High-confidence provisional,True,True,True,True,True
338270753,-1,51.6313,-92.1757,SLK_FIRE_071,13744.0,LTG,L,1783809780000,1784384040000,GMT,OC,-1,FUL,-1,0,-1,-1,ON     ,1785452863000,-92.17570856336596,51.63130894759785,338270753,Point,2026-07-31T04:59:30.982399+00:00,https://ws.lioservices.lrc.gov.on.ca/arcgis1061a/rest/services/MNRF/Ontario_Fires_Map/MapServer/0/query,SLK_FIRE_071,ON,OC,Out of Control,,Confirmed,Out of Control,True,LTG,L,FUL,Full Response,13744.0,51.6313,-92.1757,2026-07-11 22:43:00+00:00,2026-07-18 14:14:00+00:00,2026-07-30 23:07:43+00:00,Lightning,High-confidence provisional,True,True,True,True,True
338270785,-1,51.7766,-91.1517,SLK_FIRE_070,2575.5,LTG,L,1783806840000,1784930880000,GMT,BM,-1,MON,-1,0,-1,-1,ON     ,1785452863000,-91.15170826970098,51.776609046525316,338270785,Point,2026-07-31T04:59:30.982399+00:00,https://ws.lioservices.lrc.gov.on.ca/arcgis1061a/rest/services/MNRF/Ontario_Fires_Map/MapServer/0/query,SLK_FIRE_070,ON,BM,,"Being Monitored (provisional, unconfirmed code)",Provisional,"Being Monitored (provisional, unconfirmed code)",True,LTG,L,MON,Monitored Response,2575.5,51.7766,-91.1517,2026-07-11 21:54:00+00:00,2026-07-24 22:08:00+00:00,2026-07-30 23:07:43+00:00,Lightning,High-confidence provisional,True,True,True,True,True
338270881,-1,51.3036,-88.1841,NIP_FIRE_032,1811.0,LTG,L,1783795020000,1784502000000,GMT,BM,-1,MON,-1,0,-1,-1,ON     ,1785452863000,-88.18410722087877,51.30360921501381,338270881,Point,2026-07-31T04:59:30.982399+00:00,https://ws.lioservices.lrc.gov.on.ca/arcgis1061a/rest/services/MNRF/Ontario_Fires_Map/MapServer/0/query,NIP_FIRE_032,ON,BM,,"Being Monitored (provisional, unconfirmed code)",Provisional,"Being Monitored (provisional, unconfirmed code)",True,LTG,L,MON,Monitored Response,1811.0,51.3036,-88.1841,2026-07-11 18:37:00+00:00,2026-07-19 23:00:00+00:00,2026-07-30 23:07:43+00:00,Lightning,High-confidence provisional,True,True,True,True,True
338270897,-1,52.603300000000004,-86.18260000000001,NIP_FIRE_031,2.0,LTG,L,1783792860000,1783792920000,GMT,BM,-1,MON,-1,0,-1,-1,ON     ,1785452863000,-86.18260680025394,52.6033095183308,338270897,Point,2026-07-31T04:59:30.982399+00:00,https://ws.lioservices.lrc.gov.on.ca/arcgis1061a/rest/services/MNRF/Ontario_Fires_Map/MapServer/0/query,NIP_FIRE_031,ON,BM,,"Being Monitored (provisional, unconfirmed code)",Provisional,"Being Monitored (provisional, unconfirmed code)",True,LTG,L,MON,Monitored Response,2.0,52.603300000000004,-86.18260000000001,2026-07-11 18:01:00+00:00,2026-07-11 18:02:00+00:00,2026-07-30 23:07:43+00:00,Lightning,High-confidence provisional,True,True,True,True,True
338270961,-1,51.8525,-92.5804,RED_FIRE_022,6195.0,LTG,L,1783717140000,1784218140000,GMT,BM,-1,MON,-1,0,-1,-1,ON     ,1785452863000,-92.58040873712599,51.852508940104954,338270961,Point,2026-07-31T04:59:30.982399+00:00,https://ws.lioservices.lrc.gov.on.ca/arcgis1061a/rest/services/MNRF/Ontario_Fires_Map/MapServer/0/query,RED_FIRE_022,ON,BM,,"Being Monitored (provisional, unconfirmed code)",Provisional,"Being Monitored (provisional, unconfirmed code)",True,LTG,L,MON,Monitored Response,6195.0,51.8525,-92.5804,2026-07-10 20:59:00+00:00,2026-07-16 16:09:00+00:00,2026-07-30 23:07:43+00:00,Lightning,High-confidence provisional,True,True,True,True,True
338271041,-1,51.9942,-88.76010000000001,NIP_FIRE_029,3.0,LTG,L,1783711800000,1783801800000,GMT,BM,-1,MON,-1,0,-1,-1,ON     ,1785452863000,-88.76010754104585,51.99420925686302,338271041,Point,2026-07-31T04:59:30.982399+00:00,https://ws.lioservices.lrc.gov.on.ca/arcgis1061a/rest/services/MNRF/Ontario_Fires_Map/MapServer/0/query,NIP_FIRE_029,ON,BM,,"Being Monitored (provisional, unconfirmed code)",Provisional,"Being Monitored (provisional, unconfirmed code)",True,LTG,L,MON,Monitored Response,3.0,51.9942,-88.76010000000001,2026-07-10 19:30:00+00:00,2026-07-11 20:30:00+00:00,2026-07-30 23:07:43+00:00,Lightning,High-confidence provisional,True,True,True,True,True
338271089,-1,51.3159,-91.2902,SLK_FIRE_066,817.3000000000001,LTG,L,1783634700000,1784161680000,GMT,OC,-1,FUL,-1,0,-1,-1,ON     ,1785452863000,-91.29020822002775,51.31590898114621,338271089,Point,2026-07-31T04:59:30.982399+00:00,https://ws.lioservices.lrc.gov.on.ca/arcgis1061a/rest/services/MNRF/Ontario_Fires_Map/MapServer/0/query,SLK_FIRE_066,ON,OC,Out of Control,,Confirmed,Out of Control,True,LTG,L,FUL,Full Response,817.3000000000001,51.3159,-91.2902,2026-07-09 22:05:00+00:00,2026-07-16 00:28:00+00:00,2026-07-30 23:07:43+00:00,Lightning,High-confidence provisional,True,True,True,True,True
338271153,-1,51.437400000000004,-91.4786,SLK_FIRE_064,3056.3,LTG,L,1783629360000,1784161620000,GMT,OC,-1,FUL,-1,0,-1,-1,ON     ,1785452863000,-91.47860830399067,51.43740898069374,338271153,Point,2026-07-31T04:59:30.982399+00:00,https://ws.lioservices.lrc.gov.on.ca/arcgis1061a/rest/services/MNRF/Ontario_Fires_Map/MapServer/0/query,SLK_FIRE_064,ON,OC,Out of Control,,Confirmed,Out of Control,True,LTG,L,FUL,Full Response,3056.3,51.437400000000004,-91.4786,2026-07-09 20:36:00+00:00,2026-07-16 00:27:00+00:00,2026-07-30 23:07:43+00:00,Lightning,High-confidence provisional,True,True,True,True,True
338271185,-1,52.255100000000006,-89.4972,SLK_FIRE_063,5.0,LTG,L,1783606440000,1783607700000,GMT,BM,-1,MON,-1,0,-1,-1,ON     ,1785452863000,-89.49720783439865,52.255109231865845,338271185,Point,2026-07-31T04:59:30.982399+00:00,https://ws.lioservices.lrc.gov.on.ca/arcgis1061a/rest/services/MNRF/Ontario_Fires_Map/MapServer/0/query,SLK_FIRE_063,ON,BM,,"Being Monitored (provisional, unconfirmed code)",Provisional,"Being Monitored (provisional, unconfirmed code)",True,LTG,L,MON,Monitored Response,5.0,52.255100000000006,-89.4972,2026-07-09 14:14:00+00:00,2026-07-09 14:35:00+00:00,2026-07-30 23:07:43+00:00,Lightning,High-confidence provisional,True,True,True,True,True
338271345,-1,54.8091,-87.13300000000001,COC_FIRE_034,1356.0,LTG,L,1783540260000,1783540320000,GMT,BM,-1,MON,-1,0,-1,-1,ON     ,1785452863000,-87.13300758755221,54.80910970105152,338271345,Point,2026-07-31T04:59:30.982399+00:00,https://ws.lioservices.lrc.gov.on.ca/arcgis1061a/rest/services/MNRF/Ontario_Fires_Map/MapServer/0/query,COC_FIRE_034,ON,BM,,"Being Monitored (provisional, unconfirmed code)",Provisional,"Being Monitored (provisional, unconfirmed code)",True,LTG,L,MON,Monitored Response,1356.0,54.8091,-87.13300000000001,2026-07-08 19:51:00+00:00,2026-07-08 19:52:00+00:00,2026-07-30 23:07:43+00:00,Lightning,High-confidence provisional,True,True,True,True,True
338271377,-1,54.335100000000004,-89.0032,COC_FIRE_033,127.0,LTG,L,1783539960000,1783540020000,GMT,BM,-1,MON,-1,0,-1,-1,ON     ,1785452863000,-89.00320812267546,54.33510950479414,338271377,Point,2026-07-31T04:59:30.982399+00:00,https://ws.lioservices.lrc.gov.on.ca/arcgis1061a/rest/services/MNRF/Ontario_Fires_Map/MapServer/0/query,COC_FIRE_033,ON,BM,,"Being Monitored (provisional, unconfirmed code)",Provisional,"Being Monitored (provisional, unconfirmed code)",True,LTG,L,MON,Monitored Response,127.0,54.335100000000004,-89.0032,2026-07-08 19:46:00+00:00,2026-07-08 19:47:00+00:00,2026-07-30 23:07:43+00:00,Lightning,High-confidence provisional,True,True,True,True,True
338271889,-1,52.216100000000004,-88.99730000000001,NIP_FIRE_026,891.0,LTG,L,1783279860000,1783801800000,GMT,BM,-1,MON,-1,0,-1,-1,ON     ,1785452863000,-88.99730766293838,52.21610926544086,338271889,Point,2026-07-31T04:59:30.982399+00:00,https://ws.lioservices.lrc.gov.on.ca/arcgis1061a/rest/services/MNRF/Ontario_Fires_Map/MapServer/0/query,NIP_FIRE_026,ON,BM,,"Being Monitored (provisional, unconfirmed code)",Provisional,"Being Monitored (provisional, unconfirmed code)",True,LTG,L,MON,Monitored Response,891.0,52.216100000000004,-88.99730000000001,2026-07-05 19:31:00+00:00,2026-07-11 20:30:00+00:00,2026-07-30 23:07:43+00:00,Lightning,High-confidence provisional,True,True,True,True,True
338271985,-1,49.598,-88.75160000000001,NIP_FIRE_025,254.0,HUM,H,1783200480000,1784734800000,GMT,BM,-1,MON,-1,0,-1,-1,ON     ,1785452863000,-88.75160710178957,49.598008955347964,338271985,Point,2026-07-31T04:59:30.982399+00:00,https://ws.lioservices.lrc.gov.on.ca/arcgis1061a/rest/services/MNRF/Ontario_Fires_Map/MapServer/0/query,NIP_FIRE_025,ON,BM,,"Being Monitored (provisional, unconfirmed code)",Provisional,"Being Monitored (provisional, unconfirmed code)",True,HUM,H,MON,Monitored Response,254.0,49.598,-88.75160000000001,2026-07-04 21:28:00+00:00,2026-07-22 15:40:00+00:00,2026-07-30 23:07:43+00:00,Unmapped,Requires review,True,True,True,True,True
338272225,-1,55.121700000000004,-87.6341,COC_FIRE_031,5.1000000000000005,LTG,L,1783008900000,1783193100000,GMT,BM,-1,MON,-1,0,-1,-1,ON     ,1785452863000,-87.63410783496587,55.1217096960284,338272225,Point,2026-07-31T04:59:30.982399+00:00,https://ws.lioservices.lrc.gov.on.ca/arcgis1061a/rest/services/MNRF/Ontario_Fires_Map/MapServer/0/query,COC_FIRE_031,ON,BM,,"Being Monitored (provisional, unconfirmed code)",Provisional,"Being Monitored (provisional, unconfirmed code)",True,LTG,L,MON,Monitored Response,5.1000000000000005,55.121700000000004,-87.6341,2026-07-02 16:15:00+00:00,2026-07-04 19:25:00+00:00,2026-07-30 23:07:43+00:00,Lightning,High-confidence provisional,True,True,True,True,True
338272241,-1,55.1299,-87.7281,COC_FIRE_030,1584.2,LTG,L,1783008600000,1783192980000,GMT,BM,-1,MON,-1,0,-1,-1,ON     ,1785452863000,-87.72810786972927,55.129909689602876,338272241,Point,2026-07-31T04:59:30.982399+00:00,https://ws.lioservices.lrc.gov.on.ca/arcgis1061a/rest/services/MNRF/Ontario_Fires_Map/MapServer/0/query,COC_FIRE_030,ON,BM,,"Being Monitored (provisional, unconfirmed code)",Provisional,"Being Monitored (provisional, unconfirmed code)",True,LTG,L,MON,Monitored Response,1584.2,55.1299,-87.7281,2026-07-02 16:10:00+00:00,2026-07-04 19:23:00+00:00,2026-07-30 23:07:43+00:00,Lightning,High-confidence provisional,True,True,True,True,True
338272257,-1,55.6647,-88.32650000000001,COC_FIRE_029,42.4,LTG,L,1783008300000,1783192740000,GMT,BM,-1,MON,-1,0,-1,-1,ON     ,1785452863000,-88.32650820902587,55.66470969798637,338272257,Point,2026-07-31T04:59:30.982399+00:00,https://ws.lioservices.lrc.gov.on.ca/arcgis1061a/rest/services/MNRF/Ontario_Fires_Map/MapServer/0/query,COC_FIRE_029,ON,BM,,"Being Monitored (provisional, unconfirmed code)",Provisional,"Being Monitored (provisional, unconfirmed code)",True,LTG,L,MON,Monitored Response,42.4,55.6647,-88.32650000000001,2026-07-02 16:05:00+00:00,2026-07-04 19:19:00+00:00,2026-07-30 23:07:43+00:00,Lightning,High-confidence provisional,True,True,True,True,True
338272273,-1,54.7445,-88.5433,COC_FIRE_028,763.0,LTG,L,1783008000000,1783192620000,GMT,BM,-1,MON,-1,0,-1,-1,ON     ,1785452863000,-88.54330806117113,54.74450958496488,338272273,Point,2026-07-31T04:59:30.982399+00:00,https://ws.lioservices.lrc.gov.on.ca/arcgis1061a/rest/services/MNRF/Ontario_Fires_Map/MapServer/0/query,COC_FIRE_028,ON,BM,,"Being Monitored (provisional, unconfirmed code)",Provisional,"Being Monitored (provisional, unconfirmed code)",True,LTG,L,MON,Monitored Response,763.0,54.7445,-88.5433,2026-07-02 16:00:00+00:00,2026-07-04 19:17:00+00:00,2026-07-30 23:07:43+00:00,Lightning,High-confidence provisional,True,True,True,True,True
338272289,-1,51.5459,-89.6067,SLK_FIRE_057,82.0,LTG,L,1782943020000,1784994720000,GMT,UC,-1,FUL,-1,0,-1,-1,ON     ,1785452863000,-89.60670772829918,51.54590913893106,338272289,Point,2026-07-31T04:59:30.982399+00:00,https://ws.lioservices.lrc.gov.on.ca/arcgis1061a/rest/services/MNRF/Ontario_Fires_Map/MapServer/0/query,SLK_FIRE_057,ON,UC,Under Control,,Confirmed,Under Control,True,LTG,L,FUL,Full Response,82.0,51.5459,-89.6067,2026-07-01 21:57:00+00:00,2026-07-25 15:52:00+00:00,2026-07-30 23:07:43+00:00,Lightning,High-confidence provisional,True,True,True,True,True
338272353,-1,52.794900000000005,-86.5468,NIP_FIRE_021,5.0,LTG,L,1782922440000,1782925200000,GMT,BM,-1,MON,-1,0,-1,-1,ON     ,1785452863000,-86.54680696072676,52.79490951535514,338272353,Point,2026-07-31T04:59:30.982399+00:00,https://ws.lioservices.lrc.gov.on.ca/arcgis1061a/rest/services/MNRF/Ontario_Fires_Map/MapServer/0/query,NIP_FIRE_021,ON,BM,,"Being Monitored (provisional, unconfirmed code)",Provisional,"Being Monitored (provisional, unconfirmed code)",True,LTG,L,MON,Monitored Response,5.0,52.794900000000005,-86.5468,2026-07-01 16:14:00+00:00,2026-07-01 17:00:00+00:00,2026-07-30 23:07:43+00:00,Lightning,High-confidence provisional,True,True,True,True,True
338272385,-1,48.5429,-91.4154,FOR_FIRE_015,42273.0,LTG,L,1782861780000,1785438000000,GMT,OC,-1,MOD,-1,0,-1,-1,ON     ,1785452863000,-91.41540775020586,48.54290862252619,338272385,Point,2026-07-31T04:59:30.982399+00:00,https://ws.lioservices.lrc.gov.on.ca/arcgis1061a/rest/services/MNRF/Ontario_Fires_Map/MapServer/0/query,FOR_FIRE_015,ON,OC,Out of Control,,Confirmed,Out of Control,True,LTG,L,MOD,Modified Response,42273.0,48.5429,-91.4154,2026-06-30 23:23:00+00:00,2026-07-30 19:00:00+00:00,2026-07-30 23:07:43+00:00,Lightning,High-confidence provisional,True,True,True,True,True
338272401,-1,52.0886,-89.504,SLK_FIRE_056,43.0,LTG,L,1782859440000,1782860040000,GMT,BM,-1,MON,-1,0,-1,-1,ON     ,1785452863000,-89.50400780280745,52.08860921170292,338272401,Point,2026-07-31T04:59:30.982399+00:00,https://ws.lioservices.lrc.gov.on.ca/arcgis1061a/rest/services/MNRF/Ontario_Fires_Map/MapServer/0/query,SLK_FIRE_056,ON,BM,,"Being Monitored (provisional, unconfirmed code)",Provisional,"Being Monitored (provisional, unconfirmed code)",True,LTG,L,MON,Monitored Response,43.0,52.0886,-89.504,2026-06-30 22:44:00+00:00,2026-06-30 22:54:00+00:00,2026-07-30 23:07:43+00:00,Lightning,High-confidence provisional,True,True,True,True,True
338272433,-1,48.8934,-90.9869,FOR_FIRE_014,51768.5,LTG,L,1782854640000,1785438000000,GMT,OC,-1,MOD,-1,0,-1,-1,ON     ,1785452863000,-90.98690767865226,48.89340870044783,338272433,Point,2026-07-31T04:59:30.982399+00:00,https://ws.lioservices.lrc.gov.on.ca/arcgis1061a/rest/services/MNRF/Ontario_Fires_Map/MapServer/0/query,FOR_FIRE_014,ON,OC,Out of Control,,Confirmed,Out of Control,True,LTG,L,MOD,Modified Response,51768.5,48.8934,-90.9869,2026-06-30 21:24:00+00:00,2026-07-30 19:00:00+00:00,2026-07-30 23:07:43+00:00,Lightning,High-confidence provisional,True,True,True,True,True
338272465,-1,54.0604,-90.2855,SLK_FIRE_054,73.4,LTG,L,1782781620000,1785022440000,GMT,BM,-1,MNP,-1,0,-1,-1,ON     ,1785452863000,-90.28550849025548,54.06040937232528,338272465,Point,2026-07-31T04:59:30.982399+00:00,https://ws.lioservices.lrc.gov.on.ca/arcgis1061a/rest/services/MNRF/Ontario_Fires_Map/MapServer/0/query,SLK_FIRE_054,ON,BM,,"Being Monitored (provisional, unconfirmed code)",Provisional,"Being Monitored (provisional, unconfirmed code)",True,LTG,L,MNP,Unmapped,73.4,54.0604,-90.2855,2026-06-30 01:07:00+00:00,2026-07-25 23:34:00+00:00,2026-07-30 23:07:43+00:00,Lightning,High-confidence provisional,True,True,True,True,True
338272497,-1,54.0763,-90.2692,SLK_FIRE_053,75.7,LTG,L,1782781380000,1785022380000,GMT,BM,-1,MNP,-1,0,-1,-1,ON     ,1785452863000,-90.26920848855596,54.0763093753549,338272497,Point,2026-07-31T04:59:30.982399+00:00,https://ws.lioservices.lrc.gov.on.ca/arcgis1061a/rest/services/MNRF/Ontario_Fires_Map/MapServer/0/query,SLK_FIRE_053,ON,BM,,"Being Monitored (provisional, unconfirmed code)",Provisional,"Being Monitored (provisional, unconfirmed code)",True,LTG,L,MNP,Unmapped,75.7,54.0763,-90.2692,2026-06-30 01:03:00+00:00,2026-07-25 23:33:00+00:00,2026-07-30 23:07:43+00:00,Lightning,High-confidence provisional,True,True,True,True,True
338272513,-1,54.554500000000004,-90.3904,SLK_FIRE_052,240.0,LTG,L,1782781320000,1782781380000,GMT,BM,-1,MON,-1,0,-1,-1,ON     ,1785452863000,-90.39040864368707,54.55450941602438,338272513,Point,2026-07-31T04:59:30.982399+00:00,https://ws.lioservices.lrc.gov.on.ca/arcgis1061a/rest/services/MNRF/Ontario_Fires_Map/MapServer/0/query,SLK_FIRE_052,ON,BM,,"Being Monitored (provisional, unconfirmed code)",Provisional,"Being Monitored (provisional, unconfirmed code)",True,LTG,L,MON,Monitored Response,240.0,54.554500000000004,-90.3904,2026-06-30 01:02:00+00:00,2026-06-30 01:03:00+00:00,2026-07-30 23:07:43+00:00,Lightning,High-confidence provisional,True,True,True,True,True
338272529,-1,54.320600000000006,-90.0685,SLK_FIRE_051,323.0,LTG,L,1782781260000,1782781320000,GMT,BM,-1,MON,-1,0,-1,-1,ON     ,1785452863000,-90.06850847916729,54.320609417736016,338272529,Point,2026-07-31T04:59:30.982399+00:00,https://ws.lioservices.lrc.gov.on.ca/arcgis1061a/rest/services/MNRF/Ontario_Fires_Map/MapServer/0/query,SLK_FIRE_051,ON,BM,,"Being Monitored (provisional, unconfirmed code)",Provisional,"Being Monitored (provisional, unconfirmed code)",True,LTG,L,MON,Monitored Response,323.0,54.320600000000006,-90.0685,2026-06-30 01:01:00+00:00,2026-06-30 01:02:00+00:00,2026-07-30 23:07:43+00:00,Lightning,High-confidence provisional,True,True,True,True,True
338272545,-1,54.2487,-89.894,SLK_FIRE_050,181.0,LTG,L,1782781200000,1782781260000,GMT,BM,-1,MON,-1,0,-1,-1,ON     ,1785452863000,-89.89400840349836,54.24870942423188,338272545,Point,2026-07-31T04:59:30.982399+00:00,https://ws.lioservices.lrc.gov.on.ca/arcgis1061a/rest/services/MNRF/Ontario_Fires_Map/MapServer/0/query,SLK_FIRE_050,ON,BM,,"Being Monitored (provisional, unconfirmed code)",Provisional,"Being Monitored (provisional, unconfirmed code)",True,LTG,L,MON,Monitored Response,181.0,54.2487,-89.894,2026-06-30 01:00:00+00:00,2026-06-30 01:01:00+00:00,2026-07-30 23:07:43+00:00,Lightning,High-confidence provisional,True,True,True,True,True
338272561,-1,54.307900000000004,-91.62660000000001,SLK_FIRE_049,702.3000000000001,LTG,L,1782781020000,1785022200000,GMT,BM,-1,MNP,-1,0,-1,-1,ON     ,1785452863000,-91.62660899502754,54.30790928722088,338272561,Point,2026-07-31T04:59:30.982399+00:00,https://ws.lioservices.lrc.gov.on.ca/arcgis1061a/rest/services/MNRF/Ontario_Fires_Map/MapServer/0/query,SLK_FIRE_049,ON,BM,,"Being Monitored (provisional, unconfirmed code)",Provisional,"Being Monitored (provisional, unconfirmed code)",True,LTG,L,MNP,Unmapped,702.3000000000001,54.307900000000004,-91.62660000000001,2026-06-30 00:57:00+00:00,2026-07-25 23:30:00+00:00,2026-07-30 23:07:43+00:00,Lightning,High-confidence provisional,True,True,True,True,True
338272577,-1,54.448100000000004,-91.61890000000001,SLK_FIRE_048,38.0,LTG,L,1782780960000,1782781020000,GMT,BM,-1,MON,-1,0,-1,-1,ON     ,1785452863000,-91.61890902727647,54.448109302365324,338272577,Point,2026-07-31T04:59:30.982399+00:00,https://ws.lioservices.lrc.gov.on.ca/arcgis1061a/rest/services/MNRF/Ontario_Fires_Map/MapServer/0/query,SLK_FIRE_048,ON,BM,,"Being Monitored (provisional, unconfirmed code)",Provisional,"Being Monitored (provisional, unconfirmed code)",True,LTG,L,MON,Monitored Response,38.0,54.448100000000004,-91.61890000000001,2026-06-30 00:56:00+00:00,2026-06-30 00:57:00+00:00,2026-07-30 23:07:43+00:00,Lightning,High-confidence provisional,True,True,True,True,True
338272593,-1,54.746100000000006,-91.8433,SLK_FIRE_047,27.0,LTG,L,1782780900000,1782780960000,GMT,BM,-1,MON,-1,0,-1,-1,ON     ,1785452863000,-91.8433091769332,54.74610931368122,338272593,Point,2026-07-31T04:59:30.982399+00:00,https://ws.lioservices.lrc.gov.on.ca/arcgis1061a/rest/services/MNRF/Ontario_Fires_Map/MapServer/0/query,SLK_FIRE_047,ON,BM,,"Being Monitored (provisional, unconfirmed code)",Provisional,"Being Monitored (provisional, unconfirmed code)",True,LTG,L,MON,Monitored Response,27.0,54.746100000000006,-91.8433,2026-06-30 00:55:00+00:00,2026-06-30 00:56:00+00:00,2026-07-30 23:07:43+00:00,Lightning,High-confidence provisional,True,True,True,True,True
338272609,-1,54.8907,-92.0356,SLK_FIRE_046,442.0,LTG,L,1782780840000,1782780960000,GMT,BM,-1,MON,-1,0,-1,-1,ON     ,1785452863000,-92.03560927804841,54.890709311707376,338272609,Point,2026-07-31T04:59:30.982399+00:00,https://ws.lioservices.lrc.gov.on.ca/arcgis1061a/rest/services/MNRF/Ontario_Fires_Map/MapServer/0/query,SLK_FIRE_046,ON,BM,,"Being Monitored (provisional, unconfirmed code)",Provisional,"Being Monitored (provisional, unconfirmed code)",True,LTG,L,MON,Monitored Response,442.0,54.8907,-92.0356,2026-06-30 00:54:00+00:00,2026-06-30 00:56:00+00:00,2026-07-30 23:07:43+00:00,Lightning,High-confidence provisional,True,True,True,True,True
338272625,-1,54.426100000000005,-91.931,SLK_FIRE_045,74.4,LTG,L,1782780780000,1785022140000,GMT,BM,-1,MNP,-1,0,-1,-1,ON     ,1785452863000,-91.93100912488217,54.42610927358186,338272625,Point,2026-07-31T04:59:30.982399+00:00,https://ws.lioservices.lrc.gov.on.ca/arcgis1061a/rest/services/MNRF/Ontario_Fires_Map/MapServer/0/query,SLK_FIRE_045,ON,BM,,"Being Monitored (provisional, unconfirmed code)",Provisional,"Being Monitored (provisional, unconfirmed code)",True,LTG,L,MNP,Unmapped,74.4,54.426100000000005,-91.931,2026-06-30 00:53:00+00:00,2026-07-25 23:29:00+00:00,2026-07-30 23:07:43+00:00,Lightning,High-confidence provisional,True,True,True,True,True
338272641,-1,54.067800000000005,-91.9662,SLK_FIRE_044,14.1,LTG,L,1782780720000,1785022140000,GMT,BM,-1,MNP,-1,0,-1,-1,ON     ,1785452863000,-91.96620904764278,54.067809233510445,338272641,Point,2026-07-31T04:59:30.982399+00:00,https://ws.lioservices.lrc.gov.on.ca/arcgis1061a/rest/services/MNRF/Ontario_Fires_Map/MapServer/0/query,SLK_FIRE_044,ON,BM,,"Being Monitored (provisional, unconfirmed code)",Provisional,"Being Monitored (provisional, unconfirmed code)",True,LTG,L,MNP,Unmapped,14.1,54.067800000000005,-91.9662,2026-06-30 00:52:00+00:00,2026-07-25 23:29:00+00:00,2026-07-30 23:07:43+00:00,Lightning,High-confidence provisional,True,True,True,True,True
338272657,-1,55.8692,-88.1817,COC_FIRE_025,39.0,LTG,L,1782753360000,1783264500000,GMT,BM,-1,MNP,-1,0,-1,-1,ON     ,1785452863000,-88.1817082094203,55.869209730285206,338272657,Point,2026-07-31T04:59:30.982399+00:00,https://ws.lioservices.lrc.gov.on.ca/arcgis1061a/rest/services/MNRF/Ontario_Fires_Map/MapServer/0/query,COC_FIRE_025,ON,BM,,"Being Monitored (provisional, unconfirmed code)",Provisional,"Being Monitored (provisional, unconfirmed code)",True,LTG,L,MNP,Unmapped,39.0,55.8692,-88.1817,2026-06-29 17:16:00+00:00,2026-07-05 15:15:00+00:00,2026-07-30 23:07:43+00:00,Lightning,High-confidence provisional,True,True,True,True,True
338272673,-1,55.857600000000005,-87.8394,COC_FIRE_024,15.0,LTG,L,1782753180000,1782753240000,GMT,BM,-1,MON,-1,0,-1,-1,ON     ,1785452863000,-87.83940808567318,55.85760975626388,338272673,Point,2026-07-31T04:59:30.982399+00:00,https://ws.lioservices.lrc.gov.on.ca/arcgis1061a/rest/services/MNRF/Ontario_Fires_Map/MapServer/0/query,COC_FIRE_024,ON,BM,,"Being Monitored (provisional, unconfirmed code)",Provisional,"Being Monitored (provisional, unconfirmed code)",True,LTG,L,MON,Monitored Response,15.0,55.857600000000005,-87.8394,2026-06-29 17:13:00+00:00,2026-06-29 17:14:00+00:00,2026-07-30 23:07:43+00:00,Lightning,High-confidence provisional,True,True,True,True,True
338272689,-1,53.657700000000006,-91.4496,SLK_FIRE_043,6.3,LTG,L,1782748920000,1784921040000,GMT,BM,-1,MON,-1,0,-1,-1,ON     ,1785452863000,-91.4496087800965,53.657709233449765,338272689,Point,2026-07-31T04:59:30.982399+00:00,https://ws.lioservices.lrc.gov.on.ca/arcgis1061a/rest/services/MNRF/Ontario_Fires_Map/MapServer/0/query,SLK_FIRE_043,ON,BM,,"Being Monitored (provisional, unconfirmed code)",Provisional,"Being Monitored (provisional, unconfirmed code)",True,LTG,L,MON,Monitored Response,6.3,53.657700000000006,-91.4496,2026-06-29 16:02:00+00:00,2026-07-24 19:24:00+00:00,2026-07-30 23:07:43+00:00,Lightning,High-confidence provisional,True,True,True,True,True
338272705,-1,54.0401,-88.8409,COC_FIRE_027,342.0,LTG,L,1782748800000,1783192260000,GMT,BM,-1,MON,-1,0,-1,-1,ON     ,1785452863000,-88.84090800005738,54.040109485531666,338272705,Point,2026-07-31T04:59:30.982399+00:00,https://ws.lioservices.lrc.gov.on.ca/arcgis1061a/rest/services/MNRF/Ontario_Fires_Map/MapServer/0/query,COC_FIRE_027,ON,BM,,"Being Monitored (provisional, unconfirmed code)",Provisional,"Being Monitored (provisional, unconfirmed code)",True,LTG,L,MON,Monitored Response,342.0,54.0401,-88.8409,2026-06-29 16:00:00+00:00,2026-07-04 19:11:00+00:00,2026-07-30 23:07:43+00:00,Lightning,High-confidence provisional,True,True,True,True,True
338272721,-1,55.7043,-87.6404,COC_FIRE_023,79.0,LTG,L,1782747600000,1782747720000,GMT,BM,-1,MON,-1,0,-1,-1,ON     ,1785452863000,-87.64040797739762,55.704309756250524,338272721,Point,2026-07-31T04:59:30.982399+00:00,https://ws.lioservices.lrc.gov.on.ca/arcgis1061a/rest/services/MNRF/Ontario_Fires_Map/MapServer/0/query,COC_FIRE_023,ON,BM,,"Being Monitored (provisional, unconfirmed code)",Provisional,"Being Monitored (provisional, unconfirmed code)",True,LTG,L,MON,Monitored Response,79.0,55.7043,-87.6404,2026-06-29 15:40:00+00:00,2026-06-29 15:42:00+00:00,2026-07-30 23:07:43+00:00,Lightning,High-confidence provisional,True,True,True,True,True
338272737,-1,55.2531,-87.0857,COC_FIRE_022,350.0,LTG,L,1782747420000,1782747780000,GMT,BM,-1,MON,-1,0,-1,-1,ON     ,1785452863000,-87.08570767353964,55.25310975213757,338272737,Point,2026-07-31T04:59:30.982399+00:00,https://ws.lioservices.lrc.gov.on.ca/arcgis1061a/rest/services/MNRF/Ontario_Fires_Map/MapServer/0/query,COC_FIRE_022,ON,BM,,"Being Monitored (provisional, unconfirmed code)",Provisional,"Being Monitored (provisional, unconfirmed code)",True,LTG,L,MON,Monitored Response,350.0,55.2531,-87.0857,2026-06-29 15:37:00+00:00,2026-06-29 15:43:00+00:00,2026-07-30 23:07:43+00:00,Lightning,High-confidence provisional,True,True,True,True,True
338272753,-1,55.2162,-87.0982,COC_FIRE_021,10.0,LTG,L,1782746940000,1782747780000,GMT,BM,-1,MON,-1,0,-1,-1,ON     ,1785452863000,-87.09820766929904,55.216209747273986,338272753,Point,2026-07-31T04:59:30.982399+00:00,https://ws.lioservices.lrc.gov.on.ca/arcgis1061a/rest/services/MNRF/Ontario_Fires_Map/MapServer/0/query,COC_FIRE_021,ON,BM,,"Being Monitored (provisional, unconfirmed code)",Provisional,"Being Monitored (provisional, unconfirmed code)",True,LTG,L,MON,Monitored Response,10.0,55.2162,-87.0982,2026-06-29 15:29:00+00:00,2026-06-29 15:43:00+00:00,2026-07-30 23:07:43+00:00,Lightning,High-confidence provisional,True,True,True,True,True
338272769,-1,54.717600000000004,-85.7758,COC_FIRE_020,650.0,LTG,L,1782691740000,1782691860000,GMT,BM,-1,MON,-1,0,-1,-1,ON     ,1785452863000,-85.77580709093164,54.71760979208106,338272769,Point,2026-07-31T04:59:30.982399+00:00,https://ws.lioservices.lrc.gov.on.ca/arcgis1061a/rest/services/MNRF/Ontario_Fires_Map/MapServer/0/query,COC_FIRE_020,ON,BM,,"Being Monitored (provisional, unconfirmed code)",Provisional,"Being Monitored (provisional, unconfirmed code)",True,LTG,L,MON,Monitored Response,650.0,54.717600000000004,-85.7758,2026-06-29 00:09:00+00:00,2026-06-29 00:11:00+00:00,2026-07-30 23:07:43+00:00,Lightning,High-confidence provisional,True,True,True,True,True
338272785,-1,54.8813,-85.78800000000001,COC_FIRE_019,5.0,LTG,L,1782691080000,1782691200000,GMT,BM,-1,MON,-1,0,-1,-1,ON     ,1785452863000,-85.78800713106341,54.88130980919136,338272785,Point,2026-07-31T04:59:30.982399+00:00,https://ws.lioservices.lrc.gov.on.ca/arcgis1061a/rest/services/MNRF/Ontario_Fires_Map/MapServer/0/query,COC_FIRE_019,ON,BM,,"Being Monitored (provisional, unconfirmed code)",Provisional,"Being Monitored (provisional, unconfirmed code)",True,LTG,L,MON,Monitored Response,5.0,54.8813,-85.78800000000001,2026-06-28 23:58:00+00:00,2026-06-29 00:00:00+00:00,2026-07-30 23:07:43+00:00,Lightning,High-confidence provisional,True,True,True,True,True
338272801,-1,54.9236,-85.79140000000001,COC_FIRE_018,17.0,LTG,L,1782690360000,1782691320000,GMT,BM,-1,MON,-1,0,-1,-1,ON     ,1785452863000,-85.79140714159027,54.92360981357078,338272801,Point,2026-07-31T04:59:30.982399+00:00,https://ws.lioservices.lrc.gov.on.ca/arcgis1061a/rest/services/MNRF/Ontario_Fires_Map/MapServer/0/query,COC_FIRE_018,ON,BM,,"Being Monitored (provisional, unconfirmed code)",Provisional,"Being Monitored (provisional, unconfirmed code)",True,LTG,L,MON,Monitored Response,17.0,54.9236,-85.79140000000001,2026-06-28 23:46:00+00:00,2026-06-29 00:02:00+00:00,2026-07-30 23:07:43+00:00,Lightning,High-confidence provisional,True,True,True,True,True
338272929,-1,55.9082,-88.2388,COC_FIRE_016,0.5,LTG,L,1782669540000,1782680280000,GMT,BM,-1,MON,-1,0,-1,-1,ON     ,1785452863000,-88.23880823940137,55.90820972966489,338272929,Point,2026-07-31T04:59:30.982399+00:00,https://ws.lioservices.lrc.gov.on.ca/arcgis1061a/rest/services/MNRF/Ontario_Fires_Map/MapServer/0/query,COC_FIRE_016,ON,BM,,"Being Monitored (provisional, unconfirmed code)",Provisional,"Being Monitored (provisional, unconfirmed code)",True,LTG,L,MON,Monitored Response,0.5,55.9082,-88.2388,2026-06-28 17:59:00+00:00,2026-06-28 20:58:00+00:00,2026-07-30 23:07:43+00:00,Lightning,High-confidence provisional,True,True,True,True,True
338272945,-1,55.32,-87.57430000000001,COC_FIRE_015,1.5,LTG,L,1782669420000,1782680340000,GMT,BM,-1,MON,-1,0,-1,-1,ON     ,1785452863000,-87.57430786108239,55.320009721537666,338272945,Point,2026-07-31T04:59:30.982399+00:00,https://ws.lioservices.lrc.gov.on.ca/arcgis1061a/rest/services/MNRF/Ontario_Fires_Map/MapServer/0/query,COC_FIRE_015,ON,BM,,"Being Monitored (provisional, unconfirmed code)",Provisional,"Being Monitored (provisional, unconfirmed code)",True,LTG,L,MON,Monitored Response,1.5,55.32,-87.57430000000001,2026-06-28 17:57:00+00:00,2026-06-28 20:59:00+00:00,2026-07-30 23:07:43+00:00,Lightning,High-confidence provisional,True,True,True,True,True
338272961,-1,56.0882,-88.9197,COC_FIRE_014,19.0,LTG,L,1782669300000,1782680340000,GMT,BM,-1,MON,-1,0,-1,-1,ON     ,1785452863000,-88.91970852532936,56.08820969265013,338272961,Point,2026-07-31T04:59:30.982399+00:00,https://ws.lioservices.lrc.gov.on.ca/arcgis1061a/rest/services/MNRF/Ontario_Fires_Map/MapServer/0/query,COC_FIRE_014,ON,BM,,"Being Monitored (provisional, unconfirmed code)",Provisional,"Being Monitored (provisional, unconfirmed code)",True,LTG,L,MON,Monitored Response,19.0,56.0882,-88.9197,2026-06-28 17:55:00+00:00,2026-06-28 20:59:00+00:00,2026-07-30 23:07:43+00:00,Lightning,High-confidence provisional,True,True,True,True,True
338272977,-1,55.573600000000006,-88.4345,COC_FIRE_013,1.0,LTG,L,1782669120000,1782680400000,GMT,BM,-1,MON,-1,0,-1,-1,ON     ,1785452863000,-88.43450822414006,55.57360968007096,338272977,Point,2026-07-31T04:59:30.982399+00:00,https://ws.lioservices.lrc.gov.on.ca/arcgis1061a/rest/services/MNRF/Ontario_Fires_Map/MapServer/0/query,COC_FIRE_013,ON,BM,,"Being Monitored (provisional, unconfirmed code)",Provisional,"Being Monitored (provisional, unconfirmed code)",True,LTG,L,MON,Monitored Response,1.0,55.573600000000006,-88.4345,2026-06-28 17:52:00+00:00,2026-06-28 21:00:00+00:00,2026-07-30 23:07:43+00:00,Lightning,High-confidence provisional,True,True,True,True,True
338272993,-1,55.3198,-89.63900000000001,COC_FIRE_012,93.0,LTG,L,1782669000000,1782680400000,GMT,BM,-1,MON,-1,0,-1,-1,ON     ,1785452863000,-89.63900857808012,55.31980955671149,338272993,Point,2026-07-31T04:59:30.982399+00:00,https://ws.lioservices.lrc.gov.on.ca/arcgis1061a/rest/services/MNRF/Ontario_Fires_Map/MapServer/0/query,COC_FIRE_012,ON,BM,,"Being Monitored (provisional, unconfirmed code)",Provisional,"Being Monitored (provisional, unconfirmed code)",True,LTG,L,MON,Monitored Response,93.0,55.3198,-89.63900000000001,2026-06-28 17:50:00+00:00,2026-06-28 21:00:00+00:00,2026-07-30 23:07:43+00:00,Lightning,High-confidence provisional,True,True,True,True,True
338273009,-1,55.280100000000004,-89.3844,COC_FIRE_011,8.0,LTG,L,1782668940000,1782680460000,GMT,BM,-1,MON,-1,0,-1,-1,ON     ,1785452863000,-89.3844084805371,55.28010957346283,338273009,Point,2026-07-31T04:59:30.982399+00:00,https://ws.lioservices.lrc.gov.on.ca/arcgis1061a/rest/services/MNRF/Ontario_Fires_Map/MapServer/0/query,COC_FIRE_011,ON,BM,,"Being Monitored (provisional, unconfirmed code)",Provisional,"Being Monitored (provisional, unconfirmed code)",True,LTG,L,MON,Monitored Response,8.0,55.280100000000004,-89.3844,2026-06-28 17:49:00+00:00,2026-06-28 21:01:00+00:00,2026-07-30 23:07:43+00:00,Lightning,High-confidence provisional,True,True,True,True,True
338273025,-1,55.3074,-89.37020000000001,COC_FIRE_010,9.0,LTG,L,1782668760000,1782680520000,GMT,BM,-1,MON,-1,0,-1,-1,ON     ,1785452863000,-89.37020848247265,55.30740957741136,338273025,Point,2026-07-31T04:59:30.982399+00:00,https://ws.lioservices.lrc.gov.on.ca/arcgis1061a/rest/services/MNRF/Ontario_Fires_Map/MapServer/0/query,COC_FIRE_010,ON,BM,,"Being Monitored (provisional, unconfirmed code)",Provisional,"Being Monitored (provisional, unconfirmed code)",True,LTG,L,MON,Monitored Response,9.0,55.3074,-89.37020000000001,2026-06-28 17:46:00+00:00,2026-06-28 21:02:00+00:00,2026-07-30 23:07:43+00:00,Lightning,High-confidence provisional,True,True,True,True,True
338273041,-1,55.1736,-89.3152,COC_FIRE_009,0.5,LTG,L,1782668700000,1782680520000,GMT,BM,-1,MON,-1,0,-1,-1,ON     ,1785452863000,-89.31520843023766,55.173609568151456,338273041,Point,2026-07-31T04:59:30.982399+00:00,https://ws.lioservices.lrc.gov.on.ca/arcgis1061a/rest/services/MNRF/Ontario_Fires_Map/MapServer/0/query,COC_FIRE_009,ON,BM,,"Being Monitored (provisional, unconfirmed code)",Provisional,"Being Monitored (provisional, unconfirmed code)",True,LTG,L,MON,Monitored Response,0.5,55.1736,-89.3152,2026-06-28 17:45:00+00:00,2026-06-28 21:02:00+00:00,2026-07-30 23:07:43+00:00,Lightning,High-confidence provisional,True,True,True,True,True
338273057,-1,54.7911,-88.48440000000001,COC_FIRE_008,153.0,LTG,L,1782668580000,1782680520000,GMT,BM,-1,MON,-1,0,-1,-1,ON     ,1785452863000,-88.4844080518906,54.791109594559735,338273057,Point,2026-07-31T04:59:30.982399+00:00,https://ws.lioservices.lrc.gov.on.ca/arcgis1061a/rest/services/MNRF/Ontario_Fires_Map/MapServer/0/query,COC_FIRE_008,ON,BM,,"Being Monitored (provisional, unconfirmed code)",Provisional,"Being Monitored (provisional, unconfirmed code)",True,LTG,L,MON,Monitored Response,153.0,54.7911,-88.48440000000001,2026-06-28 17:43:00+00:00,2026-06-28 21:02:00+00:00,2026-07-30 23:07:43+00:00,Lightning,High-confidence provisional,True,True,True,True,True
338273073,-1,53.603300000000004,-91.6315,SLK_FIRE_039,85.10000000000001,LTG,L,1782666960000,1785022080000,GMT,BM,-1,MNP,-1,0,-1,-1,ON     ,1785452863000,-91.63150882670462,53.60330921248819,338273073,Point,2026-07-31T04:59:30.982399+00:00,https://ws.lioservices.lrc.gov.on.ca/arcgis1061a/rest/services/MNRF/Ontario_Fires_Map/MapServer/0/query,SLK_FIRE_039,ON,BM,,"Being Monitored (provisional, unconfirmed code)",Provisional,"Being Monitored (provisional, unconfirmed code)",True,LTG,L,MNP,Unmapped,85.10000000000001,53.603300000000004,-91.6315,2026-06-28 17:16:00+00:00,2026-07-25 23:28:00+00:00,2026-07-30 23:07:43+00:00,Lightning,High-confidence provisional,True,True,True,True,True
338273089,-1,53.6775,-91.5216,SLK_FIRE_038,77.5,LTG,L,1782666660000,1785022020000,GMT,BM,-1,MNP,-1,0,-1,-1,ON     ,1785452863000,-91.52160880830886,53.67750922958729,338273089,Point,2026-07-31T04:59:30.982399+00:00,https://ws.lioservices.lrc.gov.on.ca/arcgis1061a/rest/services/MNRF/Ontario_Fires_Map/MapServer/0/query,SLK_FIRE_038,ON,BM,,"Being Monitored (provisional, unconfirmed code)",Provisional,"Being Monitored (provisional, unconfirmed code)",True,LTG,L,MNP,Unmapped,77.5,53.6775,-91.5216,2026-06-28 17:11:00+00:00,2026-07-25 23:27:00+00:00,2026-07-30 23:07:43+00:00,Lightning,High-confidence provisional,True,True,True,True,True
338273105,-1,53.676300000000005,-92.67370000000001,RED_FIRE_020,10.0,LTG,L,1782664500000,1782824400000,GMT,BM,-1,MNP,-1,0,-1,-1,ON     ,1785452863000,-92.6737091822439,53.67630913230543,338273105,Point,2026-07-31T04:59:30.982399+00:00,https://ws.lioservices.lrc.gov.on.ca/arcgis1061a/rest/services/MNRF/Ontario_Fires_Map/MapServer/0/query,RED_FIRE_020,ON,BM,,"Being Monitored (provisional, unconfirmed code)",Provisional,"Being Monitored (provisional, unconfirmed code)",True,LTG,L,MNP,Unmapped,10.0,53.676300000000005,-92.67370000000001,2026-06-28 16:35:00+00:00,2026-06-30 13:00:00+00:00,2026-07-30 23:07:43+00:00,Lightning,High-confidence provisional,True,True,True,True,True
338273249,-1,51.7393,-88.78790000000001,NIP_FIRE_018,24541.7,LTG,L,1782604020000,1784813400000,GMT,BM,-1,MOD,-1,0,-1,-1,ON     ,1785452863000,-88.78790750034233,51.7393092240209,338273249,Point,2026-07-31T04:59:30.982399+00:00,https://ws.lioservices.lrc.gov.on.ca/arcgis1061a/rest/services/MNRF/Ontario_Fires_Map/MapServer/0/query,NIP_FIRE_018,ON,BM,,"Being Monitored (provisional, unconfirmed code)",Provisional,"Being Monitored (provisional, unconfirmed code)",True,LTG,L,MOD,Modified Response,24541.7,51.7393,-88.78790000000001,2026-06-27 23:47:00+00:00,2026-07-23 13:30:00+00:00,2026-07-30 23:07:43+00:00,Lightning,High-confidence provisional,True,True,True,True,True
338273281,-1,52.8153,-89.8587,SLK_FIRE_029,153.0,LTG,L,1782602040000,1783463280000,GMT,BM,-1,MON,-1,0,-1,-1,ON     ,1785452863000,-89.85870806978201,52.815309268673744,338273281,Point,2026-07-31T04:59:30.982399+00:00,https://ws.lioservices.lrc.gov.on.ca/arcgis1061a/rest/services/MNRF/Ontario_Fires_Map/MapServer/0/query,SLK_FIRE_029,ON,BM,,"Being Monitored (provisional, unconfirmed code)",Provisional,"Being Monitored (provisional, unconfirmed code)",True,LTG,L,MON,Monitored Response,153.0,52.8153,-89.8587,2026-06-27 23:14:00+00:00,2026-07-07 22:28:00+00:00,2026-07-30 23:07:43+00:00,Lightning,High-confidence provisional,True,True,True,True,True
338273297,-1,53.0427,-91.18690000000001,SLK_FIRE_028,82.0,LTG,L,1782600720000,1783463220000,GMT,BM,-1,MON,-1,0,-1,-1,ON     ,1785452863000,-91.18690855318185,53.04270918800233,338273297,Point,2026-07-31T04:59:30.982399+00:00,https://ws.lioservices.lrc.gov.on.ca/arcgis1061a/rest/services/MNRF/Ontario_Fires_Map/MapServer/0/query,SLK_FIRE_028,ON,BM,,"Being Monitored (provisional, unconfirmed code)",Provisional,"Being Monitored (provisional, unconfirmed code)",True,LTG,L,MON,Monitored Response,82.0,53.0427,-91.18690000000001,2026-06-27 22:52:00+00:00,2026-07-07 22:27:00+00:00,2026-07-30 23:07:43+00:00,Lightning,High-confidence provisional,True,True,True,True,True
338273313,-1,51.829100000000004,-90.64240000000001,SLK_FIRE_027,10.0,LTG,L,1782600120000,1783110300000,GMT,BM,-1,MON,-1,0,-1,-1,ON     ,1785452863000,-90.64240811780307,51.82910909282724,338273313,Point,2026-07-31T04:59:30.982399+00:00,https://ws.lioservices.lrc.gov.on.ca/arcgis1061a/rest/services/MNRF/Ontario_Fires_Map/MapServer/0/query,SLK_FIRE_027,ON,BM,,"Being Monitored (provisional, unconfirmed code)",Provisional,"Being Monitored (provisional, unconfirmed code)",True,LTG,L,MON,Monitored Response,10.0,51.829100000000004,-90.64240000000001,2026-06-27 22:42:00+00:00,2026-07-03 20:25:00+00:00,2026-07-30 23:07:43+00:00,Lightning,High-confidence provisional,True,True,True,True,True
338273345,-1,52.7119,-90.77130000000001,SLK_FIRE_026,12.0,LTG,L,1782599820000,1782655380000,GMT,BM,-1,MON,-1,0,-1,-1,ON     ,1785452863000,-90.77130834527219,52.71190918454124,338273345,Point,2026-07-31T04:59:30.982399+00:00,https://ws.lioservices.lrc.gov.on.ca/arcgis1061a/rest/services/MNRF/Ontario_Fires_Map/MapServer/0/query,SLK_FIRE_026,ON,BM,,"Being Monitored (provisional, unconfirmed code)",Provisional,"Being Monitored (provisional, unconfirmed code)",True,LTG,L,MON,Monitored Response,12.0,52.7119,-90.77130000000001,2026-06-27 22:37:00+00:00,2026-06-28 14:03:00+00:00,2026-07-30 23:07:43+00:00,Lightning,High-confidence provisional,True,True,True,True,True
338273361,-1,53.167,-90.462,SLK_FIRE_025,134.5,LTG,L,1782599760000,1783183020000,GMT,BM,-1,MON,-1,0,-1,-1,ON     ,1785452863000,-90.4620083443831,53.167009260436636,338273361,Point,2026-07-31T04:59:30.982399+00:00,https://ws.lioservices.lrc.gov.on.ca/arcgis1061a/rest/services/MNRF/Ontario_Fires_Map/MapServer/0/query,SLK_FIRE_025,ON,BM,,"Being Monitored (provisional, unconfirmed code)",Provisional,"Being Monitored (provisional, unconfirmed code)",True,LTG,L,MON,Monitored Response,134.5,53.167,-90.462,2026-06-27 22:36:00+00:00,2026-07-04 16:37:00+00:00,2026-07-30 23:07:43+00:00,Lightning,High-confidence provisional,True,True,True,True,True
338273377,-1,53.441700000000004,-88.5725,NIP_FIRE_016,1474.2,LTG,L,1782596040000,1783602000000,GMT,BH,-1,FUL,-1,0,-1,-1,ON     ,1785452863000,-88.57250777728797,53.44170943980033,338273377,Point,2026-07-31T04:59:30.982399+00:00,https://ws.lioservices.lrc.gov.on.ca/arcgis1061a/rest/services/MNRF/Ontario_Fires_Map/MapServer/0/query,NIP_FIRE_016,ON,BH,Being Held,,Confirmed,Being Held,True,LTG,L,FUL,Full Response,1474.2,53.441700000000004,-88.5725,2026-06-27 21:34:00+00:00,2026-07-09 13:00:00+00:00,2026-07-30 23:07:43+00:00,Lightning,High-confidence provisional,True,True,True,True,True
338273409,-1,51.592800000000004,-90.56660000000001,SLK_FIRE_024,507.7,LTG,L,1782595920000,1783721880000,GMT,BM,-1,MOD,-1,0,-1,-1,ON     ,1785452863000,-90.56660804573285,51.592809070763124,338273409,Point,2026-07-31T04:59:30.982399+00:00,https://ws.lioservices.lrc.gov.on.ca/arcgis1061a/rest/services/MNRF/Ontario_Fires_Map/MapServer/0/query,SLK_FIRE_024,ON,BM,,"Being Monitored (provisional, unconfirmed code)",Provisional,"Being Monitored (provisional, unconfirmed code)",True,LTG,L,MOD,Modified Response,507.7,51.592800000000004,-90.56660000000001,2026-06-27 21:32:00+00:00,2026-07-10 22:18:00+00:00,2026-07-30 23:07:43+00:00,Lightning,High-confidence provisional,True,True,True,True,True
338273441,-1,53.6445,-88.66470000000001,NIP_FIRE_013,500.40000000000003,LTG,L,1782590460000,1783780200000,GMT,BH,-1,FUL,-1,0,-1,-1,ON     ,1785452863000,-88.66470785242454,53.64450945547962,338273441,Point,2026-07-31T04:59:30.982399+00:00,https://ws.lioservices.lrc.gov.on.ca/arcgis1061a/rest/services/MNRF/Ontario_Fires_Map/MapServer/0/query,NIP_FIRE_013,ON,BH,Being Held,,Confirmed,Being Held,True,LTG,L,FUL,Full Response,500.40000000000003,53.6445,-88.66470000000001,2026-06-27 20:01:00+00:00,2026-07-11 14:30:00+00:00,2026-07-30 23:07:43+00:00,Lightning,High-confidence provisional,True,True,True,True,True
338273489,-1,51.6711,-92.5437,RED_FIRE_019,8683.0,LTG,L,1782584700000,1784218140000,GMT,BM,-1,MON,-1,0,-1,-1,ON     ,1785452863000,-92.54370868708041,51.671108922298224,338273489,Point,2026-07-31T04:59:30.982399+00:00,https://ws.lioservices.lrc.gov.on.ca/arcgis1061a/rest/services/MNRF/Ontario_Fires_Map/MapServer/0/query,RED_FIRE_019,ON,BM,,"Being Monitored (provisional, unconfirmed code)",Provisional,"Being Monitored (provisional, unconfirmed code)",True,LTG,L,MON,Monitored Response,8683.0,51.6711,-92.5437,2026-06-27 18:25:00+00:00,2026-07-16 16:09:00+00:00,2026-07-30 23:07:43+00:00,Lightning,High-confidence provisional,True,True,True,True,True
338273505,-1,54.0629,-92.7471,RED_FIRE_018,40.0,LTG,L,1782582420000,1782824400000,GMT,BM,-1,MNP,-1,0,-1,-1,ON     ,1785452863000,-92.74710930102688,54.06290916623399,338273505,Point,2026-07-31T04:59:30.982399+00:00,https://ws.lioservices.lrc.gov.on.ca/arcgis1061a/rest/services/MNRF/Ontario_Fires_Map/MapServer/0/query,RED_FIRE_018,ON,BM,,"Being Monitored (provisional, unconfirmed code)",Provisional,"Being Monitored (provisional, unconfirmed code)",True,LTG,L,MNP,Unmapped,40.0,54.0629,-92.7471,2026-06-27 17:47:00+00:00,2026-06-30 13:00:00+00:00,2026-07-30 23:07:43+00:00,Lightning,High-confidence provisional,True,True,True,True,True
338273537,-1,53.9823,-92.93050000000001,RED_FIRE_017,15.0,LTG,L,1782580200000,1782824400000,GMT,BM,-1,MNP,-1,0,-1,-1,ON     ,1785452863000,-92.9305093403623,53.98230914208499,338273537,Point,2026-07-31T04:59:30.982399+00:00,https://ws.lioservices.lrc.gov.on.ca/arcgis1061a/rest/services/MNRF/Ontario_Fires_Map/MapServer/0/query,RED_FIRE_017,ON,BM,,"Being Monitored (provisional, unconfirmed code)",Provisional,"Being Monitored (provisional, unconfirmed code)",True,LTG,L,MNP,Unmapped,15.0,53.9823,-92.93050000000001,2026-06-27 17:10:00+00:00,2026-06-30 13:00:00+00:00,2026-07-30 23:07:43+00:00,Lightning,High-confidence provisional,True,True,True,True,True
338273553,-1,53.658500000000004,-93.2488,RED_FIRE_016,591.0,LTG,L,1782579840000,1782824400000,GMT,BM,-1,MNP,-1,0,-1,-1,ON     ,1785452863000,-93.24880936280944,53.65850908099122,338273553,Point,2026-07-31T04:59:30.982399+00:00,https://ws.lioservices.lrc.gov.on.ca/arcgis1061a/rest/services/MNRF/Ontario_Fires_Map/MapServer/0/query,RED_FIRE_016,ON,BM,,"Being Monitored (provisional, unconfirmed code)",Provisional,"Being Monitored (provisional, unconfirmed code)",True,LTG,L,MNP,Unmapped,591.0,53.658500000000004,-93.2488,2026-06-27 17:04:00+00:00,2026-06-30 13:00:00+00:00,2026-07-30 23:07:43+00:00,Lightning,High-confidence provisional,True,True,True,True,True
338273617,-1,52.810500000000005,-89.247,SLK_FIRE_021,444.0,LTG,L,1782515700000,1783721940000,GMT,BM,-1,MOD,-1,0,-1,-1,ON     ,1785452863000,-89.24700786740057,52.81050931577666,338273617,Point,2026-07-31T04:59:30.982399+00:00,https://ws.lioservices.lrc.gov.on.ca/arcgis1061a/rest/services/MNRF/Ontario_Fires_Map/MapServer/0/query,SLK_FIRE_021,ON,BM,,"Being Monitored (provisional, unconfirmed code)",Provisional,"Being Monitored (provisional, unconfirmed code)",True,LTG,L,MOD,Modified Response,444.0,52.810500000000005,-89.247,2026-06-26 23:15:00+00:00,2026-07-10 22:19:00+00:00,2026-07-30 23:07:43+00:00,Lightning,High-confidence provisional,True,True,True,True,True
338273905,-1,52.703,-94.4762,RED_FIRE_012,30.0,LTG,L,1782504240000,1782685500000,GMT,BM,-1,MON,-1,0,-1,-1,ON     ,1785452863000,-94.4762095201332,52.7030088737234,338273905,Point,2026-07-31T04:59:30.982399+00:00,https://ws.lioservices.lrc.gov.on.ca/arcgis1061a/rest/services/MNRF/Ontario_Fires_Map/MapServer/0/query,RED_FIRE_012,ON,BM,,"Being Monitored (provisional, unconfirmed code)",Provisional,"Being Monitored (provisional, unconfirmed code)",True,LTG,L,MON,Monitored Response,30.0,52.703,-94.4762,2026-06-26 20:04:00+00:00,2026-06-28 22:25:00+00:00,2026-07-30 23:07:43+00:00,Lightning,High-confidence provisional,True,True,True,True,True
338273953,-1,51.3787,-89.7245,SLK_FIRE_005,38305.700000000004,LTG,L,1782503280000,1784388960000,GMT,BM,-1,MON,-1,0,-1,-1,ON     ,1785452863000,-89.72450773369626,51.3787091097159,338273953,Point,2026-07-31T04:59:30.982399+00:00,https://ws.lioservices.lrc.gov.on.ca/arcgis1061a/rest/services/MNRF/Ontario_Fires_Map/MapServer/0/query,SLK_FIRE_005,ON,BM,,"Being Monitored (provisional, unconfirmed code)",Provisional,"Being Monitored (provisional, unconfirmed code)",True,LTG,L,MON,Monitored Response,38305.700000000004,51.3787,-89.7245,2026-06-26 19:48:00+00:00,2026-07-18 15:36:00+00:00,2026-07-30 23:07:43+00:00,Lightning,High-confidence provisional,True,True,True,True,True
338274001,-1,52.363600000000005,-94.7116,RED_FIRE_010,1.0,LTG,L,1782425100000,1782577020000,GMT,BM,-1,MON,-1,0,-1,-1,ON     ,1785452863000,-94.71160951357118,52.36360881686889,338274001,Point,2026-07-31T04:59:30.982399+00:00,https://ws.lioservices.lrc.gov.on.ca/arcgis1061a/rest/services/MNRF/Ontario_Fires_Map/MapServer/0/query,RED_FIRE_010,ON,BM,,"Being Monitored (provisional, unconfirmed code)",Provisional,"Being Monitored (provisional, unconfirmed code)",True,LTG,L,MON,Monitored Response,1.0,52.363600000000005,-94.7116,2026-06-25 22:05:00+00:00,2026-06-27 16:17:00+00:00,2026-07-30 23:07:43+00:00,Lightning,High-confidence provisional,True,True,True,True,True
338274017,-1,52.3615,-94.66600000000001,RED_FIRE_009,177.20000000000002,LTG,L,1782424620000,1784757300000,GMT,BM,-1,MON,-1,0,-1,-1,ON     ,1785452863000,-94.66600949903243,52.361508820601934,338274017,Point,2026-07-31T04:59:30.982399+00:00,https://ws.lioservices.lrc.gov.on.ca/arcgis1061a/rest/services/MNRF/Ontario_Fires_Map/MapServer/0/query,RED_FIRE_009,ON,BM,,"Being Monitored (provisional, unconfirmed code)",Provisional,"Being Monitored (provisional, unconfirmed code)",True,LTG,L,MON,Monitored Response,177.20000000000002,52.3615,-94.66600000000001,2026-06-25 21:57:00+00:00,2026-07-22 21:55:00+00:00,2026-07-30 23:07:43+00:00,Lightning,High-confidence provisional,True,True,True,True,True
338274033,-1,53.5811,-88.93570000000001,NIP_FIRE_012,2119.0,LTG,L,1782423720000,1783688400000,GMT,BH,-1,FUL,-1,0,-1,-1,ON     ,1785452863000,-88.93570792960571,53.581109427347705,338274033,Point,2026-07-31T04:59:30.982399+00:00,https://ws.lioservices.lrc.gov.on.ca/arcgis1061a/rest/services/MNRF/Ontario_Fires_Map/MapServer/0/query,NIP_FIRE_012,ON,BH,Being Held,,Confirmed,Being Held,True,LTG,L,FUL,Full Response,2119.0,53.5811,-88.93570000000001,2026-06-25 21:42:00+00:00,2026-07-10 13:00:00+00:00,2026-07-30 23:07:43+00:00,Lightning,High-confidence provisional,True,True,True,True,True
338274129,-1,48.2768,-91.3078,FOR_FIRE_013,25279.0,LTG,L,1781982540000,1784498580000,GMT,BM,-1,MOD,-1,0,-1,-1,ON     ,1785452863000,-91.30780767345186,48.27680859497379,338274129,Point,2026-07-31T04:59:30.982399+00:00,https://ws.lioservices.lrc.gov.on.ca/arcgis1061a/rest/services/MNRF/Ontario_Fires_Map/MapServer/0/query,FOR_FIRE_013,ON,BM,,"Being Monitored (provisional, unconfirmed code)",Provisional,"Being Monitored (provisional, unconfirmed code)",True,LTG,L,MOD,Modified Response,25279.0,48.2768,-91.3078,2026-06-20 19:09:00+00:00,2026-07-19 22:03:00+00:00,2026-07-30 23:07:43+00:00,Lightning,High-confidence provisional,True,True,True,True,True
338274273,-1,54.493300000000005,-91.3665,SLK_FIRE_003,25.0,LTG,L,1781031120000,1781098440000,GMT,BM,-1,MON,-1,0,-1,-1,ON     ,1785452863000,-91.36650895483015,54.49330932834608,338274273,Point,2026-07-31T04:59:30.982399+00:00,https://ws.lioservices.lrc.gov.on.ca/arcgis1061a/rest/services/MNRF/Ontario_Fires_Map/MapServer/0/query,SLK_FIRE_003,ON,BM,,"Being Monitored (provisional, unconfirmed code)",Provisional,"Being Monitored (provisional, unconfirmed code)",True,LTG,L,MON,Monitored Response,25.0,54.493300000000005,-91.3665,2026-06-09 18:52:00+00:00,2026-06-10 13:34:00+00:00,2026-07-30 23:07:43+00:00,Lightning,High-confidence provisional,True,True,True,True,True
338274289,-1,55.5315,-88.1636,COC_FIRE_007,30.0,LTG,L,1781027880000,1781027940000,GMT,BM,-1,MON,-1,0,-1,-1,ON     ,1785452863000,-88.16360811893209,55.5315096972923,338274289,Point,2026-07-31T04:59:30.982399+00:00,https://ws.lioservices.lrc.gov.on.ca/arcgis1061a/rest/services/MNRF/Ontario_Fires_Map/MapServer/0/query,COC_FIRE_007,ON,BM,,"Being Monitored (provisional, unconfirmed code)",Provisional,"Being Monitored (provisional, unconfirmed code)",True,LTG,L,MON,Monitored Response,30.0,55.5315,-88.1636,2026-06-09 17:58:00+00:00,2026-06-09 17:59:00+00:00,2026-07-30 23:07:43+00:00,Lightning,High-confidence provisional,True,True,True,True,True
338274945,-1,47.7841,-81.7268,TIM_FIRE_009,3151.0,HUM,H,1780259580000,1782411300000,GMT,UC,-1,FUL,-1,0,-1,-1,ON     ,1785452863000,-81.72680457209412,47.78410914223873,338274945,Point,2026-07-31T04:59:30.982399+00:00,https://ws.lioservices.lrc.gov.on.ca/arcgis1061a/rest/services/MNRF/Ontario_Fires_Map/MapServer/0/query,TIM_FIRE_009,ON,UC,Under Control,,Confirmed,Under Control,True,HUM,H,FUL,Full Response,3151.0,47.7841,-81.7268,2026-05-31 20:33:00+00:00,2026-06-25 18:15:00+00:00,2026-07-30 23:07:43+00:00,Unmapped,Requires review,True,True,True,True,True
338275153,-1,51.7106,-91.47080000000001,SLK_FIRE_001,17248.1,LTG,L,1780169040000,1781185140000,GMT,BM,-1,MNP,-1,0,-1,-1,ON     ,1785452863000,-91.47080835745066,51.71060901343942,338275153,Point,2026-07-31T04:59:30.982399+00:00,https://ws.lioservices.lrc.gov.on.ca/arcgis1061a/rest/services/MNRF/Ontario_Fires_Map/MapServer/0/query,SLK_FIRE_001,ON,BM,,"Being Monitored (provisional, unconfirmed code)",Provisional,"Being Monitored (provisional, unconfirmed code)",True,LTG,L,MNP,Unmapped,17248.1,51.7106,-91.47080000000001,2026-05-30 19:24:00+00:00,2026-06-11 13:39:00+00:00,2026-07-30 23:07:43+00:00,Lightning,High-confidence provisional,True,True,True,True,True
