OBJECTID,FIELD_LOCATION,FIELD_LATITUDE,FIELD_LONGITUDE,FIELD_AGENCY_FIRE_ID,FIELD_FIRE_SIZE,FIELD_AGENCY_FIRE_CAUSE,FIELD_SYSTEM_FIRE_CAUSE,FIELD_SITUATION_REPORT_DATE,FIELD_STATUS_DATE,FIELD_AGENCY_DATA_TIMEZONE,FIELD_STAGE_OF_CONTROL_STATUS,FIELD_PERCENT_CONTAINED,FIELD_RESPONSE_TYPE,FIELD_SEVERITY_NEAREST_DSR,FIELD_FIRE_WAS_PERSCRIBED,FIELD_AGENCY_PREPARE_LEVEL,FIELD_FIRE_TYPE_ICS,FIELD_AGENCY_CODE,REFRESHED_DATETIME,geometry_longitude,geometry_latitude,source_feature_id,geometry_type,snapshot_downloaded_at_utc,source_url,fire_id,agency_code,stage_of_control_code,stage_of_control_label,stage_of_control_label_provisional,stage_of_control_mapping_status,stage_of_control_display_label,is_active_fire,agency_fire_cause_code,system_fire_cause_code,response_type_code,response_type_label,fire_size_hectares,latitude,longitude,situation_report_datetime_utc,status_datetime_utc,refreshed_datetime_utc,cause_interpretation_provisional,cause_mapping_status,FIELD_LOCATION_is_minus_one,FIELD_PERCENT_CONTAINED_is_minus_one,FIELD_SEVERITY_NEAREST_DSR_is_minus_one,FIELD_AGENCY_PREPARE_LEVEL_is_minus_one,FIELD_FIRE_TYPE_ICS_is_minus_one
338266593,-1,50.0232,-94.796,KEN_FIRE_027,2.0,LTG,L,1785449040000,1785449040000,GMT,OC,-1,FUL,-1,0,-1,-1,ON     ,1785452863000,-94.79600903656976,50.023208544501664,338266593,Point,2026-07-31T04:59:30.982399+00:00,https://ws.lioservices.lrc.gov.on.ca/arcgis1061a/rest/services/MNRF/Ontario_Fires_Map/MapServer/0/query,KEN_FIRE_027,ON,OC,Out of Control,,Confirmed,Out of Control,True,LTG,L,FUL,Full Response,2.0,50.0232,-94.796,2026-07-30 22:04:00+00:00,2026-07-30 22:04:00+00:00,2026-07-30 23:07:43+00:00,Lightning,High-confidence provisional,True,True,True,True,True
338266609,-1,47.0529,-80.6864,SUD_FIRE_043,0.3,LTG,L,1785448380000,1785448380000,GMT,OC,-1,FUL,-1,0,-1,-1,ON     ,1785452863000,-80.68640414477788,47.05290908578909,338266609,Point,2026-07-31T04:59:30.982399+00:00,https://ws.lioservices.lrc.gov.on.ca/arcgis1061a/rest/services/MNRF/Ontario_Fires_Map/MapServer/0/query,SUD_FIRE_043,ON,OC,Out of Control,,Confirmed,Out of Control,True,LTG,L,FUL,Full Response,0.3,47.0529,-80.6864,2026-07-30 21:53:00+00:00,2026-07-30 21:53:00+00:00,2026-07-30 23:07:43+00:00,Lightning,High-confidence provisional,True,True,True,True,True
338266625,-1,50.604800000000004,-94.2711,RED_FIRE_026,0.2,LTG,L,1785443340000,1785452400000,GMT,BH,-1,FUL,-1,0,-1,-1,ON     ,1785452863000,-94.2711089964561,50.60480865645095,338266625,Point,2026-07-31T04:59:30.982399+00:00,https://ws.lioservices.lrc.gov.on.ca/arcgis1061a/rest/services/MNRF/Ontario_Fires_Map/MapServer/0/query,RED_FIRE_026,ON,BH,Being Held,,Confirmed,Being Held,True,LTG,L,FUL,Full Response,0.2,50.604800000000004,-94.2711,2026-07-30 20:29:00+00:00,2026-07-30 23:00:00+00:00,2026-07-30 23:07:43+00:00,Lightning,High-confidence provisional,True,True,True,True,True
338266641,-1,47.0382,-82.0794,SUD_FIRE_042,0.3,LTG,L,1785442440000,1785442440000,GMT,OC,-1,FUL,-1,0,-1,-1,ON     ,1785452863000,-82.07940459743143,47.03820900823734,338266641,Point,2026-07-31T04:59:30.982399+00:00,https://ws.lioservices.lrc.gov.on.ca/arcgis1061a/rest/services/MNRF/Ontario_Fires_Map/MapServer/0/query,SUD_FIRE_042,ON,OC,Out of Control,,Confirmed,Out of Control,True,LTG,L,FUL,Full Response,0.3,47.0382,-82.0794,2026-07-30 20:14:00+00:00,2026-07-30 20:14:00+00:00,2026-07-30 23:07:43+00:00,Lightning,High-confidence provisional,True,True,True,True,True
338266657,-1,47.034,-82.30760000000001,SUD_FIRE_041,0.2,LTG,L,1785442140000,1785442140000,GMT,OC,-1,FUL,-1,0,-1,-1,ON     ,1785452863000,-82.3076046709232,47.034008994931796,338266657,Point,2026-07-31T04:59:30.982399+00:00,https://ws.lioservices.lrc.gov.on.ca/arcgis1061a/rest/services/MNRF/Ontario_Fires_Map/MapServer/0/query,SUD_FIRE_041,ON,OC,Out of Control,,Confirmed,Out of Control,True,LTG,L,FUL,Full Response,0.2,47.034,-82.30760000000001,2026-07-30 20:09:00+00:00,2026-07-30 20:09:00+00:00,2026-07-30 23:07:43+00:00,Lightning,High-confidence provisional,True,True,True,True,True
338266673,-1,47.0685,-80.78880000000001,SUD_FIRE_040,1.5,LTG,L,1785438000000,1785451680000,GMT,OC,-1,FUL,-1,0,-1,-1,ON     ,1785452863000,-80.78880418010205,47.06850908281796,338266673,Point,2026-07-31T04:59:30.982399+00:00,https://ws.lioservices.lrc.gov.on.ca/arcgis1061a/rest/services/MNRF/Ontario_Fires_Map/MapServer/0/query,SUD_FIRE_040,ON,OC,Out of Control,,Confirmed,Out of Control,True,LTG,L,FUL,Full Response,1.5,47.0685,-80.78880000000001,2026-07-30 19:00:00+00:00,2026-07-30 22:48:00+00:00,2026-07-30 23:07:43+00:00,Lightning,High-confidence provisional,True,True,True,True,True
338266689,-1,46.824200000000005,-82.3403,SUD_FIRE_039,0.2,LTG,L,1785435360000,1785447900000,GMT,OC,-1,FUL,-1,0,-1,-1,ON     ,1785452863000,-82.34030465667286,46.82420896052725,338266689,Point,2026-07-31T04:59:30.982399+00:00,https://ws.lioservices.lrc.gov.on.ca/arcgis1061a/rest/services/MNRF/Ontario_Fires_Map/MapServer/0/query,SUD_FIRE_039,ON,OC,Out of Control,,Confirmed,Out of Control,True,LTG,L,FUL,Full Response,0.2,46.824200000000005,-82.3403,2026-07-30 18:16:00+00:00,2026-07-30 21:45:00+00:00,2026-07-30 23:07:43+00:00,Lightning,High-confidence provisional,True,True,True,True,True
338266705,-1,47.0007,-80.7445,SUD_FIRE_038,0.4,LTG,L,1785370500000,1785438000000,GMT,BH,-1,FUL,-1,0,-1,-1,ON     ,1785452863000,-80.74450415791708,47.00070907452853,338266705,Point,2026-07-31T04:59:30.982399+00:00,https://ws.lioservices.lrc.gov.on.ca/arcgis1061a/rest/services/MNRF/Ontario_Fires_Map/MapServer/0/query,SUD_FIRE_038,ON,BH,Being Held,,Confirmed,Being Held,True,LTG,L,FUL,Full Response,0.4,47.0007,-80.7445,2026-07-30 00:15:00+00:00,2026-07-30 19:00:00+00:00,2026-07-30 23:07:43+00:00,Lightning,High-confidence provisional,True,True,True,True,True
338266721,-1,46.7967,-82.3625,SUD_FIRE_037,0.3,LTG,L,1785363120000,1785447000000,GMT,BH,-1,FUL,-1,0,-1,-1,ON     ,1785452863000,-82.3625046606102,46.79670895500974,338266721,Point,2026-07-31T04:59:30.982399+00:00,https://ws.lioservices.lrc.gov.on.ca/arcgis1061a/rest/services/MNRF/Ontario_Fires_Map/MapServer/0/query,SUD_FIRE_037,ON,BH,Being Held,,Confirmed,Being Held,True,LTG,L,FUL,Full Response,0.3,46.7967,-82.3625,2026-07-29 22:12:00+00:00,2026-07-30 21:30:00+00:00,2026-07-30 23:07:43+00:00,Lightning,High-confidence provisional,True,True,True,True,True
338266737,-1,50.1969,-92.15050000000001,SLK_FIRE_105,0.2,LTG,L,1785362160000,1785427200000,GMT,EX,-1,FUL,-1,0,-1,-1,ON     ,1785452863000,-92.15050826987618,50.19690877805731,338266737,Point,2026-07-31T04:59:30.982399+00:00,https://ws.lioservices.lrc.gov.on.ca/arcgis1061a/rest/services/MNRF/Ontario_Fires_Map/MapServer/0/query,SLK_FIRE_105,ON,EX,Out (Extinguished),,Confirmed,Out (Extinguished),False,LTG,L,FUL,Full Response,0.2,50.1969,-92.15050000000001,2026-07-29 21:56:00+00:00,2026-07-30 16:00:00+00:00,2026-07-30 23:07:43+00:00,Lightning,High-confidence provisional,True,True,True,True,True
338266753,-1,49.621,-94.9713,KEN_FIRE_026,0.1,HUM,H,1785357480000,1785420000000,GMT,EX,-1,FUL,-1,0,-1,-1,ON     ,1785452863000,-94.97130900954059,49.62100848199055,338266753,Point,2026-07-31T04:59:30.982399+00:00,https://ws.lioservices.lrc.gov.on.ca/arcgis1061a/rest/services/MNRF/Ontario_Fires_Map/MapServer/0/query,KEN_FIRE_026,ON,EX,Out (Extinguished),,Confirmed,Out (Extinguished),False,HUM,H,FUL,Full Response,0.1,49.621,-94.9713,2026-07-29 20:38:00+00:00,2026-07-30 14:00:00+00:00,2026-07-30 23:07:43+00:00,Unmapped,Requires review,True,True,True,True,True
338266769,-1,51.9745,-81.5728,COC_FIRE_048,25.0,LTG,L,1785357420000,1785357480000,GMT,BM,-1,MON,-1,0,-1,-1,ON     ,1785452863000,-81.57280510525034,51.97450974215174,338266769,Point,2026-07-31T04:59:30.982399+00:00,https://ws.lioservices.lrc.gov.on.ca/arcgis1061a/rest/services/MNRF/Ontario_Fires_Map/MapServer/0/query,COC_FIRE_048,ON,BM,,"Being Monitored (provisional, unconfirmed code)",Provisional,"Being Monitored (provisional, unconfirmed code)",True,LTG,L,MON,Monitored Response,25.0,51.9745,-81.5728,2026-07-29 20:37:00+00:00,2026-07-29 20:38:00+00:00,2026-07-30 23:07:43+00:00,Lightning,High-confidence provisional,True,True,True,True,True
338266785,-1,46.696000000000005,-82.4132,SUD_FIRE_036,2.5,LTG,L,1785353820000,1785448800000,GMT,BH,-1,FUL,-1,0,-1,-1,ON     ,1785452863000,-82.41320466516342,46.69600893647473,338266785,Point,2026-07-31T04:59:30.982399+00:00,https://ws.lioservices.lrc.gov.on.ca/arcgis1061a/rest/services/MNRF/Ontario_Fires_Map/MapServer/0/query,SUD_FIRE_036,ON,BH,Being Held,,Confirmed,Being Held,True,LTG,L,FUL,Full Response,2.5,46.696000000000005,-82.4132,2026-07-29 19:37:00+00:00,2026-07-30 22:00:00+00:00,2026-07-30 23:07:43+00:00,Lightning,High-confidence provisional,True,True,True,True,True
338266801,-1,46.9373,-82.0982,SUD_FIRE_035,2.1,LTG,L,1785349020000,1785443280000,GMT,OC,-1,FUL,-1,0,-1,-1,ON     ,1785452863000,-82.0982045916329,46.93730899152453,338266801,Point,2026-07-31T04:59:30.982399+00:00,https://ws.lioservices.lrc.gov.on.ca/arcgis1061a/rest/services/MNRF/Ontario_Fires_Map/MapServer/0/query,SUD_FIRE_035,ON,OC,Out of Control,,Confirmed,Out of Control,True,LTG,L,FUL,Full Response,2.1,46.9373,-82.0982,2026-07-29 18:17:00+00:00,2026-07-30 20:28:00+00:00,2026-07-30 23:07:43+00:00,Lightning,High-confidence provisional,True,True,True,True,True
338266817,-1,46.9593,-82.1211,SUD_FIRE_034,7.5,LTG,L,1785348540000,1785370800000,GMT,OC,-1,FUL,-1,0,-1,-1,ON     ,1785452863000,-82.12110460164386,46.959308993682235,338266817,Point,2026-07-31T04:59:30.982399+00:00,https://ws.lioservices.lrc.gov.on.ca/arcgis1061a/rest/services/MNRF/Ontario_Fires_Map/MapServer/0/query,SUD_FIRE_034,ON,OC,Out of Control,,Confirmed,Out of Control,True,LTG,L,FUL,Full Response,7.5,46.9593,-82.1211,2026-07-29 18:09:00+00:00,2026-07-30 00:20:00+00:00,2026-07-30 23:07:43+00:00,Lightning,High-confidence provisional,True,True,True,True,True
338266833,-1,45.779900000000005,-80.05980000000001,SUD_FIRE_033,0.3,LTG,L,1785347280000,1785423180000,GMT,EX,-1,FUL,-1,0,-1,-1,ON     ,1785452863000,-80.05980380348024,45.77990891373512,338266833,Point,2026-07-31T04:59:30.982399+00:00,https://ws.lioservices.lrc.gov.on.ca/arcgis1061a/rest/services/MNRF/Ontario_Fires_Map/MapServer/0/query,SUD_FIRE_033,ON,EX,Out (Extinguished),,Confirmed,Out (Extinguished),False,LTG,L,FUL,Full Response,0.3,45.779900000000005,-80.05980000000001,2026-07-29 17:48:00+00:00,2026-07-30 14:53:00+00:00,2026-07-30 23:07:43+00:00,Lightning,High-confidence provisional,True,True,True,True,True
338266849,-1,46.3104,-83.3024,CHA_FIRE_019,0.1,HUM,H,1785344400000,1785351000000,GMT,EX,-1,FUL,-1,0,-1,-1,ON     ,1785452863000,-83.30240490510513,46.310408826351946,338266849,Point,2026-07-31T04:59:30.982399+00:00,https://ws.lioservices.lrc.gov.on.ca/arcgis1061a/rest/services/MNRF/Ontario_Fires_Map/MapServer/0/query,CHA_FIRE_019,ON,EX,Out (Extinguished),,Confirmed,Out (Extinguished),False,HUM,H,FUL,Full Response,0.1,46.3104,-83.3024,2026-07-29 17:00:00+00:00,2026-07-29 18:50:00+00:00,2026-07-30 23:07:43+00:00,Unmapped,Requires review,True,True,True,True,True
338266865,-1,46.473200000000006,-80.5676,SUD_FIRE_032,0.1,LTG,L,1785343500000,1785423600000,GMT,EX,-1,FUL,-1,0,-1,-1,ON     ,1785452863000,-80.56760404171543,46.4732090001829,338266865,Point,2026-07-31T04:59:30.982399+00:00,https://ws.lioservices.lrc.gov.on.ca/arcgis1061a/rest/services/MNRF/Ontario_Fires_Map/MapServer/0/query,SUD_FIRE_032,ON,EX,Out (Extinguished),,Confirmed,Out (Extinguished),False,LTG,L,FUL,Full Response,0.1,46.473200000000006,-80.5676,2026-07-29 16:45:00+00:00,2026-07-30 15:00:00+00:00,2026-07-30 23:07:43+00:00,Lightning,High-confidence provisional,True,True,True,True,True
338266881,-1,46.3252,-83.3182,CHA_FIRE_018,0.1,HUM,H,1785340800000,1785344400000,GMT,EX,-1,FUL,-1,0,-1,-1,ON     ,1785452863000,-83.31820491188185,46.325208827784984,338266881,Point,2026-07-31T04:59:30.982399+00:00,https://ws.lioservices.lrc.gov.on.ca/arcgis1061a/rest/services/MNRF/Ontario_Fires_Map/MapServer/0/query,CHA_FIRE_018,ON,EX,Out (Extinguished),,Confirmed,Out (Extinguished),False,HUM,H,FUL,Full Response,0.1,46.3252,-83.3182,2026-07-29 16:00:00+00:00,2026-07-29 17:00:00+00:00,2026-07-30 23:07:43+00:00,Unmapped,Requires review,True,True,True,True,True
338266897,-1,46.319300000000005,-83.3083,CHA_FIRE_017,0.1,HUM,H,1785340800000,1785344400000,GMT,EX,-1,FUL,-1,0,-1,-1,ON     ,1785452863000,-83.30830490803157,46.319308827417046,338266897,Point,2026-07-31T04:59:30.982399+00:00,https://ws.lioservices.lrc.gov.on.ca/arcgis1061a/rest/services/MNRF/Ontario_Fires_Map/MapServer/0/query,CHA_FIRE_017,ON,EX,Out (Extinguished),,Confirmed,Out (Extinguished),False,HUM,H,FUL,Full Response,0.1,46.319300000000005,-83.3083,2026-07-29 16:00:00+00:00,2026-07-29 17:00:00+00:00,2026-07-30 23:07:43+00:00,Unmapped,Requires review,True,True,True,True,True
338266913,-1,46.3382,-83.3244,CHA_FIRE_016,0.1,HUM,H,1785340800000,1785344400000,GMT,EX,-1,FUL,-1,0,-1,-1,ON     ,1785452863000,-83.32440491538782,46.338208829475406,338266913,Point,2026-07-31T04:59:30.982399+00:00,https://ws.lioservices.lrc.gov.on.ca/arcgis1061a/rest/services/MNRF/Ontario_Fires_Map/MapServer/0/query,CHA_FIRE_016,ON,EX,Out (Extinguished),,Confirmed,Out (Extinguished),False,HUM,H,FUL,Full Response,0.1,46.3382,-83.3244,2026-07-29 16:00:00+00:00,2026-07-29 17:00:00+00:00,2026-07-30 23:07:43+00:00,Unmapped,Requires review,True,True,True,True,True
338266929,-1,46.3388,-83.3251,CHA_FIRE_015,0.1,HUM,H,1785340800000,1785344400000,GMT,EX,-1,FUL,-1,0,-1,-1,ON     ,1785452863000,-83.32510491568164,46.33880882953004,338266929,Point,2026-07-31T04:59:30.982399+00:00,https://ws.lioservices.lrc.gov.on.ca/arcgis1061a/rest/services/MNRF/Ontario_Fires_Map/MapServer/0/query,CHA_FIRE_015,ON,EX,Out (Extinguished),,Confirmed,Out (Extinguished),False,HUM,H,FUL,Full Response,0.1,46.3388,-83.3251,2026-07-29 16:00:00+00:00,2026-07-29 17:00:00+00:00,2026-07-30 23:07:43+00:00,Unmapped,Requires review,True,True,True,True,True
338266945,-1,46.3417,-83.3274,CHA_FIRE_014,0.2,HUM,H,1785340800000,1785344400000,GMT,EX,-1,FUL,-1,0,-1,-1,ON     ,1785452863000,-83.32740491675641,46.34170882985515,338266945,Point,2026-07-31T04:59:30.982399+00:00,https://ws.lioservices.lrc.gov.on.ca/arcgis1061a/rest/services/MNRF/Ontario_Fires_Map/MapServer/0/query,CHA_FIRE_014,ON,EX,Out (Extinguished),,Confirmed,Out (Extinguished),False,HUM,H,FUL,Full Response,0.2,46.3417,-83.3274,2026-07-29 16:00:00+00:00,2026-07-29 17:00:00+00:00,2026-07-30 23:07:43+00:00,Unmapped,Requires review,True,True,True,True,True
338266961,-1,49.6026,-91.4782,DRY_FIRE_054,0.1,HUM,H,1785338520000,1785442200000,GMT,EX,-1,FUL,-1,0,-1,-1,ON     ,1785452863000,-91.47820795330323,49.60260875547048,338266961,Point,2026-07-31T04:59:30.982399+00:00,https://ws.lioservices.lrc.gov.on.ca/arcgis1061a/rest/services/MNRF/Ontario_Fires_Map/MapServer/0/query,DRY_FIRE_054,ON,EX,Out (Extinguished),,Confirmed,Out (Extinguished),False,HUM,H,FUL,Full Response,0.1,49.6026,-91.4782,2026-07-29 15:22:00+00:00,2026-07-30 20:10:00+00:00,2026-07-30 23:07:43+00:00,Unmapped,Requires review,True,True,True,True,True
338266977,-1,49.250600000000006,-88.5424,NIP_FIRE_086,0.1,LTG,L,1785273120000,1785285000000,GMT,EX,-1,FUL,-1,0,-1,-1,ON     ,1785452863000,-88.54240697803215,49.25060892387035,338266977,Point,2026-07-31T04:59:30.982399+00:00,https://ws.lioservices.lrc.gov.on.ca/arcgis1061a/rest/services/MNRF/Ontario_Fires_Map/MapServer/0/query,NIP_FIRE_086,ON,EX,Out (Extinguished),,Confirmed,Out (Extinguished),False,LTG,L,FUL,Full Response,0.1,49.250600000000006,-88.5424,2026-07-28 21:12:00+00:00,2026-07-29 00:30:00+00:00,2026-07-30 23:07:43+00:00,Lightning,High-confidence provisional,True,True,True,True,True
338266993,-1,49.7565,-89.415,THU_FIRE_067,0.1,LTG,L,1785271620000,1785331800000,GMT,EX,-1,FUL,-1,0,-1,-1,ON     ,1785452863000,-89.41500733825195,49.75650892848549,338266993,Point,2026-07-31T04:59:30.982399+00:00,https://ws.lioservices.lrc.gov.on.ca/arcgis1061a/rest/services/MNRF/Ontario_Fires_Map/MapServer/0/query,THU_FIRE_067,ON,EX,Out (Extinguished),,Confirmed,Out (Extinguished),False,LTG,L,FUL,Full Response,0.1,49.7565,-89.415,2026-07-28 20:47:00+00:00,2026-07-29 13:30:00+00:00,2026-07-30 23:07:43+00:00,Lightning,High-confidence provisional,True,True,True,True,True
338267009,-1,49.704100000000004,-92.3197,DRY_FIRE_053,0.2,HUM,H,1785268620000,1785355200000,GMT,EX,-1,FUL,-1,0,-1,-1,ON     ,1785452863000,-92.31970822950063,49.70410870369175,338267009,Point,2026-07-31T04:59:30.982399+00:00,https://ws.lioservices.lrc.gov.on.ca/arcgis1061a/rest/services/MNRF/Ontario_Fires_Map/MapServer/0/query,DRY_FIRE_053,ON,EX,Out (Extinguished),,Confirmed,Out (Extinguished),False,HUM,H,FUL,Full Response,0.2,49.704100000000004,-92.3197,2026-07-28 19:57:00+00:00,2026-07-29 20:00:00+00:00,2026-07-30 23:07:43+00:00,Unmapped,Requires review,True,True,True,True,True
338267025,-1,49.992900000000006,-92.8165,DRY_FIRE_052,1.1,HUM,H,1785266460000,1785367800000,GMT,UC,-1,FUL,-1,0,-1,-1,ON     ,1785452863000,-92.81650843496587,49.99290870061894,338267025,Point,2026-07-31T04:59:30.982399+00:00,https://ws.lioservices.lrc.gov.on.ca/arcgis1061a/rest/services/MNRF/Ontario_Fires_Map/MapServer/0/query,DRY_FIRE_052,ON,UC,Under Control,,Confirmed,Under Control,True,HUM,H,FUL,Full Response,1.1,49.992900000000006,-92.8165,2026-07-28 19:21:00+00:00,2026-07-29 23:30:00+00:00,2026-07-30 23:07:43+00:00,Unmapped,Requires review,True,True,True,True,True
338267041,-1,50.176,-90.77940000000001,DRY_FIRE_050,0.2,HUM,H,1785265860000,1785355500000,GMT,EX,-1,FUL,-1,0,-1,-1,ON     ,1785452863000,-90.77940784094733,50.176008880999014,338267041,Point,2026-07-31T04:59:30.982399+00:00,https://ws.lioservices.lrc.gov.on.ca/arcgis1061a/rest/services/MNRF/Ontario_Fires_Map/MapServer/0/query,DRY_FIRE_050,ON,EX,Out (Extinguished),,Confirmed,Out (Extinguished),False,HUM,H,FUL,Full Response,0.2,50.176,-90.77940000000001,2026-07-28 19:11:00+00:00,2026-07-29 20:05:00+00:00,2026-07-30 23:07:43+00:00,Unmapped,Requires review,True,True,True,True,True
338267057,-1,50.177600000000005,-90.85940000000001,DRY_FIRE_051,0.1,LTG,L,1785265320000,1785279600000,GMT,EX,-1,FUL,-1,0,-1,-1,ON     ,1785452863000,-90.85940786621372,50.17760887513526,338267057,Point,2026-07-31T04:59:30.982399+00:00,https://ws.lioservices.lrc.gov.on.ca/arcgis1061a/rest/services/MNRF/Ontario_Fires_Map/MapServer/0/query,DRY_FIRE_051,ON,EX,Out (Extinguished),,Confirmed,Out (Extinguished),False,LTG,L,FUL,Full Response,0.1,50.177600000000005,-90.85940000000001,2026-07-28 19:02:00+00:00,2026-07-28 23:00:00+00:00,2026-07-30 23:07:43+00:00,Lightning,High-confidence provisional,True,True,True,True,True
338267073,-1,48.7633,-89.0908,THU_FIRE_066,0.5,LTG,L,1785262080000,1785423600000,GMT,EX,-1,FUL,-1,0,-1,-1,ON     ,1785452863000,-89.09080707103759,48.76330881962883,338267073,Point,2026-07-31T04:59:30.982399+00:00,https://ws.lioservices.lrc.gov.on.ca/arcgis1061a/rest/services/MNRF/Ontario_Fires_Map/MapServer/0/query,THU_FIRE_066,ON,EX,Out (Extinguished),,Confirmed,Out (Extinguished),False,LTG,L,FUL,Full Response,0.5,48.7633,-89.0908,2026-07-28 18:08:00+00:00,2026-07-30 15:00:00+00:00,2026-07-30 23:07:43+00:00,Lightning,High-confidence provisional,True,True,True,True,True
338267089,-1,49.4075,-89.53710000000001,THU_FIRE_065,0.1,LTG,L,1785255360000,1785272400000,GMT,EX,-1,FUL,-1,0,-1,-1,ON     ,1785452863000,-89.53710731685534,49.407508873954036,338267089,Point,2026-07-31T04:59:30.982399+00:00,https://ws.lioservices.lrc.gov.on.ca/arcgis1061a/rest/services/MNRF/Ontario_Fires_Map/MapServer/0/query,THU_FIRE_065,ON,EX,Out (Extinguished),,Confirmed,Out (Extinguished),False,LTG,L,FUL,Full Response,0.1,49.4075,-89.53710000000001,2026-07-28 16:16:00+00:00,2026-07-28 21:00:00+00:00,2026-07-30 23:07:43+00:00,Lightning,High-confidence provisional,True,True,True,True,True
338267105,-1,48.8722,-92.95830000000001,FOR_FIRE_054,0.1,LTG,L,1785250320000,1785275760000,GMT,EX,-1,FUL,-1,0,-1,-1,ON     ,1785452863000,-92.95830827213473,48.87220854899551,338267105,Point,2026-07-31T04:59:30.982399+00:00,https://ws.lioservices.lrc.gov.on.ca/arcgis1061a/rest/services/MNRF/Ontario_Fires_Map/MapServer/0/query,FOR_FIRE_054,ON,EX,Out (Extinguished),,Confirmed,Out (Extinguished),False,LTG,L,FUL,Full Response,0.1,48.8722,-92.95830000000001,2026-07-28 14:52:00+00:00,2026-07-28 21:56:00+00:00,2026-07-30 23:07:43+00:00,Lightning,High-confidence provisional,True,True,True,True,True
338267121,-1,48.5544,-91.6075,FOR_FIRE_053,0.1,LTG,L,1785242280000,1785287700000,GMT,EX,-1,FUL,-1,0,-1,-1,ON     ,1785452863000,-91.6075078103817,48.55440860982787,338267121,Point,2026-07-31T04:59:30.982399+00:00,https://ws.lioservices.lrc.gov.on.ca/arcgis1061a/rest/services/MNRF/Ontario_Fires_Map/MapServer/0/query,FOR_FIRE_053,ON,EX,Out (Extinguished),,Confirmed,Out (Extinguished),False,LTG,L,FUL,Full Response,0.1,48.5544,-91.6075,2026-07-28 12:38:00+00:00,2026-07-29 01:15:00+00:00,2026-07-30 23:07:43+00:00,Lightning,High-confidence provisional,True,True,True,True,True
338267137,-1,48.9598,-91.2561,FOR_FIRE_052,0.1,LTG,L,1785242040000,1785271500000,GMT,EX,-1,FUL,-1,0,-1,-1,ON     ,1785452863000,-91.25610777234577,48.95980868922082,338267137,Point,2026-07-31T04:59:30.982399+00:00,https://ws.lioservices.lrc.gov.on.ca/arcgis1061a/rest/services/MNRF/Ontario_Fires_Map/MapServer/0/query,FOR_FIRE_052,ON,EX,Out (Extinguished),,Confirmed,Out (Extinguished),False,LTG,L,FUL,Full Response,0.1,48.9598,-91.2561,2026-07-28 12:34:00+00:00,2026-07-28 20:45:00+00:00,2026-07-30 23:07:43+00:00,Lightning,High-confidence provisional,True,True,True,True,True
338267153,-1,49.2609,-94.1977,KEN_FIRE_025,0.1,LTG,L,1785186420000,1785196800000,GMT,EX,-1,FUL,-1,0,-1,-1,ON     ,1785452863000,-94.19770871216797,49.2609085006353,338267153,Point,2026-07-31T04:59:30.982399+00:00,https://ws.lioservices.lrc.gov.on.ca/arcgis1061a/rest/services/MNRF/Ontario_Fires_Map/MapServer/0/query,KEN_FIRE_025,ON,EX,Out (Extinguished),,Confirmed,Out (Extinguished),False,LTG,L,FUL,Full Response,0.1,49.2609,-94.1977,2026-07-27 21:07:00+00:00,2026-07-28 00:00:00+00:00,2026-07-30 23:07:43+00:00,Lightning,High-confidence provisional,True,True,True,True,True
338267169,-1,49.8622,-92.6834,DRY_FIRE_049,0.1,LTG,L,1785180720000,1785259800000,GMT,EX,-1,FUL,-1,0,-1,-1,ON     ,1785452863000,-92.68340836974998,49.862208694985284,338267169,Point,2026-07-31T04:59:30.982399+00:00,https://ws.lioservices.lrc.gov.on.ca/arcgis1061a/rest/services/MNRF/Ontario_Fires_Map/MapServer/0/query,DRY_FIRE_049,ON,EX,Out (Extinguished),,Confirmed,Out (Extinguished),False,LTG,L,FUL,Full Response,0.1,49.8622,-92.6834,2026-07-27 19:32:00+00:00,2026-07-28 17:30:00+00:00,2026-07-30 23:07:43+00:00,Lightning,High-confidence provisional,True,True,True,True,True
338267185,-1,46.6154,-81.53790000000001,SUD_FIRE_031,0.1,LTG,L,1785174660000,1785195000000,GMT,EX,-1,FUL,-1,0,-1,-1,ON     ,1785452863000,-81.53790437287981,46.615408971560186,338267185,Point,2026-07-31T04:59:30.982399+00:00,https://ws.lioservices.lrc.gov.on.ca/arcgis1061a/rest/services/MNRF/Ontario_Fires_Map/MapServer/0/query,SUD_FIRE_031,ON,EX,Out (Extinguished),,Confirmed,Out (Extinguished),False,LTG,L,FUL,Full Response,0.1,46.6154,-81.53790000000001,2026-07-27 17:51:00+00:00,2026-07-27 23:30:00+00:00,2026-07-30 23:07:43+00:00,Lightning,High-confidence provisional,True,True,True,True,True
338267201,-1,50.3587,-92.808,DRY_FIRE_048,0.2,LTG,L,1785104940000,1785171600000,GMT,EX,-1,FUL,-1,0,-1,-1,ON     ,1785452863000,-92.80800850273329,50.35870874591307,338267201,Point,2026-07-31T04:59:30.982399+00:00,https://ws.lioservices.lrc.gov.on.ca/arcgis1061a/rest/services/MNRF/Ontario_Fires_Map/MapServer/0/query,DRY_FIRE_048,ON,EX,Out (Extinguished),,Confirmed,Out (Extinguished),False,LTG,L,FUL,Full Response,0.2,50.3587,-92.808,2026-07-26 22:29:00+00:00,2026-07-27 17:00:00+00:00,2026-07-30 23:07:43+00:00,Lightning,High-confidence provisional,True,True,True,True,True
338267217,-1,49.1969,-93.2102,FOR_FIRE_051,0.1,LTG,L,1785092220000,1785097620000,GMT,EX,-1,FUL,-1,0,-1,-1,ON     ,1785452863000,-93.2102084058996,49.196908570670736,338267217,Point,2026-07-31T04:59:30.982399+00:00,https://ws.lioservices.lrc.gov.on.ca/arcgis1061a/rest/services/MNRF/Ontario_Fires_Map/MapServer/0/query,FOR_FIRE_051,ON,EX,Out (Extinguished),,Confirmed,Out (Extinguished),False,LTG,L,FUL,Full Response,0.1,49.1969,-93.2102,2026-07-26 18:57:00+00:00,2026-07-26 20:27:00+00:00,2026-07-30 23:07:43+00:00,Lightning,High-confidence provisional,True,True,True,True,True
338267233,-1,49.0535,-92.679,FOR_FIRE_050,0.1,HUM,H,1785088620000,1785111000000,GMT,EX,-1,FUL,-1,0,-1,-1,ON     ,1785452863000,-92.67900822045885,49.0535085936764,338267233,Point,2026-07-31T04:59:30.982399+00:00,https://ws.lioservices.lrc.gov.on.ca/arcgis1061a/rest/services/MNRF/Ontario_Fires_Map/MapServer/0/query,FOR_FIRE_050,ON,EX,Out (Extinguished),,Confirmed,Out (Extinguished),False,HUM,H,FUL,Full Response,0.1,49.0535,-92.679,2026-07-26 17:57:00+00:00,2026-07-27 00:10:00+00:00,2026-07-30 23:07:43+00:00,Unmapped,Requires review,True,True,True,True,True
338267249,-1,51.3793,-92.2929,RED_FIRE_025,0.1,LTG,L,1785077640000,1785088680000,GMT,EX,-1,FUL,-1,0,-1,-1,ON     ,1785452863000,-92.29290854782066,51.37930890875709,338267249,Point,2026-07-31T04:59:30.982399+00:00,https://ws.lioservices.lrc.gov.on.ca/arcgis1061a/rest/services/MNRF/Ontario_Fires_Map/MapServer/0/query,RED_FIRE_025,ON,EX,Out (Extinguished),,Confirmed,Out (Extinguished),False,LTG,L,FUL,Full Response,0.1,51.3793,-92.2929,2026-07-26 14:54:00+00:00,2026-07-26 17:58:00+00:00,2026-07-30 23:07:43+00:00,Lightning,High-confidence provisional,True,True,True,True,True
338267265,-1,49.3748,-92.8138,FOR_FIRE_049,0.4,LTG,L,1785029940000,1785249600000,GMT,EX,-1,FUL,-1,0,-1,-1,ON     ,1785452863000,-92.81380831903546,49.37480862396972,338267265,Point,2026-07-31T04:59:30.982399+00:00,https://ws.lioservices.lrc.gov.on.ca/arcgis1061a/rest/services/MNRF/Ontario_Fires_Map/MapServer/0/query,FOR_FIRE_049,ON,EX,Out (Extinguished),,Confirmed,Out (Extinguished),False,LTG,L,FUL,Full Response,0.4,49.3748,-92.8138,2026-07-26 01:39:00+00:00,2026-07-28 14:40:00+00:00,2026-07-30 23:07:43+00:00,Lightning,High-confidence provisional,True,True,True,True,True
338267281,-1,49.732400000000005,-94.34270000000001,KEN_FIRE_024,0.2,LTG,L,1785022860000,1785074400000,GMT,EX,-1,FUL,-1,0,-1,-1,ON     ,1785452863000,-94.34270884472399,49.732408546672346,338267281,Point,2026-07-31T04:59:30.982399+00:00,https://ws.lioservices.lrc.gov.on.ca/arcgis1061a/rest/services/MNRF/Ontario_Fires_Map/MapServer/0/query,KEN_FIRE_024,ON,EX,Out (Extinguished),,Confirmed,Out (Extinguished),False,LTG,L,FUL,Full Response,0.2,49.732400000000005,-94.34270000000001,2026-07-25 23:41:00+00:00,2026-07-26 14:00:00+00:00,2026-07-30 23:07:43+00:00,Lightning,High-confidence provisional,True,True,True,True,True
338267297,-1,46.9134,-81.5571,SUD_FIRE_030,0.2,LTG,L,1785015600000,1785163500000,GMT,EX,-1,FUL,-1,0,-1,-1,ON     ,1785452863000,-81.55710441316398,46.91340901737173,338267297,Point,2026-07-31T04:59:30.982399+00:00,https://ws.lioservices.lrc.gov.on.ca/arcgis1061a/rest/services/MNRF/Ontario_Fires_Map/MapServer/0/query,SUD_FIRE_030,ON,EX,Out (Extinguished),,Confirmed,Out (Extinguished),False,LTG,L,FUL,Full Response,0.2,46.9134,-81.5571,2026-07-25 21:40:00+00:00,2026-07-27 14:45:00+00:00,2026-07-30 23:07:43+00:00,Lightning,High-confidence provisional,True,True,True,True,True
338267313,-1,49.311800000000005,-92.887,FOR_FIRE_048,0.1,LTG,L,1785011100000,1785029160000,GMT,EX,-1,FUL,-1,0,-1,-1,ON     ,1785452863000,-92.88700832963849,49.311808610341544,338267313,Point,2026-07-31T04:59:30.982399+00:00,https://ws.lioservices.lrc.gov.on.ca/arcgis1061a/rest/services/MNRF/Ontario_Fires_Map/MapServer/0/query,FOR_FIRE_048,ON,EX,Out (Extinguished),,Confirmed,Out (Extinguished),False,LTG,L,FUL,Full Response,0.1,49.311800000000005,-92.887,2026-07-25 20:25:00+00:00,2026-07-26 01:26:00+00:00,2026-07-30 23:07:43+00:00,Lightning,High-confidence provisional,True,True,True,True,True
338267329,-1,49.2885,-88.5312,NIP_FIRE_085,0.1,LTG,L,1785008520000,1785029400000,GMT,EX,-1,FUL,-1,0,-1,-1,ON     ,1785452863000,-88.53120698070562,49.288508929737844,338267329,Point,2026-07-31T04:59:30.982399+00:00,https://ws.lioservices.lrc.gov.on.ca/arcgis1061a/rest/services/MNRF/Ontario_Fires_Map/MapServer/0/query,NIP_FIRE_085,ON,EX,Out (Extinguished),,Confirmed,Out (Extinguished),False,LTG,L,FUL,Full Response,0.1,49.2885,-88.5312,2026-07-25 19:42:00+00:00,2026-07-26 01:30:00+00:00,2026-07-30 23:07:43+00:00,Lightning,High-confidence provisional,True,True,True,True,True
338267345,-1,51.0341,-90.8133,SLK_FIRE_104,0.1,LTG,L,1785005580000,1785012300000,GMT,EX,-1,FUL,-1,0,-1,-1,ON     ,1785452863000,-90.81330801377146,51.03410898444154,338267345,Point,2026-07-31T04:59:30.982399+00:00,https://ws.lioservices.lrc.gov.on.ca/arcgis1061a/rest/services/MNRF/Ontario_Fires_Map/MapServer/0/query,SLK_FIRE_104,ON,EX,Out (Extinguished),,Confirmed,Out (Extinguished),False,LTG,L,FUL,Full Response,0.1,51.0341,-90.8133,2026-07-25 18:53:00+00:00,2026-07-25 20:45:00+00:00,2026-07-30 23:07:43+00:00,Lightning,High-confidence provisional,True,True,True,True,True
338267361,-1,50.0277,-88.9595,THU_FIRE_064,0.1,LTG,L,1784999460000,1785014100000,GMT,EX,-1,FUL,-1,0,-1,-1,ON     ,1785452863000,-88.95950724121388,50.027708996678406,338267361,Point,2026-07-31T04:59:30.982399+00:00,https://ws.lioservices.lrc.gov.on.ca/arcgis1061a/rest/services/MNRF/Ontario_Fires_Map/MapServer/0/query,THU_FIRE_064,ON,EX,Out (Extinguished),,Confirmed,Out (Extinguished),False,LTG,L,FUL,Full Response,0.1,50.0277,-88.9595,2026-07-25 17:11:00+00:00,2026-07-25 21:15:00+00:00,2026-07-30 23:07:43+00:00,Lightning,High-confidence provisional,True,True,True,True,True
338267377,-1,49.692,-94.67500000000001,KEN_FIRE_023,0.1,LTG,L,1784995200000,1785000600000,GMT,EX,-1,FUL,-1,0,-1,-1,ON     ,1785452863000,-94.6750089356646,49.69200851476512,338267377,Point,2026-07-31T04:59:30.982399+00:00,https://ws.lioservices.lrc.gov.on.ca/arcgis1061a/rest/services/MNRF/Ontario_Fires_Map/MapServer/0/query,KEN_FIRE_023,ON,EX,Out (Extinguished),,Confirmed,Out (Extinguished),False,LTG,L,FUL,Full Response,0.1,49.692,-94.67500000000001,2026-07-25 16:00:00+00:00,2026-07-25 17:30:00+00:00,2026-07-30 23:07:43+00:00,Lightning,High-confidence provisional,True,True,True,True,True
338267393,-1,48.839200000000005,-93.1607,FOR_FIRE_047,0.1,LTG,L,1784995020000,1785007740000,GMT,EX,-1,FUL,-1,0,-1,-1,ON     ,1785452863000,-93.16070832681378,48.83920852915081,338267393,Point,2026-07-31T04:59:30.982399+00:00,https://ws.lioservices.lrc.gov.on.ca/arcgis1061a/rest/services/MNRF/Ontario_Fires_Map/MapServer/0/query,FOR_FIRE_047,ON,EX,Out (Extinguished),,Confirmed,Out (Extinguished),False,LTG,L,FUL,Full Response,0.1,48.839200000000005,-93.1607,2026-07-25 15:57:00+00:00,2026-07-25 19:29:00+00:00,2026-07-30 23:07:43+00:00,Lightning,High-confidence provisional,True,True,True,True,True
338267409,-1,49.612700000000004,-88.117,NIP_FIRE_084,0.2,LTG,L,1784938020000,1784977200000,GMT,EX,-1,FUL,-1,0,-1,-1,ON     ,1785452863000,-88.11700690280693,49.612709002055304,338267409,Point,2026-07-31T04:59:30.982399+00:00,https://ws.lioservices.lrc.gov.on.ca/arcgis1061a/rest/services/MNRF/Ontario_Fires_Map/MapServer/0/query,NIP_FIRE_084,ON,EX,Out (Extinguished),,Confirmed,Out (Extinguished),False,LTG,L,FUL,Full Response,0.2,49.612700000000004,-88.117,2026-07-25 00:07:00+00:00,2026-07-25 11:00:00+00:00,2026-07-30 23:07:43+00:00,Lightning,High-confidence provisional,True,True,True,True,True
338267425,-1,51.06,-88.1808,NIP_FIRE_083,5.0,LTG,L,1784936040000,1785261600000,GMT,EX,-1,FUL,-1,0,-1,-1,ON     ,1785452863000,-88.18080717501527,51.06000918478299,338267425,Point,2026-07-31T04:59:30.982399+00:00,https://ws.lioservices.lrc.gov.on.ca/arcgis1061a/rest/services/MNRF/Ontario_Fires_Map/MapServer/0/query,NIP_FIRE_083,ON,EX,Out (Extinguished),,Confirmed,Out (Extinguished),False,LTG,L,FUL,Full Response,5.0,51.06,-88.1808,2026-07-24 23:34:00+00:00,2026-07-28 18:00:00+00:00,2026-07-30 23:07:43+00:00,Lightning,High-confidence provisional,True,True,True,True,True
338267441,-1,47.0858,-84.42,CHA_FIRE_012,0.2,HUM,H,1784765580000,1784898900000,GMT,EX,-1,FUL,-1,0,-1,-1,ON     ,1785452863000,-84.42000535630763,47.085808881312545,338267441,Point,2026-07-31T04:59:30.982399+00:00,https://ws.lioservices.lrc.gov.on.ca/arcgis1061a/rest/services/MNRF/Ontario_Fires_Map/MapServer/0/query,CHA_FIRE_012,ON,EX,Out (Extinguished),,Confirmed,Out (Extinguished),False,HUM,H,FUL,Full Response,0.2,47.0858,-84.42,2026-07-23 00:13:00+00:00,2026-07-24 13:15:00+00:00,2026-07-30 23:07:43+00:00,Unmapped,Requires review,True,True,True,True,True
338267457,-1,48.9044,-89.33550000000001,THU_FIRE_063,0.1,LTG,L,1784762760000,1784815200000,GMT,EX,-1,FUL,-1,0,-1,-1,ON     ,1785452863000,-89.33550717019045,48.90440882141275,338267457,Point,2026-07-31T04:59:30.982399+00:00,https://ws.lioservices.lrc.gov.on.ca/arcgis1061a/rest/services/MNRF/Ontario_Fires_Map/MapServer/0/query,THU_FIRE_063,ON,EX,Out (Extinguished),,Confirmed,Out (Extinguished),False,LTG,L,FUL,Full Response,0.1,48.9044,-89.33550000000001,2026-07-22 23:26:00+00:00,2026-07-23 14:00:00+00:00,2026-07-30 23:07:43+00:00,Lightning,High-confidence provisional,True,True,True,True,True
338267473,-1,48.369600000000005,-90.26350000000001,THU_FIRE_062,0.7000000000000001,LTG,L,1784762280000,1784901600000,GMT,EX,-1,FUL,-1,0,-1,-1,ON     ,1785452863000,-90.26350737030897,48.369608683066986,338267473,Point,2026-07-31T04:59:30.982399+00:00,https://ws.lioservices.lrc.gov.on.ca/arcgis1061a/rest/services/MNRF/Ontario_Fires_Map/MapServer/0/query,THU_FIRE_062,ON,EX,Out (Extinguished),,Confirmed,Out (Extinguished),False,LTG,L,FUL,Full Response,0.7000000000000001,48.369600000000005,-90.26350000000001,2026-07-22 23:18:00+00:00,2026-07-24 14:00:00+00:00,2026-07-30 23:07:43+00:00,Lightning,High-confidence provisional,True,True,True,True,True
338267489,-1,46.194300000000005,-77.8793,HAL_FIRE_023,0.1,HUM,H,1784756400000,1784812800000,GMT,EX,-1,FUL,-1,0,-1,-1,ON     ,1785452863000,-77.87930313071392,46.19430908749357,338267489,Point,2026-07-31T04:59:30.982399+00:00,https://ws.lioservices.lrc.gov.on.ca/arcgis1061a/rest/services/MNRF/Ontario_Fires_Map/MapServer/0/query,HAL_FIRE_023,ON,EX,Out (Extinguished),,Confirmed,Out (Extinguished),False,HUM,H,FUL,Full Response,0.1,46.194300000000005,-77.8793,2026-07-22 21:40:00+00:00,2026-07-23 13:20:00+00:00,2026-07-30 23:07:43+00:00,Unmapped,Requires review,True,True,True,True,True
338267505,-1,49.2259,-92.072,DRY_FIRE_047,0.1,LTG,L,1784754240000,1784853360000,GMT,EX,-1,FUL,-1,0,-1,-1,ON     ,1785452863000,-92.072008067493,49.225908662209896,338267505,Point,2026-07-31T04:59:30.982399+00:00,https://ws.lioservices.lrc.gov.on.ca/arcgis1061a/rest/services/MNRF/Ontario_Fires_Map/MapServer/0/query,DRY_FIRE_047,ON,EX,Out (Extinguished),,Confirmed,Out (Extinguished),False,LTG,L,FUL,Full Response,0.1,49.2259,-92.072,2026-07-22 21:04:00+00:00,2026-07-24 00:36:00+00:00,2026-07-30 23:07:43+00:00,Lightning,High-confidence provisional,True,True,True,True,True
338267521,-1,52.494800000000005,-85.22420000000001,COC_FIRE_047,361.0,LTG,L,1784747820000,1784747880000,GMT,BM,-1,MON,-1,0,-1,-1,ON     ,1785452863000,-85.22420645393517,52.49480957199902,338267521,Point,2026-07-31T04:59:30.982399+00:00,https://ws.lioservices.lrc.gov.on.ca/arcgis1061a/rest/services/MNRF/Ontario_Fires_Map/MapServer/0/query,COC_FIRE_047,ON,BM,,"Being Monitored (provisional, unconfirmed code)",Provisional,"Being Monitored (provisional, unconfirmed code)",True,LTG,L,MON,Monitored Response,361.0,52.494800000000005,-85.22420000000001,2026-07-22 19:17:00+00:00,2026-07-22 19:18:00+00:00,2026-07-30 23:07:43+00:00,Lightning,High-confidence provisional,True,True,True,True,True
338267537,-1,49.3164,-91.57430000000001,DRY_FIRE_046,0.1,LTG,L,1784739720000,1784762580000,GMT,EX,-1,FUL,-1,0,-1,-1,ON     ,1785452863000,-91.57430793175575,49.31640871159549,338267537,Point,2026-07-31T04:59:30.982399+00:00,https://ws.lioservices.lrc.gov.on.ca/arcgis1061a/rest/services/MNRF/Ontario_Fires_Map/MapServer/0/query,DRY_FIRE_046,ON,EX,Out (Extinguished),,Confirmed,Out (Extinguished),False,LTG,L,FUL,Full Response,0.1,49.3164,-91.57430000000001,2026-07-22 17:02:00+00:00,2026-07-22 23:23:00+00:00,2026-07-30 23:07:43+00:00,Lightning,High-confidence provisional,True,True,True,True,True
338267553,-1,48.8144,-93.6723,FOR_FIRE_046,0.1,HUM,H,1784732160000,1785068940000,GMT,EX,-1,FUL,-1,0,-1,-1,ON     ,1785452863000,-93.67230847469024,48.81440848622497,338267553,Point,2026-07-31T04:59:30.982399+00:00,https://ws.lioservices.lrc.gov.on.ca/arcgis1061a/rest/services/MNRF/Ontario_Fires_Map/MapServer/0/query,FOR_FIRE_046,ON,EX,Out (Extinguished),,Confirmed,Out (Extinguished),False,HUM,H,FUL,Full Response,0.1,48.8144,-93.6723,2026-07-22 14:56:00+00:00,2026-07-26 12:29:00+00:00,2026-07-30 23:07:43+00:00,Unmapped,Requires review,True,True,True,True,True
338267569,-1,50.5377,-92.35090000000001,SLK_FIRE_103,0.1,LTG,L,1784679120000,1784750400000,GMT,EX,-1,FUL,-1,0,-1,-1,ON     ,1785452863000,-92.35090839717277,50.53770880389816,338267569,Point,2026-07-31T04:59:30.982399+00:00,https://ws.lioservices.lrc.gov.on.ca/arcgis1061a/rest/services/MNRF/Ontario_Fires_Map/MapServer/0/query,SLK_FIRE_103,ON,EX,Out (Extinguished),,Confirmed,Out (Extinguished),False,LTG,L,FUL,Full Response,0.1,50.5377,-92.35090000000001,2026-07-22 00:12:00+00:00,2026-07-22 20:00:00+00:00,2026-07-30 23:07:43+00:00,Lightning,High-confidence provisional,True,True,True,True,True
338267585,-1,49.863,-92.69980000000001,DRY_FIRE_045,0.1,LTG,L,1784678460000,1784725260000,GMT,EX,-1,FUL,-1,0,-1,-1,ON     ,1785452863000,-92.69980837489179,49.86300869379644,338267585,Point,2026-07-31T04:59:30.982399+00:00,https://ws.lioservices.lrc.gov.on.ca/arcgis1061a/rest/services/MNRF/Ontario_Fires_Map/MapServer/0/query,DRY_FIRE_045,ON,EX,Out (Extinguished),,Confirmed,Out (Extinguished),False,LTG,L,FUL,Full Response,0.1,49.863,-92.69980000000001,2026-07-22 00:01:00+00:00,2026-07-22 13:01:00+00:00,2026-07-30 23:07:43+00:00,Lightning,High-confidence provisional,True,True,True,True,True
338267601,-1,52.551,-85.3842,NIP_FIRE_082,8.0,LTG,L,1784677980000,1784678040000,GMT,BM,-1,MON,-1,0,-1,-1,ON     ,1785452863000,-85.38420651893045,52.551009567853875,338267601,Point,2026-07-31T04:59:30.982399+00:00,https://ws.lioservices.lrc.gov.on.ca/arcgis1061a/rest/services/MNRF/Ontario_Fires_Map/MapServer/0/query,NIP_FIRE_082,ON,BM,,"Being Monitored (provisional, unconfirmed code)",Provisional,"Being Monitored (provisional, unconfirmed code)",True,LTG,L,MON,Monitored Response,8.0,52.551,-85.3842,2026-07-21 23:53:00+00:00,2026-07-21 23:54:00+00:00,2026-07-30 23:07:43+00:00,Lightning,High-confidence provisional,True,True,True,True,True
338267617,-1,52.8596,-85.6104,NIP_FIRE_081,80.0,LTG,L,1784677860000,1784677920000,GMT,BM,-1,MON,-1,0,-1,-1,ON     ,1785452863000,-85.61040665439873,52.85960958954235,338267617,Point,2026-07-31T04:59:30.982399+00:00,https://ws.lioservices.lrc.gov.on.ca/arcgis1061a/rest/services/MNRF/Ontario_Fires_Map/MapServer/0/query,NIP_FIRE_081,ON,BM,,"Being Monitored (provisional, unconfirmed code)",Provisional,"Being Monitored (provisional, unconfirmed code)",True,LTG,L,MON,Monitored Response,80.0,52.8596,-85.6104,2026-07-21 23:51:00+00:00,2026-07-21 23:52:00+00:00,2026-07-30 23:07:43+00:00,Lightning,High-confidence provisional,True,True,True,True,True
338267633,-1,52.913700000000006,-85.62360000000001,NIP_FIRE_080,10.0,LTG,L,1784677680000,1784677740000,GMT,BM,-1,MON,-1,0,-1,-1,ON     ,1785452863000,-85.62360666927893,52.91370959511885,338267633,Point,2026-07-31T04:59:30.982399+00:00,https://ws.lioservices.lrc.gov.on.ca/arcgis1061a/rest/services/MNRF/Ontario_Fires_Map/MapServer/0/query,NIP_FIRE_080,ON,BM,,"Being Monitored (provisional, unconfirmed code)",Provisional,"Being Monitored (provisional, unconfirmed code)",True,LTG,L,MON,Monitored Response,10.0,52.913700000000006,-85.62360000000001,2026-07-21 23:48:00+00:00,2026-07-21 23:49:00+00:00,2026-07-30 23:07:43+00:00,Lightning,High-confidence provisional,True,True,True,True,True
338267649,-1,53.728100000000005,-86.21860000000001,NIP_FIRE_079,5.0,LTG,L,1784677020000,1784677080000,GMT,BM,-1,MON,-1,0,-1,-1,ON     ,1785452863000,-86.2186070358716,53.72810964837505,338267649,Point,2026-07-31T04:59:30.982399+00:00,https://ws.lioservices.lrc.gov.on.ca/arcgis1061a/rest/services/MNRF/Ontario_Fires_Map/MapServer/0/query,NIP_FIRE_079,ON,BM,,"Being Monitored (provisional, unconfirmed code)",Provisional,"Being Monitored (provisional, unconfirmed code)",True,LTG,L,MON,Monitored Response,5.0,53.728100000000005,-86.21860000000001,2026-07-21 23:37:00+00:00,2026-07-21 23:38:00+00:00,2026-07-30 23:07:43+00:00,Lightning,High-confidence provisional,True,True,True,True,True
338267665,-1,53.299,-87.2317,NIP_FIRE_078,35.0,LTG,L,1784676840000,1784676900000,GMT,BM,-1,MON,-1,0,-1,-1,ON     ,1785452863000,-87.23170729428693,53.29900952466139,338267665,Point,2026-07-31T04:59:30.982399+00:00,https://ws.lioservices.lrc.gov.on.ca/arcgis1061a/rest/services/MNRF/Ontario_Fires_Map/MapServer/0/query,NIP_FIRE_078,ON,BM,,"Being Monitored (provisional, unconfirmed code)",Provisional,"Being Monitored (provisional, unconfirmed code)",True,LTG,L,MON,Monitored Response,35.0,53.299,-87.2317,2026-07-21 23:34:00+00:00,2026-07-21 23:35:00+00:00,2026-07-30 23:07:43+00:00,Lightning,High-confidence provisional,True,True,True,True,True
338267681,-1,53.2541,-87.20150000000001,NIP_FIRE_077,70.0,LTG,L,1784676300000,1784676360000,GMT,BM,-1,MON,-1,0,-1,-1,ON     ,1785452863000,-87.20150727479601,53.25410952169115,338267681,Point,2026-07-31T04:59:30.982399+00:00,https://ws.lioservices.lrc.gov.on.ca/arcgis1061a/rest/services/MNRF/Ontario_Fires_Map/MapServer/0/query,NIP_FIRE_077,ON,BM,,"Being Monitored (provisional, unconfirmed code)",Provisional,"Being Monitored (provisional, unconfirmed code)",True,LTG,L,MON,Monitored Response,70.0,53.2541,-87.20150000000001,2026-07-21 23:25:00+00:00,2026-07-21 23:26:00+00:00,2026-07-30 23:07:43+00:00,Lightning,High-confidence provisional,True,True,True,True,True
338267697,-1,51.4613,-87.4093,NIP_FIRE_076,150.0,LTG,L,1784676120000,1784676180000,GMT,BM,-1,MON,-1,0,-1,-1,ON     ,1785452863000,-87.40930699614273,51.46130929062123,338267697,Point,2026-07-31T04:59:30.982399+00:00,https://ws.lioservices.lrc.gov.on.ca/arcgis1061a/rest/services/MNRF/Ontario_Fires_Map/MapServer/0/query,NIP_FIRE_076,ON,BM,,"Being Monitored (provisional, unconfirmed code)",Provisional,"Being Monitored (provisional, unconfirmed code)",True,LTG,L,MON,Monitored Response,150.0,51.4613,-87.4093,2026-07-21 23:22:00+00:00,2026-07-21 23:23:00+00:00,2026-07-30 23:07:43+00:00,Lightning,High-confidence provisional,True,True,True,True,True
338267713,-1,49.4221,-90.48440000000001,THU_FIRE_061,0.1,LTG,L,1784675820000,1784732880000,GMT,EX,-1,FUL,-1,0,-1,-1,ON     ,1785452863000,-90.48440761453625,49.42210880669217,338267713,Point,2026-07-31T04:59:30.982399+00:00,https://ws.lioservices.lrc.gov.on.ca/arcgis1061a/rest/services/MNRF/Ontario_Fires_Map/MapServer/0/query,THU_FIRE_061,ON,EX,Out (Extinguished),,Confirmed,Out (Extinguished),False,LTG,L,FUL,Full Response,0.1,49.4221,-90.48440000000001,2026-07-21 23:17:00+00:00,2026-07-22 15:08:00+00:00,2026-07-30 23:07:43+00:00,Lightning,High-confidence provisional,True,True,True,True,True
338267729,-1,49.7426,-91.4226,DRY_FIRE_044,0.1,LTG,L,1784671380000,1784826240000,GMT,EX,-1,FUL,-1,0,-1,-1,ON     ,1785452863000,-91.42260796145213,49.74260877747238,338267729,Point,2026-07-31T04:59:30.982399+00:00,https://ws.lioservices.lrc.gov.on.ca/arcgis1061a/rest/services/MNRF/Ontario_Fires_Map/MapServer/0/query,DRY_FIRE_044,ON,EX,Out (Extinguished),,Confirmed,Out (Extinguished),False,LTG,L,FUL,Full Response,0.1,49.7426,-91.4226,2026-07-21 22:03:00+00:00,2026-07-23 17:04:00+00:00,2026-07-30 23:07:43+00:00,Lightning,High-confidence provisional,True,True,True,True,True
338267745,-1,49.175200000000004,-93.5069,FOR_FIRE_045,0.3,LTG,L,1784642820000,1784906820000,GMT,BM,-1,MON,-1,0,-1,-1,ON     ,1785452863000,-93.50690849073813,49.17520854469719,338267745,Point,2026-07-31T04:59:30.982399+00:00,https://ws.lioservices.lrc.gov.on.ca/arcgis1061a/rest/services/MNRF/Ontario_Fires_Map/MapServer/0/query,FOR_FIRE_045,ON,BM,,"Being Monitored (provisional, unconfirmed code)",Provisional,"Being Monitored (provisional, unconfirmed code)",True,LTG,L,MON,Monitored Response,0.3,49.175200000000004,-93.5069,2026-07-21 14:07:00+00:00,2026-07-24 15:27:00+00:00,2026-07-30 23:07:43+00:00,Lightning,High-confidence provisional,True,True,True,True,True
338267761,-1,49.4628,-91.20240000000001,DRY_FIRE_043,0.1,HUM,H,1784584920000,1784591700000,GMT,EX,-1,FUL,-1,0,-1,-1,ON     ,1785452863000,-91.20240784351017,49.462808758436985,338267761,Point,2026-07-31T04:59:30.982399+00:00,https://ws.lioservices.lrc.gov.on.ca/arcgis1061a/rest/services/MNRF/Ontario_Fires_Map/MapServer/0/query,DRY_FIRE_043,ON,EX,Out (Extinguished),,Confirmed,Out (Extinguished),False,HUM,H,FUL,Full Response,0.1,49.4628,-91.20240000000001,2026-07-20 22:02:00+00:00,2026-07-20 23:55:00+00:00,2026-07-30 23:07:43+00:00,Unmapped,Requires review,True,True,True,True,True
338267777,-1,51.4392,-90.0279,SLK_FIRE_102,0.1,LTG,L,1784583720000,1784651400000,GMT,EX,-1,FUL,-1,0,-1,-1,ON     ,1785452863000,-90.02790784286441,51.43920909392349,338267777,Point,2026-07-31T04:59:30.982399+00:00,https://ws.lioservices.lrc.gov.on.ca/arcgis1061a/rest/services/MNRF/Ontario_Fires_Map/MapServer/0/query,SLK_FIRE_102,ON,EX,Out (Extinguished),,Confirmed,Out (Extinguished),False,LTG,L,FUL,Full Response,0.1,51.4392,-90.0279,2026-07-20 21:42:00+00:00,2026-07-21 16:30:00+00:00,2026-07-30 23:07:43+00:00,Lightning,High-confidence provisional,True,True,True,True,True
338267793,-1,50.189,-89.8882,DRY_FIRE_042,3.0,LTG,L,1784508000000,1784917800000,GMT,EX,-1,FUL,-1,0,-1,-1,ON     ,1785452863000,-89.88820756365021,50.18900894943584,338267793,Point,2026-07-31T04:59:30.982399+00:00,https://ws.lioservices.lrc.gov.on.ca/arcgis1061a/rest/services/MNRF/Ontario_Fires_Map/MapServer/0/query,DRY_FIRE_042,ON,EX,Out (Extinguished),,Confirmed,Out (Extinguished),False,LTG,L,FUL,Full Response,3.0,50.189,-89.8882,2026-07-20 00:40:00+00:00,2026-07-24 18:30:00+00:00,2026-07-30 23:07:43+00:00,Lightning,High-confidence provisional,True,True,True,True,True
338267809,-1,50.0632,-91.8653,SLK_FIRE_101,0.1,LTG,L,1784506680000,1784562300000,GMT,EX,-1,FUL,-1,0,-1,-1,ON     ,1785452863000,-91.8653081568859,50.06320878371564,338267809,Point,2026-07-31T04:59:30.982399+00:00,https://ws.lioservices.lrc.gov.on.ca/arcgis1061a/rest/services/MNRF/Ontario_Fires_Map/MapServer/0/query,SLK_FIRE_101,ON,EX,Out (Extinguished),,Confirmed,Out (Extinguished),False,LTG,L,FUL,Full Response,0.1,50.0632,-91.8653,2026-07-20 00:18:00+00:00,2026-07-20 15:45:00+00:00,2026-07-30 23:07:43+00:00,Lightning,High-confidence provisional,True,True,True,True,True
338267825,-1,50.061800000000005,-91.8602,SLK_FIRE_100,0.1,LTG,L,1784506380000,1784583180000,GMT,EX,-1,FUL,-1,0,-1,-1,ON     ,1785452863000,-91.86020815505293,50.06180878393664,338267825,Point,2026-07-31T04:59:30.982399+00:00,https://ws.lioservices.lrc.gov.on.ca/arcgis1061a/rest/services/MNRF/Ontario_Fires_Map/MapServer/0/query,SLK_FIRE_100,ON,EX,Out (Extinguished),,Confirmed,Out (Extinguished),False,LTG,L,FUL,Full Response,0.1,50.061800000000005,-91.8602,2026-07-20 00:13:00+00:00,2026-07-20 21:33:00+00:00,2026-07-30 23:07:43+00:00,Lightning,High-confidence provisional,True,True,True,True,True
338267841,-1,49.1358,-92.92660000000001,FOR_FIRE_044,0.1,LTG,L,1784504400000,1784559900000,GMT,EX,-1,FUL,-1,0,-1,-1,ON     ,1785452863000,-92.92660830969692,49.13580858502166,338267841,Point,2026-07-31T04:59:30.982399+00:00,https://ws.lioservices.lrc.gov.on.ca/arcgis1061a/rest/services/MNRF/Ontario_Fires_Map/MapServer/0/query,FOR_FIRE_044,ON,EX,Out (Extinguished),,Confirmed,Out (Extinguished),False,LTG,L,FUL,Full Response,0.1,49.1358,-92.92660000000001,2026-07-19 23:40:00+00:00,2026-07-20 15:05:00+00:00,2026-07-30 23:07:43+00:00,Lightning,High-confidence provisional,True,True,True,True,True
338267857,-1,50.1229,-90.1071,DRY_FIRE_041,0.1,LTG,L,1784499900000,1785010500000,GMT,EX,-1,FUL,-1,0,-1,-1,ON     ,1785452863000,-90.107107620663,50.12290892476544,338267857,Point,2026-07-31T04:59:30.982399+00:00,https://ws.lioservices.lrc.gov.on.ca/arcgis1061a/rest/services/MNRF/Ontario_Fires_Map/MapServer/0/query,DRY_FIRE_041,ON,EX,Out (Extinguished),,Confirmed,Out (Extinguished),False,LTG,L,FUL,Full Response,0.1,50.1229,-90.1071,2026-07-19 22:25:00+00:00,2026-07-25 20:15:00+00:00,2026-07-30 23:07:43+00:00,Lightning,High-confidence provisional,True,True,True,True,True
338267873,-1,50.099900000000005,-90.10470000000001,DRY_FIRE_040,1.0,LTG,L,1784499660000,1784907600000,GMT,EX,-1,FUL,-1,0,-1,-1,ON     ,1785452863000,-90.10470761577018,50.099908922017924,338267873,Point,2026-07-31T04:59:30.982399+00:00,https://ws.lioservices.lrc.gov.on.ca/arcgis1061a/rest/services/MNRF/Ontario_Fires_Map/MapServer/0/query,DRY_FIRE_040,ON,EX,Out (Extinguished),,Confirmed,Out (Extinguished),False,LTG,L,FUL,Full Response,1.0,50.099900000000005,-90.10470000000001,2026-07-19 22:21:00+00:00,2026-07-24 15:40:00+00:00,2026-07-30 23:07:43+00:00,Lightning,High-confidence provisional,True,True,True,True,True
338267889,-1,48.9941,-91.8373,FOR_FIRE_043,0.1,LTG,L,1784498460000,1784563200000,GMT,EX,-1,FUL,-1,0,-1,-1,ON     ,1785452863000,-91.83730795538725,48.99410865016101,338267889,Point,2026-07-31T04:59:30.982399+00:00,https://ws.lioservices.lrc.gov.on.ca/arcgis1061a/rest/services/MNRF/Ontario_Fires_Map/MapServer/0/query,FOR_FIRE_043,ON,EX,Out (Extinguished),,Confirmed,Out (Extinguished),False,LTG,L,FUL,Full Response,0.1,48.9941,-91.8373,2026-07-19 22:01:00+00:00,2026-07-20 16:00:00+00:00,2026-07-30 23:07:43+00:00,Lightning,High-confidence provisional,True,True,True,True,True
338267905,-1,49.6891,-94.69,KEN_FIRE_021,0.1,LTG,L,1784491860000,1784509200000,GMT,EX,-1,FUL,-1,0,-1,-1,ON     ,1785452863000,-94.6900089395494,49.689108513191705,338267905,Point,2026-07-31T04:59:30.982399+00:00,https://ws.lioservices.lrc.gov.on.ca/arcgis1061a/rest/services/MNRF/Ontario_Fires_Map/MapServer/0/query,KEN_FIRE_021,ON,EX,Out (Extinguished),,Confirmed,Out (Extinguished),False,LTG,L,FUL,Full Response,0.1,49.6891,-94.69,2026-07-19 20:11:00+00:00,2026-07-20 01:00:00+00:00,2026-07-30 23:07:43+00:00,Lightning,High-confidence provisional,True,True,True,True,True
338267921,-1,49.609500000000004,-94.69940000000001,KEN_FIRE_020,0.2,LTG,L,1784491740000,1784586600000,GMT,EX,-1,FUL,-1,0,-1,-1,ON     ,1785452863000,-94.69940892694474,49.60950850280898,338267921,Point,2026-07-31T04:59:30.982399+00:00,https://ws.lioservices.lrc.gov.on.ca/arcgis1061a/rest/services/MNRF/Ontario_Fires_Map/MapServer/0/query,KEN_FIRE_020,ON,EX,Out (Extinguished),,Confirmed,Out (Extinguished),False,LTG,L,FUL,Full Response,0.2,49.609500000000004,-94.69940000000001,2026-07-19 20:09:00+00:00,2026-07-20 22:30:00+00:00,2026-07-30 23:07:43+00:00,Lightning,High-confidence provisional,True,True,True,True,True
338267937,-1,48.9239,-91.3935,FOR_FIRE_042,0.1,LTG,L,1784491020000,1784510340000,GMT,EX,-1,FUL,-1,0,-1,-1,ON     ,1785452863000,-91.39350780814165,48.923908674298005,338267937,Point,2026-07-31T04:59:30.982399+00:00,https://ws.lioservices.lrc.gov.on.ca/arcgis1061a/rest/services/MNRF/Ontario_Fires_Map/MapServer/0/query,FOR_FIRE_042,ON,EX,Out (Extinguished),,Confirmed,Out (Extinguished),False,LTG,L,FUL,Full Response,0.1,48.9239,-91.3935,2026-07-19 19:57:00+00:00,2026-07-20 01:19:00+00:00,2026-07-30 23:07:43+00:00,Lightning,High-confidence provisional,True,True,True,True,True
338267953,-1,46.5901,-81.2141,SUD_FIRE_029,0.1,LTG,L,1784490480000,1784554500000,GMT,EX,-1,FUL,-1,0,-1,-1,ON     ,1785452863000,-81.21410426495076,46.590108984859796,338267953,Point,2026-07-31T04:59:30.982399+00:00,https://ws.lioservices.lrc.gov.on.ca/arcgis1061a/rest/services/MNRF/Ontario_Fires_Map/MapServer/0/query,SUD_FIRE_029,ON,EX,Out (Extinguished),,Confirmed,Out (Extinguished),False,LTG,L,FUL,Full Response,0.1,46.5901,-81.2141,2026-07-19 19:48:00+00:00,2026-07-20 13:35:00+00:00,2026-07-30 23:07:43+00:00,Lightning,High-confidence provisional,True,True,True,True,True
338267969,-1,49.8113,-94.7749,KEN_FIRE_022,0.1,HUM,H,1784484000000,1784493000000,GMT,EX,-1,FUL,-1,0,-1,-1,ON     ,1785452863000,-94.77490898852501,49.81130852094452,338267969,Point,2026-07-31T04:59:30.982399+00:00,https://ws.lioservices.lrc.gov.on.ca/arcgis1061a/rest/services/MNRF/Ontario_Fires_Map/MapServer/0/query,KEN_FIRE_022,ON,EX,Out (Extinguished),,Confirmed,Out (Extinguished),False,HUM,H,FUL,Full Response,0.1,49.8113,-94.7749,2026-07-19 18:00:00+00:00,2026-07-19 20:30:00+00:00,2026-07-30 23:07:43+00:00,Unmapped,Requires review,True,True,True,True,True
338267985,-1,50.0602,-90.221,DRY_FIRE_039,2.0,LTG,L,1784481000000,1784855580000,GMT,EX,-1,FUL,-1,0,-1,-1,ON     ,1785452863000,-90.22100764514101,50.06020890830521,338267985,Point,2026-07-31T04:59:30.982399+00:00,https://ws.lioservices.lrc.gov.on.ca/arcgis1061a/rest/services/MNRF/Ontario_Fires_Map/MapServer/0/query,DRY_FIRE_039,ON,EX,Out (Extinguished),,Confirmed,Out (Extinguished),False,LTG,L,FUL,Full Response,2.0,50.0602,-90.221,2026-07-19 17:10:00+00:00,2026-07-24 01:13:00+00:00,2026-07-30 23:07:43+00:00,Lightning,High-confidence provisional,True,True,True,True,True
338268001,-1,49.8789,-83.5216,COC_FIRE_046,0.1,LTG,L,1784479200000,1784492400000,GMT,EX,-1,FUL,-1,0,-1,-1,ON     ,1785452863000,-83.521605447506,49.878909341147946,338268001,Point,2026-07-31T04:59:30.982399+00:00,https://ws.lioservices.lrc.gov.on.ca/arcgis1061a/rest/services/MNRF/Ontario_Fires_Map/MapServer/0/query,COC_FIRE_046,ON,EX,Out (Extinguished),,Confirmed,Out (Extinguished),False,LTG,L,FUL,Full Response,0.1,49.8789,-83.5216,2026-07-19 16:40:00+00:00,2026-07-19 20:20:00+00:00,2026-07-30 23:07:43+00:00,Lightning,High-confidence provisional,True,True,True,True,True
338268017,-1,52.031400000000005,-83.5051,COC_FIRE_045,243.0,LTG,L,1784467800000,1784474940000,GMT,BM,-1,MON,-1,0,-1,-1,ON     ,1785452863000,-83.50510578320434,52.03140962860773,338268017,Point,2026-07-31T04:59:30.982399+00:00,https://ws.lioservices.lrc.gov.on.ca/arcgis1061a/rest/services/MNRF/Ontario_Fires_Map/MapServer/0/query,COC_FIRE_045,ON,BM,,"Being Monitored (provisional, unconfirmed code)",Provisional,"Being Monitored (provisional, unconfirmed code)",True,LTG,L,MON,Monitored Response,243.0,52.031400000000005,-83.5051,2026-07-19 13:30:00+00:00,2026-07-19 15:29:00+00:00,2026-07-30 23:07:43+00:00,Lightning,High-confidence provisional,True,True,True,True,True
338268033,-1,49.587900000000005,-88.9017,THU_FIRE_060,388.0,HUM,H,1784423580000,1784423640000,GMT,BM,-1,FUL,-1,0,-1,-1,ON     ,1785452863000,-88.90170714754049,49.587908943325104,338268033,Point,2026-07-31T04:59:30.982399+00:00,https://ws.lioservices.lrc.gov.on.ca/arcgis1061a/rest/services/MNRF/Ontario_Fires_Map/MapServer/0/query,THU_FIRE_060,ON,BM,,"Being Monitored (provisional, unconfirmed code)",Provisional,"Being Monitored (provisional, unconfirmed code)",True,HUM,H,FUL,Full Response,388.0,49.587900000000005,-88.9017,2026-07-19 01:13:00+00:00,2026-07-19 01:14:00+00:00,2026-07-30 23:07:43+00:00,Unmapped,Requires review,True,True,True,True,True
338268049,-1,48.3673,-83.86370000000001,WAW_FIRE_028,0.1,LTG,L,1784414580000,1785435000000,GMT,EX,-1,MOD,-1,0,-1,-1,ON     ,1785452863000,-83.86370534574887,48.36730910521423,338268049,Point,2026-07-31T04:59:30.982399+00:00,https://ws.lioservices.lrc.gov.on.ca/arcgis1061a/rest/services/MNRF/Ontario_Fires_Map/MapServer/0/query,WAW_FIRE_028,ON,EX,Out (Extinguished),,Confirmed,Out (Extinguished),False,LTG,L,MOD,Modified Response,0.1,48.3673,-83.86370000000001,2026-07-18 22:43:00+00:00,2026-07-30 18:10:00+00:00,2026-07-30 23:07:43+00:00,Lightning,High-confidence provisional,True,True,True,True,True
338268065,-1,51.9287,-86.0321,NIP_FIRE_075,40.0,HUM,H,1784412300000,1784502000000,GMT,BM,-1,MON,-1,0,-1,-1,ON     ,1785452863000,-86.03210662365656,51.928709446126135,338268065,Point,2026-07-31T04:59:30.982399+00:00,https://ws.lioservices.lrc.gov.on.ca/arcgis1061a/rest/services/MNRF/Ontario_Fires_Map/MapServer/0/query,NIP_FIRE_075,ON,BM,,"Being Monitored (provisional, unconfirmed code)",Provisional,"Being Monitored (provisional, unconfirmed code)",True,HUM,H,MON,Monitored Response,40.0,51.9287,-86.0321,2026-07-18 22:05:00+00:00,2026-07-19 23:00:00+00:00,2026-07-30 23:07:43+00:00,Unmapped,Requires review,True,True,True,True,True
338268081,-1,52.6762,-86.1931,NIP_FIRE_074,15.0,HUM,H,1784411400000,1784502000000,GMT,BM,-1,MON,-1,0,-1,-1,ON     ,1785452863000,-86.19310681778211,52.67620952638171,338268081,Point,2026-07-31T04:59:30.982399+00:00,https://ws.lioservices.lrc.gov.on.ca/arcgis1061a/rest/services/MNRF/Ontario_Fires_Map/MapServer/0/query,NIP_FIRE_074,ON,BM,,"Being Monitored (provisional, unconfirmed code)",Provisional,"Being Monitored (provisional, unconfirmed code)",True,HUM,H,MON,Monitored Response,15.0,52.6762,-86.1931,2026-07-18 21:50:00+00:00,2026-07-19 23:00:00+00:00,2026-07-30 23:07:43+00:00,Unmapped,Requires review,True,True,True,True,True
338268097,-1,52.3267,-87.60820000000001,NIP_FIRE_073,2.0,HUM,H,1784410260000,1784502000000,GMT,BM,-1,MON,-1,0,-1,-1,ON     ,1785452863000,-87.60820722579308,52.32670938224404,338268097,Point,2026-07-31T04:59:30.982399+00:00,https://ws.lioservices.lrc.gov.on.ca/arcgis1061a/rest/services/MNRF/Ontario_Fires_Map/MapServer/0/query,NIP_FIRE_073,ON,BM,,"Being Monitored (provisional, unconfirmed code)",Provisional,"Being Monitored (provisional, unconfirmed code)",True,HUM,H,MON,Monitored Response,2.0,52.3267,-87.60820000000001,2026-07-18 21:31:00+00:00,2026-07-19 23:00:00+00:00,2026-07-30 23:07:43+00:00,Unmapped,Requires review,True,True,True,True,True
338268113,-1,52.298500000000004,-87.8131,NIP_FIRE_072,8.0,HUM,H,1784409600000,1784502000000,GMT,BM,-1,MON,-1,0,-1,-1,ON     ,1785452863000,-87.81310728842782,52.298509363802154,338268113,Point,2026-07-31T04:59:30.982399+00:00,https://ws.lioservices.lrc.gov.on.ca/arcgis1061a/rest/services/MNRF/Ontario_Fires_Map/MapServer/0/query,NIP_FIRE_072,ON,BM,,"Being Monitored (provisional, unconfirmed code)",Provisional,"Being Monitored (provisional, unconfirmed code)",True,HUM,H,MON,Monitored Response,8.0,52.298500000000004,-87.8131,2026-07-18 21:20:00+00:00,2026-07-19 23:00:00+00:00,2026-07-30 23:07:43+00:00,Unmapped,Requires review,True,True,True,True,True
338268129,-1,51.948800000000006,-87.67580000000001,NIP_FIRE_071,6.0,HUM,H,1784408880000,1784502000000,GMT,BM,-1,MON,-1,0,-1,-1,ON     ,1785452863000,-87.67580717529269,51.94880933154954,338268129,Point,2026-07-31T04:59:30.982399+00:00,https://ws.lioservices.lrc.gov.on.ca/arcgis1061a/rest/services/MNRF/Ontario_Fires_Map/MapServer/0/query,NIP_FIRE_071,ON,BM,,"Being Monitored (provisional, unconfirmed code)",Provisional,"Being Monitored (provisional, unconfirmed code)",True,HUM,H,MON,Monitored Response,6.0,51.948800000000006,-87.67580000000001,2026-07-18 21:08:00+00:00,2026-07-19 23:00:00+00:00,2026-07-30 23:07:43+00:00,Unmapped,Requires review,True,True,True,True,True
338268145,-1,51.072,-88.8491,NIP_FIRE_070,1200.0,LTG,L,1784402400000,1785428400000,GMT,BH,-1,FUL,-1,0,-1,-1,ON     ,1785452863000,-88.84910739360342,51.07200913744753,338268145,Point,2026-07-31T04:59:30.982399+00:00,https://ws.lioservices.lrc.gov.on.ca/arcgis1061a/rest/services/MNRF/Ontario_Fires_Map/MapServer/0/query,NIP_FIRE_070,ON,BH,Being Held,,Confirmed,Being Held,True,LTG,L,FUL,Full Response,1200.0,51.072,-88.8491,2026-07-18 19:20:00+00:00,2026-07-30 16:20:00+00:00,2026-07-30 23:07:43+00:00,Lightning,High-confidence provisional,True,True,True,True,True
338268161,-1,49.251000000000005,-91.88210000000001,DRY_FIRE_038,0.1,LTG,L,1784392440000,1784416800000,GMT,EX,-1,FUL,-1,0,-1,-1,ON     ,1785452863000,-91.8821080141605,49.25100867987909,338268161,Point,2026-07-31T04:59:30.982399+00:00,https://ws.lioservices.lrc.gov.on.ca/arcgis1061a/rest/services/MNRF/Ontario_Fires_Map/MapServer/0/query,DRY_FIRE_038,ON,EX,Out (Extinguished),,Confirmed,Out (Extinguished),False,LTG,L,FUL,Full Response,0.1,49.251000000000005,-91.88210000000001,2026-07-18 16:34:00+00:00,2026-07-18 23:20:00+00:00,2026-07-30 23:07:43+00:00,Lightning,High-confidence provisional,True,True,True,True,True
338268177,-1,51.3579,-88.60640000000001,NIP_FIRE_069,2142.0,LTG,L,1784389800000,1784397600000,GMT,OC,-1,FUL,-1,0,-1,-1,ON     ,1785452863000,-88.60640736844864,51.35790919080243,338268177,Point,2026-07-31T04:59:30.982399+00:00,https://ws.lioservices.lrc.gov.on.ca/arcgis1061a/rest/services/MNRF/Ontario_Fires_Map/MapServer/0/query,NIP_FIRE_069,ON,OC,Out of Control,,Confirmed,Out of Control,True,LTG,L,FUL,Full Response,2142.0,51.3579,-88.60640000000001,2026-07-18 15:50:00+00:00,2026-07-18 18:00:00+00:00,2026-07-30 23:07:43+00:00,Lightning,High-confidence provisional,True,True,True,True,True
338268193,-1,46.743700000000004,-80.8832,SUD_FIRE_028,0.1,LTG,L,1784328840000,1784415600000,GMT,EX,-1,FUL,-1,0,-1,-1,ON     ,1785452863000,-80.88320417439768,46.74370902670215,338268193,Point,2026-07-31T04:59:30.982399+00:00,https://ws.lioservices.lrc.gov.on.ca/arcgis1061a/rest/services/MNRF/Ontario_Fires_Map/MapServer/0/query,SUD_FIRE_028,ON,EX,Out (Extinguished),,Confirmed,Out (Extinguished),False,LTG,L,FUL,Full Response,0.1,46.743700000000004,-80.8832,2026-07-17 22:54:00+00:00,2026-07-18 23:00:00+00:00,2026-07-30 23:07:43+00:00,Lightning,High-confidence provisional,True,True,True,True,True
338268209,-1,49.1017,-92.14750000000001,FOR_FIRE_041,0.1,LTG,L,1784326860000,1784383200000,GMT,EX,-1,FUL,-1,0,-1,-1,ON     ,1785452863000,-92.14750806840517,49.10170864053359,338268209,Point,2026-07-31T04:59:30.982399+00:00,https://ws.lioservices.lrc.gov.on.ca/arcgis1061a/rest/services/MNRF/Ontario_Fires_Map/MapServer/0/query,FOR_FIRE_041,ON,EX,Out (Extinguished),,Confirmed,Out (Extinguished),False,LTG,L,FUL,Full Response,0.1,49.1017,-92.14750000000001,2026-07-17 22:21:00+00:00,2026-07-18 14:00:00+00:00,2026-07-30 23:07:43+00:00,Lightning,High-confidence provisional,True,True,True,True,True
338268225,-1,53.1602,-91.2252,SLK_FIRE_099,136.6,LTG,L,1784317980000,1784325600000,GMT,BM,-1,MON,-1,0,-1,-1,ON     ,1785452863000,-91.22520859210086,53.160209197856254,338268225,Point,2026-07-31T04:59:30.982399+00:00,https://ws.lioservices.lrc.gov.on.ca/arcgis1061a/rest/services/MNRF/Ontario_Fires_Map/MapServer/0/query,SLK_FIRE_099,ON,BM,,"Being Monitored (provisional, unconfirmed code)",Provisional,"Being Monitored (provisional, unconfirmed code)",True,LTG,L,MON,Monitored Response,136.6,53.1602,-91.2252,2026-07-17 19:53:00+00:00,2026-07-17 22:00:00+00:00,2026-07-30 23:07:43+00:00,Lightning,High-confidence provisional,True,True,True,True,True
338268241,-1,52.547700000000006,-89.3515,SLK_FIRE_098,110.0,LTG,L,1784317860000,1784324880000,GMT,BM,-1,MON,-1,0,-1,-1,ON     ,1785452863000,-89.35150784690067,52.54770927729664,338268241,Point,2026-07-31T04:59:30.982399+00:00,https://ws.lioservices.lrc.gov.on.ca/arcgis1061a/rest/services/MNRF/Ontario_Fires_Map/MapServer/0/query,SLK_FIRE_098,ON,BM,,"Being Monitored (provisional, unconfirmed code)",Provisional,"Being Monitored (provisional, unconfirmed code)",True,LTG,L,MON,Monitored Response,110.0,52.547700000000006,-89.3515,2026-07-17 19:51:00+00:00,2026-07-17 21:48:00+00:00,2026-07-30 23:07:43+00:00,Lightning,High-confidence provisional,True,True,True,True,True
338268257,-1,46.116600000000005,-79.66470000000001,NOR_FIRE_034,0.2,LTG,L,1784301480000,1785093300000,GMT,EX,-1,FUL,-1,0,-1,-1,ON     ,1785452863000,-79.66470370944874,46.11660898852557,338268257,Point,2026-07-31T04:59:30.982399+00:00,https://ws.lioservices.lrc.gov.on.ca/arcgis1061a/rest/services/MNRF/Ontario_Fires_Map/MapServer/0/query,NOR_FIRE_034,ON,EX,Out (Extinguished),,Confirmed,Out (Extinguished),False,LTG,L,FUL,Full Response,0.2,46.116600000000005,-79.66470000000001,2026-07-17 15:18:00+00:00,2026-07-26 19:15:00+00:00,2026-07-30 23:07:43+00:00,Lightning,High-confidence provisional,True,True,True,True,True
338268273,-1,49.8564,-94.43430000000001,KEN_FIRE_019,0.1,LTG,L,1784297820000,1784305800000,GMT,EX,-1,FUL,-1,0,-1,-1,ON     ,1785452863000,-94.43430889606938,49.85640855419814,338268273,Point,2026-07-31T04:59:30.982399+00:00,https://ws.lioservices.lrc.gov.on.ca/arcgis1061a/rest/services/MNRF/Ontario_Fires_Map/MapServer/0/query,KEN_FIRE_019,ON,EX,Out (Extinguished),,Confirmed,Out (Extinguished),False,LTG,L,FUL,Full Response,0.1,49.8564,-94.43430000000001,2026-07-17 14:17:00+00:00,2026-07-17 16:30:00+00:00,2026-07-30 23:07:43+00:00,Lightning,High-confidence provisional,True,True,True,True,True
338268289,-1,48.7274,-93.1854,FOR_FIRE_040,0.1,LTG,L,1784290860000,1784305860000,GMT,EX,-1,FUL,-1,0,-1,-1,ON     ,1785452863000,-93.18540831440815,48.727408512934886,338268289,Point,2026-07-31T04:59:30.982399+00:00,https://ws.lioservices.lrc.gov.on.ca/arcgis1061a/rest/services/MNRF/Ontario_Fires_Map/MapServer/0/query,FOR_FIRE_040,ON,EX,Out (Extinguished),,Confirmed,Out (Extinguished),False,LTG,L,FUL,Full Response,0.1,48.7274,-93.1854,2026-07-17 12:21:00+00:00,2026-07-17 16:31:00+00:00,2026-07-30 23:07:43+00:00,Lightning,High-confidence provisional,True,True,True,True,True
338268305,-1,49.719,-85.7348,WAW_FIRE_027,0.3,LTG,L,1784247660000,1784500260000,GMT,EX,-1,FUL,-1,0,-1,-1,ON     ,1785452863000,-85.73480615225286,49.71900917804391,338268305,Point,2026-07-31T04:59:30.982399+00:00,https://ws.lioservices.lrc.gov.on.ca/arcgis1061a/rest/services/MNRF/Ontario_Fires_Map/MapServer/0/query,WAW_FIRE_027,ON,EX,Out (Extinguished),,Confirmed,Out (Extinguished),False,LTG,L,FUL,Full Response,0.3,49.719,-85.7348,2026-07-17 00:21:00+00:00,2026-07-19 22:31:00+00:00,2026-07-30 23:07:43+00:00,Lightning,High-confidence provisional,True,True,True,True,True
338268321,-1,46.036,-81.14030000000001,SUD_FIRE_027,0.3,HUM,H,1784247360000,1784478600000,GMT,EX,-1,FUL,-1,0,-1,-1,ON     ,1785452863000,-81.14030418021102,46.03600890010515,338268321,Point,2026-07-31T04:59:30.982399+00:00,https://ws.lioservices.lrc.gov.on.ca/arcgis1061a/rest/services/MNRF/Ontario_Fires_Map/MapServer/0/query,SUD_FIRE_027,ON,EX,Out (Extinguished),,Confirmed,Out (Extinguished),False,HUM,H,FUL,Full Response,0.3,46.036,-81.14030000000001,2026-07-17 00:16:00+00:00,2026-07-19 16:30:00+00:00,2026-07-30 23:07:43+00:00,Unmapped,Requires review,True,True,True,True,True
338268337,-1,50.6749,-86.586,NIP_FIRE_068,0.8,LTG,L,1784247360000,1784923200000,GMT,EX,-1,FUL,-1,0,-1,-1,ON     ,1785452863000,-86.58600658660517,50.67490924812908,338268337,Point,2026-07-31T04:59:30.982399+00:00,https://ws.lioservices.lrc.gov.on.ca/arcgis1061a/rest/services/MNRF/Ontario_Fires_Map/MapServer/0/query,NIP_FIRE_068,ON,EX,Out (Extinguished),,Confirmed,Out (Extinguished),False,LTG,L,FUL,Full Response,0.8,50.6749,-86.586,2026-07-17 00:16:00+00:00,2026-07-24 20:00:00+00:00,2026-07-30 23:07:43+00:00,Lightning,High-confidence provisional,True,True,True,True,True
338268353,-1,49.6777,-85.7218,WAW_FIRE_026,0.1,LTG,L,1784247300000,1784384100000,GMT,EX,-1,FUL,-1,0,-1,-1,ON     ,1785452863000,-85.72180614156713,49.67770917326479,338268353,Point,2026-07-31T04:59:30.982399+00:00,https://ws.lioservices.lrc.gov.on.ca/arcgis1061a/rest/services/MNRF/Ontario_Fires_Map/MapServer/0/query,WAW_FIRE_026,ON,EX,Out (Extinguished),,Confirmed,Out (Extinguished),False,LTG,L,FUL,Full Response,0.1,49.6777,-85.7218,2026-07-17 00:15:00+00:00,2026-07-18 14:15:00+00:00,2026-07-30 23:07:43+00:00,Lightning,High-confidence provisional,True,True,True,True,True
338268369,-1,49.6345,-85.691,WAW_FIRE_025,0.1,LTG,L,1784246880000,1784670900000,GMT,EX,-1,FUL,-1,0,-1,-1,ON     ,1785452863000,-85.69100612480983,49.63450916938198,338268369,Point,2026-07-31T04:59:30.982399+00:00,https://ws.lioservices.lrc.gov.on.ca/arcgis1061a/rest/services/MNRF/Ontario_Fires_Map/MapServer/0/query,WAW_FIRE_025,ON,EX,Out (Extinguished),,Confirmed,Out (Extinguished),False,LTG,L,FUL,Full Response,0.1,49.6345,-85.691,2026-07-17 00:08:00+00:00,2026-07-21 21:55:00+00:00,2026-07-30 23:07:43+00:00,Lightning,High-confidence provisional,True,True,True,True,True
338268385,-1,46.7447,-80.1391,NOR_FIRE_033,0.1,LTG,L,1784243400000,1784405400000,GMT,EX,-1,FUL,-1,0,-1,-1,ON     ,1785452863000,-80.13910393118167,46.74470906562274,338268385,Point,2026-07-31T04:59:30.982399+00:00,https://ws.lioservices.lrc.gov.on.ca/arcgis1061a/rest/services/MNRF/Ontario_Fires_Map/MapServer/0/query,NOR_FIRE_033,ON,EX,Out (Extinguished),,Confirmed,Out (Extinguished),False,LTG,L,FUL,Full Response,0.1,46.7447,-80.1391,2026-07-16 23:10:00+00:00,2026-07-18 20:10:00+00:00,2026-07-30 23:07:43+00:00,Lightning,High-confidence provisional,True,True,True,True,True
338268401,-1,48.6501,-82.4021,CHA_FIRE_013,0.4,LTG,L,1784242980000,1784500200000,GMT,EX,-1,FUL,-1,0,-1,-1,ON     ,1785452863000,-82.40210490456839,48.65010923301615,338268401,Point,2026-07-31T04:59:30.982399+00:00,https://ws.lioservices.lrc.gov.on.ca/arcgis1061a/rest/services/MNRF/Ontario_Fires_Map/MapServer/0/query,CHA_FIRE_013,ON,EX,Out (Extinguished),,Confirmed,Out (Extinguished),False,LTG,L,FUL,Full Response,0.4,48.6501,-82.4021,2026-07-16 23:03:00+00:00,2026-07-19 22:30:00+00:00,2026-07-30 23:07:43+00:00,Lightning,High-confidence provisional,True,True,True,True,True
338268417,-1,47.685900000000004,-84.8023,WAW_FIRE_024,0.1,HUM,H,1784241900000,1784246400000,GMT,EX,-1,FUL,-1,0,-1,-1,ON     ,1785452863000,-84.80230555677998,47.68590894816245,338268417,Point,2026-07-31T04:59:30.982399+00:00,https://ws.lioservices.lrc.gov.on.ca/arcgis1061a/rest/services/MNRF/Ontario_Fires_Map/MapServer/0/query,WAW_FIRE_024,ON,EX,Out (Extinguished),,Confirmed,Out (Extinguished),False,HUM,H,FUL,Full Response,0.1,47.685900000000004,-84.8023,2026-07-16 22:45:00+00:00,2026-07-17 00:00:00+00:00,2026-07-30 23:07:43+00:00,Unmapped,Requires review,True,True,True,True,True
338268433,-1,49.6948,-94.6798,KEN_FIRE_018,0.1,HUM,H,1784241480000,1784306700000,GMT,EX,-1,FUL,-1,0,-1,-1,ON     ,1785452863000,-94.67980893763048,49.694808514711404,338268433,Point,2026-07-31T04:59:30.982399+00:00,https://ws.lioservices.lrc.gov.on.ca/arcgis1061a/rest/services/MNRF/Ontario_Fires_Map/MapServer/0/query,KEN_FIRE_018,ON,EX,Out (Extinguished),,Confirmed,Out (Extinguished),False,HUM,H,FUL,Full Response,0.1,49.6948,-94.6798,2026-07-16 22:38:00+00:00,2026-07-17 16:45:00+00:00,2026-07-30 23:07:43+00:00,Unmapped,Requires review,True,True,True,True,True
338268449,-1,46.4012,-79.541,NOR_FIRE_032,0.4,LTG,L,1784240700000,1784333700000,GMT,EX,-1,FUL,-1,0,-1,-1,ON     ,1785452863000,-79.54100369849127,46.40120904086632,338268449,Point,2026-07-31T04:59:30.982399+00:00,https://ws.lioservices.lrc.gov.on.ca/arcgis1061a/rest/services/MNRF/Ontario_Fires_Map/MapServer/0/query,NOR_FIRE_032,ON,EX,Out (Extinguished),,Confirmed,Out (Extinguished),False,LTG,L,FUL,Full Response,0.4,46.4012,-79.541,2026-07-16 22:25:00+00:00,2026-07-18 00:15:00+00:00,2026-07-30 23:07:43+00:00,Lightning,High-confidence provisional,True,True,True,True,True
338268465,-1,46.3964,-79.6705,NOR_FIRE_029,0.8,LTG,L,1784239080000,1784499300000,GMT,EX,-1,FUL,-1,0,-1,-1,ON     ,1785452863000,-79.67050374042415,46.39640903360751,338268465,Point,2026-07-31T04:59:30.982399+00:00,https://ws.lioservices.lrc.gov.on.ca/arcgis1061a/rest/services/MNRF/Ontario_Fires_Map/MapServer/0/query,NOR_FIRE_029,ON,EX,Out (Extinguished),,Confirmed,Out (Extinguished),False,LTG,L,FUL,Full Response,0.8,46.3964,-79.6705,2026-07-16 21:58:00+00:00,2026-07-19 22:15:00+00:00,2026-07-30 23:07:43+00:00,Lightning,High-confidence provisional,True,True,True,True,True
338268481,-1,46.197700000000005,-82.1157,SUD_FIRE_026,1.5,HUM,H,1784238300000,1784300400000,GMT,EX,-1,FUL,-1,0,-1,-1,ON     ,1785452863000,-82.11570451227212,46.19770887411426,338268481,Point,2026-07-31T04:59:30.982399+00:00,https://ws.lioservices.lrc.gov.on.ca/arcgis1061a/rest/services/MNRF/Ontario_Fires_Map/MapServer/0/query,SUD_FIRE_026,ON,EX,Out (Extinguished),,Confirmed,Out (Extinguished),False,HUM,H,FUL,Full Response,1.5,46.197700000000005,-82.1157,2026-07-16 21:45:00+00:00,2026-07-17 15:00:00+00:00,2026-07-30 23:07:43+00:00,Unmapped,Requires review,True,True,True,True,True
338268497,-1,50.137800000000006,-87.114,NIP_FIRE_067,2.0,LTG,L,1784238060000,1784640600000,GMT,EX,-1,FUL,-1,0,-1,-1,ON     ,1785452863000,-87.11400666806557,50.137809141347915,338268497,Point,2026-07-31T04:59:30.982399+00:00,https://ws.lioservices.lrc.gov.on.ca/arcgis1061a/rest/services/MNRF/Ontario_Fires_Map/MapServer/0/query,NIP_FIRE_067,ON,EX,Out (Extinguished),,Confirmed,Out (Extinguished),False,LTG,L,FUL,Full Response,2.0,50.137800000000006,-87.114,2026-07-16 21:41:00+00:00,2026-07-21 13:30:00+00:00,2026-07-30 23:07:43+00:00,Lightning,High-confidence provisional,True,True,True,True,True
338268513,-1,49.0878,-86.2834,WAW_FIRE_023,1.1,LTG,L,1784234700000,1784577600000,GMT,EX,-1,FUL,-1,0,-1,-1,ON     ,1785452863000,-86.28340623241264,49.08780905519457,338268513,Point,2026-07-31T04:59:30.982399+00:00,https://ws.lioservices.lrc.gov.on.ca/arcgis1061a/rest/services/MNRF/Ontario_Fires_Map/MapServer/0/query,WAW_FIRE_023,ON,EX,Out (Extinguished),,Confirmed,Out (Extinguished),False,LTG,L,FUL,Full Response,1.1,49.0878,-86.2834,2026-07-16 20:45:00+00:00,2026-07-20 20:00:00+00:00,2026-07-30 23:07:43+00:00,Lightning,High-confidence provisional,True,True,True,True,True
338268529,-1,46.3069,-81.1175,SUD_FIRE_025,0.2,LTG,L,1784234520000,1784475000000,GMT,EX,-1,FUL,-1,0,-1,-1,ON     ,1785452863000,-81.11750420227023,46.30690894485089,338268529,Point,2026-07-31T04:59:30.982399+00:00,https://ws.lioservices.lrc.gov.on.ca/arcgis1061a/rest/services/MNRF/Ontario_Fires_Map/MapServer/0/query,SUD_FIRE_025,ON,EX,Out (Extinguished),,Confirmed,Out (Extinguished),False,LTG,L,FUL,Full Response,0.2,46.3069,-81.1175,2026-07-16 20:42:00+00:00,2026-07-19 15:30:00+00:00,2026-07-30 23:07:43+00:00,Lightning,High-confidence provisional,True,True,True,True,True
338268545,-1,49.7171,-85.7258,NIP_FIRE_066,0.1,HUM,H,1784234460000,1784500260000,GMT,EX,-1,FUL,-1,0,-1,-1,ON     ,1785452863000,-85.7258061490219,49.717109178376546,338268545,Point,2026-07-31T04:59:30.982399+00:00,https://ws.lioservices.lrc.gov.on.ca/arcgis1061a/rest/services/MNRF/Ontario_Fires_Map/MapServer/0/query,NIP_FIRE_066,ON,EX,Out (Extinguished),,Confirmed,Out (Extinguished),False,HUM,H,FUL,Full Response,0.1,49.7171,-85.7258,2026-07-16 20:41:00+00:00,2026-07-19 22:31:00+00:00,2026-07-30 23:07:43+00:00,Unmapped,Requires review,True,True,True,True,True
338268561,-1,46.2745,-80.9227,SUD_FIRE_024,2.0,LTG,L,1784233740000,1784636100000,GMT,EX,-1,FUL,-1,0,-1,-1,ON     ,1785452863000,-80.92270413558238,46.27450894986698,338268561,Point,2026-07-31T04:59:30.982399+00:00,https://ws.lioservices.lrc.gov.on.ca/arcgis1061a/rest/services/MNRF/Ontario_Fires_Map/MapServer/0/query,SUD_FIRE_024,ON,EX,Out (Extinguished),,Confirmed,Out (Extinguished),False,LTG,L,FUL,Full Response,2.0,46.2745,-80.9227,2026-07-16 20:29:00+00:00,2026-07-21 12:15:00+00:00,2026-07-30 23:07:43+00:00,Lightning,High-confidence provisional,True,True,True,True,True
338268577,-1,47.9987,-81.3743,TIM_FIRE_023,0.2,LTG,L,1784233200000,1784412000000,GMT,EX,-1,FUL,-1,0,-1,-1,ON     ,1785452863000,-81.37430448237545,47.99870919427729,338268577,Point,2026-07-31T04:59:30.982399+00:00,https://ws.lioservices.lrc.gov.on.ca/arcgis1061a/rest/services/MNRF/Ontario_Fires_Map/MapServer/0/query,TIM_FIRE_023,ON,EX,Out (Extinguished),,Confirmed,Out (Extinguished),False,LTG,L,FUL,Full Response,0.2,47.9987,-81.3743,2026-07-16 20:20:00+00:00,2026-07-18 22:00:00+00:00,2026-07-30 23:07:43+00:00,Lightning,High-confidence provisional,True,True,True,True,True
338268593,-1,47.2993,-80.7651,NOR_FIRE_031,3.3000000000000003,LTG,L,1784231580000,1784901660000,GMT,EX,-1,FUL,-1,0,-1,-1,ON     ,1785452863000,-80.76510419870273,47.29930912009518,338268593,Point,2026-07-31T04:59:30.982399+00:00,https://ws.lioservices.lrc.gov.on.ca/arcgis1061a/rest/services/MNRF/Ontario_Fires_Map/MapServer/0/query,NOR_FIRE_031,ON,EX,Out (Extinguished),,Confirmed,Out (Extinguished),False,LTG,L,FUL,Full Response,3.3000000000000003,47.2993,-80.7651,2026-07-16 19:53:00+00:00,2026-07-24 14:01:00+00:00,2026-07-30 23:07:43+00:00,Lightning,High-confidence provisional,True,True,True,True,True
338268609,-1,47.0158,-80.96690000000001,SUD_FIRE_023,0.1,LTG,L,1784231460000,1784307600000,GMT,EX,-1,FUL,-1,0,-1,-1,ON     ,1785452863000,-80.96690423240683,47.01580906510132,338268609,Point,2026-07-31T04:59:30.982399+00:00,https://ws.lioservices.lrc.gov.on.ca/arcgis1061a/rest/services/MNRF/Ontario_Fires_Map/MapServer/0/query,SUD_FIRE_023,ON,EX,Out (Extinguished),,Confirmed,Out (Extinguished),False,LTG,L,FUL,Full Response,0.1,47.0158,-80.96690000000001,2026-07-16 19:51:00+00:00,2026-07-17 17:00:00+00:00,2026-07-30 23:07:43+00:00,Lightning,High-confidence provisional,True,True,True,True,True
338268625,-1,51.0313,-87.71940000000001,NIP_FIRE_065,4.0,LTG,L,1784230800000,1785024000000,GMT,EX,-1,FUL,-1,0,-1,-1,ON     ,1785452863000,-87.71940701964475,51.031309214370395,338268625,Point,2026-07-31T04:59:30.982399+00:00,https://ws.lioservices.lrc.gov.on.ca/arcgis1061a/rest/services/MNRF/Ontario_Fires_Map/MapServer/0/query,NIP_FIRE_065,ON,EX,Out (Extinguished),,Confirmed,Out (Extinguished),False,LTG,L,FUL,Full Response,4.0,51.0313,-87.71940000000001,2026-07-16 19:40:00+00:00,2026-07-26 00:00:00+00:00,2026-07-30 23:07:43+00:00,Lightning,High-confidence provisional,True,True,True,True,True
338268641,-1,46.921400000000006,-80.38260000000001,NOR_FIRE_030,0.2,LTG,L,1784230440000,1784317800000,GMT,EX,-1,FUL,-1,0,-1,-1,ON     ,1785452863000,-80.38260403044254,46.9214090810257,338268641,Point,2026-07-31T04:59:30.982399+00:00,https://ws.lioservices.lrc.gov.on.ca/arcgis1061a/rest/services/MNRF/Ontario_Fires_Map/MapServer/0/query,NOR_FIRE_030,ON,EX,Out (Extinguished),,Confirmed,Out (Extinguished),False,LTG,L,FUL,Full Response,0.2,46.921400000000006,-80.38260000000001,2026-07-16 19:34:00+00:00,2026-07-17 19:50:00+00:00,2026-07-30 23:07:43+00:00,Lightning,High-confidence provisional,True,True,True,True,True
338268657,-1,50.1268,-86.05630000000001,NIP_FIRE_064,2.0,LTG,L,1784227800000,1784826000000,GMT,EX,-1,FUL,-1,0,-1,-1,ON     ,1785452863000,-86.05630632211668,50.1268092117684,338268657,Point,2026-07-31T04:59:30.982399+00:00,https://ws.lioservices.lrc.gov.on.ca/arcgis1061a/rest/services/MNRF/Ontario_Fires_Map/MapServer/0/query,NIP_FIRE_064,ON,EX,Out (Extinguished),,Confirmed,Out (Extinguished),False,LTG,L,FUL,Full Response,2.0,50.1268,-86.05630000000001,2026-07-16 18:50:00+00:00,2026-07-23 17:00:00+00:00,2026-07-30 23:07:43+00:00,Lightning,High-confidence provisional,True,True,True,True,True
338268673,-1,50.034200000000006,-87.50890000000001,NIP_FIRE_063,0.1,HUM,H,1784227620000,1785021600000,GMT,EX,-1,FUL,-1,0,-1,-1,ON     ,1785452863000,-87.50890677828322,50.03420910032681,338268673,Point,2026-07-31T04:59:30.982399+00:00,https://ws.lioservices.lrc.gov.on.ca/arcgis1061a/rest/services/MNRF/Ontario_Fires_Map/MapServer/0/query,NIP_FIRE_063,ON,EX,Out (Extinguished),,Confirmed,Out (Extinguished),False,HUM,H,FUL,Full Response,0.1,50.034200000000006,-87.50890000000001,2026-07-16 18:47:00+00:00,2026-07-25 23:20:00+00:00,2026-07-30 23:07:43+00:00,Unmapped,Requires review,True,True,True,True,True
338268689,-1,49.5555,-85.7304,WAW_FIRE_022,0.7000000000000001,LTG,L,1784226900000,1784471400000,GMT,EX,-1,FUL,-1,0,-1,-1,ON     ,1785452863000,-85.73040612538655,49.555509155982044,338268689,Point,2026-07-31T04:59:30.982399+00:00,https://ws.lioservices.lrc.gov.on.ca/arcgis1061a/rest/services/MNRF/Ontario_Fires_Map/MapServer/0/query,WAW_FIRE_022,ON,EX,Out (Extinguished),,Confirmed,Out (Extinguished),False,LTG,L,FUL,Full Response,0.7000000000000001,49.5555,-85.7304,2026-07-16 18:35:00+00:00,2026-07-19 14:30:00+00:00,2026-07-30 23:07:43+00:00,Lightning,High-confidence provisional,True,True,True,True,True
338268705,-1,46.919200000000004,-80.2585,NOR_FIRE_028,0.5,LTG,L,1784223780000,1784406600000,GMT,EX,-1,FUL,-1,0,-1,-1,ON     ,1785452863000,-80.25850398948202,46.91920908712779,338268705,Point,2026-07-31T04:59:30.982399+00:00,https://ws.lioservices.lrc.gov.on.ca/arcgis1061a/rest/services/MNRF/Ontario_Fires_Map/MapServer/0/query,NOR_FIRE_028,ON,EX,Out (Extinguished),,Confirmed,Out (Extinguished),False,LTG,L,FUL,Full Response,0.5,46.919200000000004,-80.2585,2026-07-16 17:43:00+00:00,2026-07-18 20:30:00+00:00,2026-07-30 23:07:43+00:00,Lightning,High-confidence provisional,True,True,True,True,True
338268721,-1,46.7764,-80.45700000000001,SUD_FIRE_022,0.5,LTG,L,1784222340000,1784471400000,GMT,EX,-1,FUL,-1,0,-1,-1,ON     ,1785452863000,-80.45700403877949,46.776409054211044,338268721,Point,2026-07-31T04:59:30.982399+00:00,https://ws.lioservices.lrc.gov.on.ca/arcgis1061a/rest/services/MNRF/Ontario_Fires_Map/MapServer/0/query,SUD_FIRE_022,ON,EX,Out (Extinguished),,Confirmed,Out (Extinguished),False,LTG,L,FUL,Full Response,0.5,46.7764,-80.45700000000001,2026-07-16 17:19:00+00:00,2026-07-19 14:30:00+00:00,2026-07-30 23:07:43+00:00,Lightning,High-confidence provisional,True,True,True,True,True
338268737,-1,51.0506,-84.4881,COC_FIRE_044,117.0,LTG,L,1784216100000,1784216160000,GMT,BM,-1,MON,-1,0,-1,-1,ON     ,1785452863000,-84.48810595327839,51.05060943788501,338268737,Point,2026-07-31T04:59:30.982399+00:00,https://ws.lioservices.lrc.gov.on.ca/arcgis1061a/rest/services/MNRF/Ontario_Fires_Map/MapServer/0/query,COC_FIRE_044,ON,BM,,"Being Monitored (provisional, unconfirmed code)",Provisional,"Being Monitored (provisional, unconfirmed code)",True,LTG,L,MON,Monitored Response,117.0,51.0506,-84.4881,2026-07-16 15:35:00+00:00,2026-07-16 15:36:00+00:00,2026-07-30 23:07:43+00:00,Lightning,High-confidence provisional,True,True,True,True,True
338268753,-1,49.645700000000005,-85.28960000000001,WAW_FIRE_021,2.3000000000000003,LTG,L,1784215260000,1784730600000,GMT,EX,-1,FUL,-1,0,-1,-1,ON     ,1785452863000,-85.28960599555326,49.6457091970735,338268753,Point,2026-07-31T04:59:30.982399+00:00,https://ws.lioservices.lrc.gov.on.ca/arcgis1061a/rest/services/MNRF/Ontario_Fires_Map/MapServer/0/query,WAW_FIRE_021,ON,EX,Out (Extinguished),,Confirmed,Out (Extinguished),False,LTG,L,FUL,Full Response,2.3000000000000003,49.645700000000005,-85.28960000000001,2026-07-16 15:21:00+00:00,2026-07-22 14:30:00+00:00,2026-07-30 23:07:43+00:00,Lightning,High-confidence provisional,True,True,True,True,True
338268769,-1,52.2668,-82.2551,COC_FIRE_043,21.0,LTG,L,1784215200000,1784215260000,GMT,BM,-1,MON,-1,0,-1,-1,ON     ,1785452863000,-82.25510539026882,52.26680973796056,338268769,Point,2026-07-31T04:59:30.982399+00:00,https://ws.lioservices.lrc.gov.on.ca/arcgis1061a/rest/services/MNRF/Ontario_Fires_Map/MapServer/0/query,COC_FIRE_043,ON,BM,,"Being Monitored (provisional, unconfirmed code)",Provisional,"Being Monitored (provisional, unconfirmed code)",True,LTG,L,MON,Monitored Response,21.0,52.2668,-82.2551,2026-07-16 15:20:00+00:00,2026-07-16 15:21:00+00:00,2026-07-30 23:07:43+00:00,Lightning,High-confidence provisional,True,True,True,True,True
338268785,-1,46.6854,-80.1221,NOR_FIRE_027,13.8,LTG,L,1784210880000,1785181500000,GMT,EX,-1,FUL,-1,0,-1,-1,ON     ,1785452863000,-80.12210391916959,46.685409057052276,338268785,Point,2026-07-31T04:59:30.982399+00:00,https://ws.lioservices.lrc.gov.on.ca/arcgis1061a/rest/services/MNRF/Ontario_Fires_Map/MapServer/0/query,NOR_FIRE_027,ON,EX,Out (Extinguished),,Confirmed,Out (Extinguished),False,LTG,L,FUL,Full Response,13.8,46.6854,-80.1221,2026-07-16 14:08:00+00:00,2026-07-27 19:45:00+00:00,2026-07-30 23:07:43+00:00,Lightning,High-confidence provisional,True,True,True,True,True
338268801,-1,50.0019,-83.78320000000001,COC_FIRE_042,1.0,LTG,L,1784161560000,1784568600000,GMT,EX,-1,FUL,-1,0,-1,-1,ON     ,1785452863000,-83.78320555288622,50.001909341892656,338268801,Point,2026-07-31T04:59:30.982399+00:00,https://ws.lioservices.lrc.gov.on.ca/arcgis1061a/rest/services/MNRF/Ontario_Fires_Map/MapServer/0/query,COC_FIRE_042,ON,EX,Out (Extinguished),,Confirmed,Out (Extinguished),False,LTG,L,FUL,Full Response,1.0,50.0019,-83.78320000000001,2026-07-16 00:26:00+00:00,2026-07-20 17:30:00+00:00,2026-07-30 23:07:43+00:00,Lightning,High-confidence provisional,True,True,True,True,True
338268817,-1,50.1978,-87.271,NIP_FIRE_062,0.1,LTG,L,1784158140000,1785021600000,GMT,EX,-1,FUL,-1,0,-1,-1,ON     ,1785452863000,-87.27100672894628,50.19780913839674,338268817,Point,2026-07-31T04:59:30.982399+00:00,https://ws.lioservices.lrc.gov.on.ca/arcgis1061a/rest/services/MNRF/Ontario_Fires_Map/MapServer/0/query,NIP_FIRE_062,ON,EX,Out (Extinguished),,Confirmed,Out (Extinguished),False,LTG,L,FUL,Full Response,0.1,50.1978,-87.271,2026-07-15 23:29:00+00:00,2026-07-25 23:20:00+00:00,2026-07-30 23:07:43+00:00,Lightning,High-confidence provisional,True,True,True,True,True
338268833,-1,48.0852,-82.108,TIM_FIRE_022,4.5,LTG,L,1784157480000,1784557920000,GMT,EX,-1,FUL,-1,0,-1,-1,ON     ,1785452863000,-82.10800473472835,48.085209166224836,338268833,Point,2026-07-31T04:59:30.982399+00:00,https://ws.lioservices.lrc.gov.on.ca/arcgis1061a/rest/services/MNRF/Ontario_Fires_Map/MapServer/0/query,TIM_FIRE_022,ON,EX,Out (Extinguished),,Confirmed,Out (Extinguished),False,LTG,L,FUL,Full Response,4.5,48.0852,-82.108,2026-07-15 23:18:00+00:00,2026-07-20 14:32:00+00:00,2026-07-30 23:07:43+00:00,Lightning,High-confidence provisional,True,True,True,True,True
338268849,-1,49.4369,-85.9526,WAW_FIRE_020,0.3,LTG,L,1784157420000,1784294400000,GMT,EX,-1,FUL,-1,0,-1,-1,ON     ,1785452863000,-85.9526061791942,49.43690912512711,338268849,Point,2026-07-31T04:59:30.982399+00:00,https://ws.lioservices.lrc.gov.on.ca/arcgis1061a/rest/services/MNRF/Ontario_Fires_Map/MapServer/0/query,WAW_FIRE_020,ON,EX,Out (Extinguished),,Confirmed,Out (Extinguished),False,LTG,L,FUL,Full Response,0.3,49.4369,-85.9526,2026-07-15 23:17:00+00:00,2026-07-17 13:20:00+00:00,2026-07-30 23:07:43+00:00,Lightning,High-confidence provisional,True,True,True,True,True
338268865,-1,49.2489,-81.9405,COC_FIRE_041,2.7,LTG,L,1784157240000,1784493000000,GMT,EX,-1,FUL,-1,0,-1,-1,ON     ,1785452863000,-81.94050483127768,49.24890934671628,338268865,Point,2026-07-31T04:59:30.982399+00:00,https://ws.lioservices.lrc.gov.on.ca/arcgis1061a/rest/services/MNRF/Ontario_Fires_Map/MapServer/0/query,COC_FIRE_041,ON,EX,Out (Extinguished),,Confirmed,Out (Extinguished),False,LTG,L,FUL,Full Response,2.7,49.2489,-81.9405,2026-07-15 23:14:00+00:00,2026-07-19 20:30:00+00:00,2026-07-30 23:07:43+00:00,Lightning,High-confidence provisional,True,True,True,True,True
338268881,-1,51.1565,-87.8229,NIP_FIRE_061,36.0,LTG,L,1784156520000,1784502000000,GMT,BM,-1,MON,-1,0,-1,-1,ON     ,1785452863000,-87.8229070760532,51.156509222746486,338268881,Point,2026-07-31T04:59:30.982399+00:00,https://ws.lioservices.lrc.gov.on.ca/arcgis1061a/rest/services/MNRF/Ontario_Fires_Map/MapServer/0/query,NIP_FIRE_061,ON,BM,,"Being Monitored (provisional, unconfirmed code)",Provisional,"Being Monitored (provisional, unconfirmed code)",True,LTG,L,MON,Monitored Response,36.0,51.1565,-87.8229,2026-07-15 23:02:00+00:00,2026-07-19 23:00:00+00:00,2026-07-30 23:07:43+00:00,Lightning,High-confidence provisional,True,True,True,True,True
338268897,-1,50.9604,-90.3232,SLK_FIRE_097,1.2,LTG,L,1784153220000,1784941200000,GMT,EX,-1,FUL,-1,0,-1,-1,ON     ,1785452863000,-90.32320784435302,50.960409013086405,338268897,Point,2026-07-31T04:59:30.982399+00:00,https://ws.lioservices.lrc.gov.on.ca/arcgis1061a/rest/services/MNRF/Ontario_Fires_Map/MapServer/0/query,SLK_FIRE_097,ON,EX,Out (Extinguished),,Confirmed,Out (Extinguished),False,LTG,L,FUL,Full Response,1.2,50.9604,-90.3232,2026-07-15 22:07:00+00:00,2026-07-25 01:00:00+00:00,2026-07-30 23:07:43+00:00,Lightning,High-confidence provisional,True,True,True,True,True
338268913,-1,48.080200000000005,-84.6562,WAW_FIRE_019,0.1,LTG,L,1784151720000,1784209500000,GMT,EX,-1,FUL,-1,0,-1,-1,ON     ,1785452863000,-84.65620556316307,48.080209015089245,338268913,Point,2026-07-31T04:59:30.982399+00:00,https://ws.lioservices.lrc.gov.on.ca/arcgis1061a/rest/services/MNRF/Ontario_Fires_Map/MapServer/0/query,WAW_FIRE_019,ON,EX,Out (Extinguished),,Confirmed,Out (Extinguished),False,LTG,L,FUL,Full Response,0.1,48.080200000000005,-84.6562,2026-07-15 21:42:00+00:00,2026-07-16 13:45:00+00:00,2026-07-30 23:07:43+00:00,Lightning,High-confidence provisional,True,True,True,True,True
338268929,-1,49.8823,-86.88090000000001,NIP_FIRE_060,5.0,LTG,L,1784150160000,1784569800000,GMT,EX,-1,FUL,-1,0,-1,-1,ON     ,1785452863000,-86.88090655046653,49.8823091233763,338268929,Point,2026-07-31T04:59:30.982399+00:00,https://ws.lioservices.lrc.gov.on.ca/arcgis1061a/rest/services/MNRF/Ontario_Fires_Map/MapServer/0/query,NIP_FIRE_060,ON,EX,Out (Extinguished),,Confirmed,Out (Extinguished),False,LTG,L,FUL,Full Response,5.0,49.8823,-86.88090000000001,2026-07-15 21:16:00+00:00,2026-07-20 17:50:00+00:00,2026-07-30 23:07:43+00:00,Lightning,High-confidence provisional,True,True,True,True,True
338268945,-1,47.313100000000006,-80.3589,NOR_FIRE_026,0.3,LTG,L,1784146620000,1784304780000,GMT,EX,-1,FUL,-1,0,-1,-1,ON     ,1785452863000,-80.35890406661875,47.31310914372462,338268945,Point,2026-07-31T04:59:30.982399+00:00,https://ws.lioservices.lrc.gov.on.ca/arcgis1061a/rest/services/MNRF/Ontario_Fires_Map/MapServer/0/query,NOR_FIRE_026,ON,EX,Out (Extinguished),,Confirmed,Out (Extinguished),False,LTG,L,FUL,Full Response,0.3,47.313100000000006,-80.3589,2026-07-15 20:17:00+00:00,2026-07-17 16:13:00+00:00,2026-07-30 23:07:43+00:00,Lightning,High-confidence provisional,True,True,True,True,True
338268961,-1,45.3295,-76.61,HAL_FIRE_022,0.9,LTG,L,1784146560000,1784307600000,GMT,EX,-1,FUL,-1,0,-1,-1,ON     ,1785452863000,-76.61000263197845,45.32950900008178,338268961,Point,2026-07-31T04:59:30.982399+00:00,https://ws.lioservices.lrc.gov.on.ca/arcgis1061a/rest/services/MNRF/Ontario_Fires_Map/MapServer/0/query,HAL_FIRE_022,ON,EX,Out (Extinguished),,Confirmed,Out (Extinguished),False,LTG,L,FUL,Full Response,0.9,45.3295,-76.61,2026-07-15 20:16:00+00:00,2026-07-17 17:00:00+00:00,2026-07-30 23:07:43+00:00,Lightning,High-confidence provisional,True,True,True,True,True
338268977,-1,48.8446,-85.6567,WAW_FIRE_018,0.1,LTG,L,1784145180000,1784293200000,GMT,EX,-1,FUL,-1,0,-1,-1,ON     ,1785452863000,-85.65670599409789,48.8446090619664,338268977,Point,2026-07-31T04:59:30.982399+00:00,https://ws.lioservices.lrc.gov.on.ca/arcgis1061a/rest/services/MNRF/Ontario_Fires_Map/MapServer/0/query,WAW_FIRE_018,ON,EX,Out (Extinguished),,Confirmed,Out (Extinguished),False,LTG,L,FUL,Full Response,0.1,48.8446,-85.6567,2026-07-15 19:53:00+00:00,2026-07-17 13:00:00+00:00,2026-07-30 23:07:43+00:00,Lightning,High-confidence provisional,True,True,True,True,True
338268993,-1,50.224000000000004,-86.824,NIP_FIRE_059,9.0,LTG,L,1784144820000,1784912400000,GMT,EX,-1,FUL,-1,0,-1,-1,ON     ,1785452863000,-86.82400658834965,50.22400917267077,338268993,Point,2026-07-31T04:59:30.982399+00:00,https://ws.lioservices.lrc.gov.on.ca/arcgis1061a/rest/services/MNRF/Ontario_Fires_Map/MapServer/0/query,NIP_FIRE_059,ON,EX,Out (Extinguished),,Confirmed,Out (Extinguished),False,LTG,L,FUL,Full Response,9.0,50.224000000000004,-86.824,2026-07-15 19:47:00+00:00,2026-07-24 17:00:00+00:00,2026-07-30 23:07:43+00:00,Lightning,High-confidence provisional,True,True,True,True,True
338269009,-1,49.695,-94.68010000000001,KEN_FIRE_017,0.1,HUM,H,1784144400000,1784148000000,GMT,EX,-1,FUL,-1,0,-1,-1,ON     ,1785452863000,-94.68010893775819,49.695008514711056,338269009,Point,2026-07-31T04:59:30.982399+00:00,https://ws.lioservices.lrc.gov.on.ca/arcgis1061a/rest/services/MNRF/Ontario_Fires_Map/MapServer/0/query,KEN_FIRE_017,ON,EX,Out (Extinguished),,Confirmed,Out (Extinguished),False,HUM,H,FUL,Full Response,0.1,49.695,-94.68010000000001,2026-07-15 19:40:00+00:00,2026-07-15 20:40:00+00:00,2026-07-30 23:07:43+00:00,Unmapped,Requires review,True,True,True,True,True
338269025,-1,48.8081,-85.4711,WAW_FIRE_017,37.5,LTG,L,1784143560000,1785265200000,GMT,EX,-1,FUL,-1,0,-1,-1,ON     ,1785452863000,-85.47110592885583,48.80810906871057,338269025,Point,2026-07-31T04:59:30.982399+00:00,https://ws.lioservices.lrc.gov.on.ca/arcgis1061a/rest/services/MNRF/Ontario_Fires_Map/MapServer/0/query,WAW_FIRE_017,ON,EX,Out (Extinguished),,Confirmed,Out (Extinguished),False,LTG,L,FUL,Full Response,37.5,48.8081,-85.4711,2026-07-15 19:26:00+00:00,2026-07-28 19:00:00+00:00,2026-07-30 23:07:43+00:00,Lightning,High-confidence provisional,True,True,True,True,True
338269041,-1,51.4987,-87.99040000000001,NIP_FIRE_058,0.6,LTG,L,1784133000000,1785272400000,GMT,EX,-1,MON,-1,0,-1,-1,ON     ,1785452863000,-87.99040719388516,51.49870925333154,338269041,Point,2026-07-31T04:59:30.982399+00:00,https://ws.lioservices.lrc.gov.on.ca/arcgis1061a/rest/services/MNRF/Ontario_Fires_Map/MapServer/0/query,NIP_FIRE_058,ON,EX,Out (Extinguished),,Confirmed,Out (Extinguished),False,LTG,L,MON,Monitored Response,0.6,51.4987,-87.99040000000001,2026-07-15 16:30:00+00:00,2026-07-28 21:00:00+00:00,2026-07-30 23:07:43+00:00,Lightning,High-confidence provisional,True,True,True,True,True
338269057,-1,50.1799,-86.4852,NIP_FIRE_057,2.0,LTG,L,1784132040000,1785072600000,GMT,EX,-1,FUL,-1,0,-1,-1,ON     ,1785452863000,-86.4852064707759,50.179909189936396,338269057,Point,2026-07-31T04:59:30.982399+00:00,https://ws.lioservices.lrc.gov.on.ca/arcgis1061a/rest/services/MNRF/Ontario_Fires_Map/MapServer/0/query,NIP_FIRE_057,ON,EX,Out (Extinguished),,Confirmed,Out (Extinguished),False,LTG,L,FUL,Full Response,2.0,50.1799,-86.4852,2026-07-15 16:14:00+00:00,2026-07-26 13:30:00+00:00,2026-07-30 23:07:43+00:00,Lightning,High-confidence provisional,True,True,True,True,True
338269073,-1,51.171600000000005,-90.2064,SLK_FIRE_096,0.2,LTG,L,1784077620000,1784150100000,GMT,EX,-1,FUL,-1,0,-1,-1,ON     ,1785452863000,-90.20640784782572,51.17160904781658,338269073,Point,2026-07-31T04:59:30.982399+00:00,https://ws.lioservices.lrc.gov.on.ca/arcgis1061a/rest/services/MNRF/Ontario_Fires_Map/MapServer/0/query,SLK_FIRE_096,ON,EX,Out (Extinguished),,Confirmed,Out (Extinguished),False,LTG,L,FUL,Full Response,0.2,51.171600000000005,-90.2064,2026-07-15 01:07:00+00:00,2026-07-15 21:15:00+00:00,2026-07-30 23:07:43+00:00,Lightning,High-confidence provisional,True,True,True,True,True
338269089,-1,50.9134,-87.8698,NIP_FIRE_056,0.3,LTG,L,1784077440000,1784502000000,GMT,BM,-1,MON,-1,0,-1,-1,ON     ,1785452863000,-87.8698070474522,50.9134091886631,338269089,Point,2026-07-31T04:59:30.982399+00:00,https://ws.lioservices.lrc.gov.on.ca/arcgis1061a/rest/services/MNRF/Ontario_Fires_Map/MapServer/0/query,NIP_FIRE_056,ON,BM,,"Being Monitored (provisional, unconfirmed code)",Provisional,"Being Monitored (provisional, unconfirmed code)",True,LTG,L,MON,Monitored Response,0.3,50.9134,-87.8698,2026-07-15 01:04:00+00:00,2026-07-19 23:00:00+00:00,2026-07-30 23:07:43+00:00,Lightning,High-confidence provisional,True,True,True,True,True
338269105,-1,51.2501,-88.3103,NIP_FIRE_055,1.0,LTG,L,1784076960000,1784502000000,GMT,BM,-1,MON,-1,0,-1,-1,ON     ,1785452863000,-88.31030725206045,51.25010919915226,338269105,Point,2026-07-31T04:59:30.982399+00:00,https://ws.lioservices.lrc.gov.on.ca/arcgis1061a/rest/services/MNRF/Ontario_Fires_Map/MapServer/0/query,NIP_FIRE_055,ON,BM,,"Being Monitored (provisional, unconfirmed code)",Provisional,"Being Monitored (provisional, unconfirmed code)",True,LTG,L,MON,Monitored Response,1.0,51.2501,-88.3103,2026-07-15 00:56:00+00:00,2026-07-19 23:00:00+00:00,2026-07-30 23:07:43+00:00,Lightning,High-confidence provisional,True,True,True,True,True
338269121,-1,50.6762,-90.3716,SLK_FIRE_095,8.0,LTG,L,1784073240000,1784809800000,GMT,EX,-1,FUL,-1,0,-1,-1,ON     ,1785452863000,-90.37160780579534,50.67620897436142,338269121,Point,2026-07-31T04:59:30.982399+00:00,https://ws.lioservices.lrc.gov.on.ca/arcgis1061a/rest/services/MNRF/Ontario_Fires_Map/MapServer/0/query,SLK_FIRE_095,ON,EX,Out (Extinguished),,Confirmed,Out (Extinguished),False,LTG,L,FUL,Full Response,8.0,50.6762,-90.3716,2026-07-14 23:54:00+00:00,2026-07-23 12:30:00+00:00,2026-07-30 23:07:43+00:00,Lightning,High-confidence provisional,True,True,True,True,True
338269137,-1,52.465500000000006,-91.02080000000001,SLK_FIRE_094,0.5,LTG,L,1784072400000,1784760000000,GMT,BM,-1,MON,-1,0,-1,-1,ON     ,1785452863000,-91.02080837270846,52.46550913656584,338269137,Point,2026-07-31T04:59:30.982399+00:00,https://ws.lioservices.lrc.gov.on.ca/arcgis1061a/rest/services/MNRF/Ontario_Fires_Map/MapServer/0/query,SLK_FIRE_094,ON,BM,,"Being Monitored (provisional, unconfirmed code)",Provisional,"Being Monitored (provisional, unconfirmed code)",True,LTG,L,MON,Monitored Response,0.5,52.465500000000006,-91.02080000000001,2026-07-14 23:40:00+00:00,2026-07-22 22:40:00+00:00,2026-07-30 23:07:43+00:00,Lightning,High-confidence provisional,True,True,True,True,True
338269153,-1,52.2744,-91.0997,SLK_FIRE_093,7.0,LTG,L,1784072040000,1784829480000,GMT,BM,-1,MON,-1,0,-1,-1,ON     ,1785452863000,-91.0997083572359,52.27440910839211,338269153,Point,2026-07-31T04:59:30.982399+00:00,https://ws.lioservices.lrc.gov.on.ca/arcgis1061a/rest/services/MNRF/Ontario_Fires_Map/MapServer/0/query,SLK_FIRE_093,ON,BM,,"Being Monitored (provisional, unconfirmed code)",Provisional,"Being Monitored (provisional, unconfirmed code)",True,LTG,L,MON,Monitored Response,7.0,52.2744,-91.0997,2026-07-14 23:34:00+00:00,2026-07-23 17:58:00+00:00,2026-07-30 23:07:43+00:00,Lightning,High-confidence provisional,True,True,True,True,True
338269169,-1,50.0501,-86.14020000000001,NIP_FIRE_054,13.0,LTG,L,1784071080000,1785007800000,GMT,EX,-1,FUL,-1,0,-1,-1,ON     ,1785452863000,-86.14020633710805,50.05010919588205,338269169,Point,2026-07-31T04:59:30.982399+00:00,https://ws.lioservices.lrc.gov.on.ca/arcgis1061a/rest/services/MNRF/Ontario_Fires_Map/MapServer/0/query,NIP_FIRE_054,ON,EX,Out (Extinguished),,Confirmed,Out (Extinguished),False,LTG,L,FUL,Full Response,13.0,50.0501,-86.14020000000001,2026-07-14 23:18:00+00:00,2026-07-25 19:30:00+00:00,2026-07-30 23:07:43+00:00,Lightning,High-confidence provisional,True,True,True,True,True
338269185,-1,50.448,-86.5274,NIP_FIRE_053,2.0,LTG,L,1784070660000,1784502000000,GMT,BM,-1,MON,-1,0,-1,-1,ON     ,1785452863000,-86.52740652907414,50.44800922247743,338269185,Point,2026-07-31T04:59:30.982399+00:00,https://ws.lioservices.lrc.gov.on.ca/arcgis1061a/rest/services/MNRF/Ontario_Fires_Map/MapServer/0/query,NIP_FIRE_053,ON,BM,,"Being Monitored (provisional, unconfirmed code)",Provisional,"Being Monitored (provisional, unconfirmed code)",True,LTG,L,MON,Monitored Response,2.0,50.448,-86.5274,2026-07-14 23:11:00+00:00,2026-07-19 23:00:00+00:00,2026-07-30 23:07:43+00:00,Lightning,High-confidence provisional,True,True,True,True,True
338269201,-1,50.4924,-86.38600000000001,NIP_FIRE_052,200.0,LTG,L,1784070420000,1784502000000,GMT,BM,-1,MON,-1,0,-1,-1,ON     ,1785452863000,-86.38600649023053,50.492409237958924,338269201,Point,2026-07-31T04:59:30.982399+00:00,https://ws.lioservices.lrc.gov.on.ca/arcgis1061a/rest/services/MNRF/Ontario_Fires_Map/MapServer/0/query,NIP_FIRE_052,ON,BM,,"Being Monitored (provisional, unconfirmed code)",Provisional,"Being Monitored (provisional, unconfirmed code)",True,LTG,L,MON,Monitored Response,200.0,50.4924,-86.38600000000001,2026-07-14 23:07:00+00:00,2026-07-19 23:00:00+00:00,2026-07-30 23:07:43+00:00,Lightning,High-confidence provisional,True,True,True,True,True
338269217,-1,50.502,-86.52680000000001,NIP_FIRE_051,10.0,LTG,L,1784069220000,1784502000000,GMT,BM,-1,MON,-1,0,-1,-1,ON     ,1785452863000,-86.52680653794457,50.502009229605655,338269217,Point,2026-07-31T04:59:30.982399+00:00,https://ws.lioservices.lrc.gov.on.ca/arcgis1061a/rest/services/MNRF/Ontario_Fires_Map/MapServer/0/query,NIP_FIRE_051,ON,BM,,"Being Monitored (provisional, unconfirmed code)",Provisional,"Being Monitored (provisional, unconfirmed code)",True,LTG,L,MON,Monitored Response,10.0,50.502,-86.52680000000001,2026-07-14 22:47:00+00:00,2026-07-19 23:00:00+00:00,2026-07-30 23:07:43+00:00,Lightning,High-confidence provisional,True,True,True,True,True
338269233,-1,51.565200000000004,-88.50540000000001,NIP_FIRE_050,0.1,LTG,L,1784068920000,1784318400000,GMT,EX,-1,FUL,-1,0,-1,-1,ON     ,1785452863000,-88.5054073747694,51.565209223768726,338269233,Point,2026-07-31T04:59:30.982399+00:00,https://ws.lioservices.lrc.gov.on.ca/arcgis1061a/rest/services/MNRF/Ontario_Fires_Map/MapServer/0/query,NIP_FIRE_050,ON,EX,Out (Extinguished),,Confirmed,Out (Extinguished),False,LTG,L,FUL,Full Response,0.1,51.565200000000004,-88.50540000000001,2026-07-14 22:42:00+00:00,2026-07-17 20:00:00+00:00,2026-07-30 23:07:43+00:00,Lightning,High-confidence provisional,True,True,True,True,True
338269249,-1,47.1496,-80.2527,NOR_FIRE_025,0.2,LTG,L,1784068440000,1784226600000,GMT,EX,-1,FUL,-1,0,-1,-1,ON     ,1785452863000,-80.25270401320407,47.14960912371038,338269249,Point,2026-07-31T04:59:30.982399+00:00,https://ws.lioservices.lrc.gov.on.ca/arcgis1061a/rest/services/MNRF/Ontario_Fires_Map/MapServer/0/query,NOR_FIRE_025,ON,EX,Out (Extinguished),,Confirmed,Out (Extinguished),False,LTG,L,FUL,Full Response,0.2,47.1496,-80.2527,2026-07-14 22:34:00+00:00,2026-07-16 18:30:00+00:00,2026-07-30 23:07:43+00:00,Lightning,High-confidence provisional,True,True,True,True,True
338269265,-1,50.7348,-87.68650000000001,NIP_FIRE_049,2.0,LTG,L,1784066940000,1784584800000,GMT,EX,-1,FUL,-1,0,-1,-1,ON     ,1785452863000,-87.68650695614983,50.73480917895381,338269265,Point,2026-07-31T04:59:30.982399+00:00,https://ws.lioservices.lrc.gov.on.ca/arcgis1061a/rest/services/MNRF/Ontario_Fires_Map/MapServer/0/query,NIP_FIRE_049,ON,EX,Out (Extinguished),,Confirmed,Out (Extinguished),False,LTG,L,FUL,Full Response,2.0,50.7348,-87.68650000000001,2026-07-14 22:09:00+00:00,2026-07-20 22:00:00+00:00,2026-07-30 23:07:43+00:00,Lightning,High-confidence provisional,True,True,True,True,True
338269281,-1,51.877,-81.4582,COC_FIRE_040,400.0,LTG,L,1784066100000,1784066220000,GMT,BM,-1,MON,-1,0,-1,-1,ON     ,1785452863000,-81.45820504995001,51.877009736343545,338269281,Point,2026-07-31T04:59:30.982399+00:00,https://ws.lioservices.lrc.gov.on.ca/arcgis1061a/rest/services/MNRF/Ontario_Fires_Map/MapServer/0/query,COC_FIRE_040,ON,BM,,"Being Monitored (provisional, unconfirmed code)",Provisional,"Being Monitored (provisional, unconfirmed code)",True,LTG,L,MON,Monitored Response,400.0,51.877,-81.4582,2026-07-14 21:55:00+00:00,2026-07-14 21:57:00+00:00,2026-07-30 23:07:43+00:00,Lightning,High-confidence provisional,True,True,True,True,True
338269297,-1,51.355700000000006,-87.3927,NIP_FIRE_048,1237.0,LTG,L,1784065320000,1784903400000,GMT,BM,-1,FUL,-1,0,-1,-1,ON     ,1785452863000,-87.39270697138203,51.355709278590936,338269297,Point,2026-07-31T04:59:30.982399+00:00,https://ws.lioservices.lrc.gov.on.ca/arcgis1061a/rest/services/MNRF/Ontario_Fires_Map/MapServer/0/query,NIP_FIRE_048,ON,BM,,"Being Monitored (provisional, unconfirmed code)",Provisional,"Being Monitored (provisional, unconfirmed code)",True,LTG,L,FUL,Full Response,1237.0,51.355700000000006,-87.3927,2026-07-14 21:42:00+00:00,2026-07-24 14:30:00+00:00,2026-07-30 23:07:43+00:00,Lightning,High-confidence provisional,True,True,True,True,True
338269313,-1,47.1832,-80.305,NOR_FIRE_024,0.3,LTG,L,1784064060000,1784150880000,GMT,EX,-1,FUL,-1,0,-1,-1,ON     ,1785452863000,-80.30500403418876,47.18320912624773,338269313,Point,2026-07-31T04:59:30.982399+00:00,https://ws.lioservices.lrc.gov.on.ca/arcgis1061a/rest/services/MNRF/Ontario_Fires_Map/MapServer/0/query,NOR_FIRE_024,ON,EX,Out (Extinguished),,Confirmed,Out (Extinguished),False,LTG,L,FUL,Full Response,0.3,47.1832,-80.305,2026-07-14 21:21:00+00:00,2026-07-15 21:28:00+00:00,2026-07-30 23:07:43+00:00,Lightning,High-confidence provisional,True,True,True,True,True
338269329,-1,51.349700000000006,-87.2821,NIP_FIRE_047,444.40000000000003,LTG,L,1784063820000,1784903400000,GMT,BM,-1,FUL,-1,0,-1,-1,ON     ,1785452863000,-87.28210693391732,51.34970928572068,338269329,Point,2026-07-31T04:59:30.982399+00:00,https://ws.lioservices.lrc.gov.on.ca/arcgis1061a/rest/services/MNRF/Ontario_Fires_Map/MapServer/0/query,NIP_FIRE_047,ON,BM,,"Being Monitored (provisional, unconfirmed code)",Provisional,"Being Monitored (provisional, unconfirmed code)",True,LTG,L,FUL,Full Response,444.40000000000003,51.349700000000006,-87.2821,2026-07-14 21:17:00+00:00,2026-07-24 14:30:00+00:00,2026-07-30 23:07:43+00:00,Lightning,High-confidence provisional,True,True,True,True,True
338269345,-1,52.620400000000004,-83.5313,COC_FIRE_039,280.0,LTG,L,1784063100000,1784063400000,GMT,BM,-1,MON,-1,0,-1,-1,ON     ,1785452863000,-83.5313058942277,52.620409701067004,338269345,Point,2026-07-31T04:59:30.982399+00:00,https://ws.lioservices.lrc.gov.on.ca/arcgis1061a/rest/services/MNRF/Ontario_Fires_Map/MapServer/0/query,COC_FIRE_039,ON,BM,,"Being Monitored (provisional, unconfirmed code)",Provisional,"Being Monitored (provisional, unconfirmed code)",True,LTG,L,MON,Monitored Response,280.0,52.620400000000004,-83.5313,2026-07-14 21:05:00+00:00,2026-07-14 21:10:00+00:00,2026-07-30 23:07:43+00:00,Lightning,High-confidence provisional,True,True,True,True,True
338269361,-1,52.589600000000004,-82.2437,COC_FIRE_038,100.0,LTG,L,1784060940000,1784062080000,GMT,BM,-1,MON,-1,0,-1,-1,ON     ,1785452863000,-82.24370544025862,52.58960977965466,338269361,Point,2026-07-31T04:59:30.982399+00:00,https://ws.lioservices.lrc.gov.on.ca/arcgis1061a/rest/services/MNRF/Ontario_Fires_Map/MapServer/0/query,COC_FIRE_038,ON,BM,,"Being Monitored (provisional, unconfirmed code)",Provisional,"Being Monitored (provisional, unconfirmed code)",True,LTG,L,MON,Monitored Response,100.0,52.589600000000004,-82.2437,2026-07-14 20:29:00+00:00,2026-07-14 20:48:00+00:00,2026-07-30 23:07:43+00:00,Lightning,High-confidence provisional,True,True,True,True,True
338269377,-1,46.720400000000005,-80.6342,SUD_FIRE_021,0.1,LTG,L,1784059620000,1784161800000,GMT,EX,-1,FUL,-1,0,-1,-1,ON     ,1785452863000,-80.63420409053275,46.72040903608838,338269377,Point,2026-07-31T04:59:30.982399+00:00,https://ws.lioservices.lrc.gov.on.ca/arcgis1061a/rest/services/MNRF/Ontario_Fires_Map/MapServer/0/query,SUD_FIRE_021,ON,EX,Out (Extinguished),,Confirmed,Out (Extinguished),False,LTG,L,FUL,Full Response,0.1,46.720400000000005,-80.6342,2026-07-14 20:07:00+00:00,2026-07-16 00:30:00+00:00,2026-07-30 23:07:43+00:00,Lightning,High-confidence provisional,True,True,True,True,True
338269393,-1,52.2573,-92.99770000000001,RED_FIRE_024,6414.900000000001,LTG,L,1784058360000,1785179820000,GMT,OC,-1,MON,-1,0,-1,-1,ON     ,1785452863000,-92.99770895627039,52.25730895125065,338269393,Point,2026-07-31T04:59:30.982399+00:00,https://ws.lioservices.lrc.gov.on.ca/arcgis1061a/rest/services/MNRF/Ontario_Fires_Map/MapServer/0/query,RED_FIRE_024,ON,OC,Out of Control,,Confirmed,Out of Control,True,LTG,L,MON,Monitored Response,6414.900000000001,52.2573,-92.99770000000001,2026-07-14 19:46:00+00:00,2026-07-27 19:17:00+00:00,2026-07-30 23:07:43+00:00,Lightning,High-confidence provisional,True,True,True,True,True
338269409,-1,51.171400000000006,-89.7415,SLK_FIRE_092,2657.8,LTG,L,1784056620000,1784389020000,GMT,BM,-1,MON,-1,0,-1,-1,ON     ,1785452863000,-89.74150769925205,51.17140908312207,338269409,Point,2026-07-31T04:59:30.982399+00:00,https://ws.lioservices.lrc.gov.on.ca/arcgis1061a/rest/services/MNRF/Ontario_Fires_Map/MapServer/0/query,SLK_FIRE_092,ON,BM,,"Being Monitored (provisional, unconfirmed code)",Provisional,"Being Monitored (provisional, unconfirmed code)",True,LTG,L,MON,Monitored Response,2657.8,51.171400000000006,-89.7415,2026-07-14 19:17:00+00:00,2026-07-18 15:37:00+00:00,2026-07-30 23:07:43+00:00,Lightning,High-confidence provisional,True,True,True,True,True
338269425,-1,51.4714,-87.7983,NIP_FIRE_046,0.1,LTG,L,1784054880000,1784064540000,GMT,EX,-1,FUL,-1,0,-1,-1,ON     ,1785452863000,-87.79830712583535,51.47140926388444,338269425,Point,2026-07-31T04:59:30.982399+00:00,https://ws.lioservices.lrc.gov.on.ca/arcgis1061a/rest/services/MNRF/Ontario_Fires_Map/MapServer/0/query,NIP_FIRE_046,ON,EX,Out (Extinguished),,Confirmed,Out (Extinguished),False,LTG,L,FUL,Full Response,0.1,51.4714,-87.7983,2026-07-14 18:48:00+00:00,2026-07-14 21:29:00+00:00,2026-07-30 23:07:43+00:00,Lightning,High-confidence provisional,True,True,True,True,True
338269441,-1,47.7359,-80.3956,TIM_FIRE_021,0.1,LTG,L,1784054880000,1784208600000,GMT,EX,-1,FUL,-1,0,-1,-1,ON     ,1785452863000,-80.39560412741326,47.73590920723862,338269441,Point,2026-07-31T04:59:30.982399+00:00,https://ws.lioservices.lrc.gov.on.ca/arcgis1061a/rest/services/MNRF/Ontario_Fires_Map/MapServer/0/query,TIM_FIRE_021,ON,EX,Out (Extinguished),,Confirmed,Out (Extinguished),False,LTG,L,FUL,Full Response,0.1,47.7359,-80.3956,2026-07-14 18:48:00+00:00,2026-07-16 13:30:00+00:00,2026-07-30 23:07:43+00:00,Lightning,High-confidence provisional,True,True,True,True,True
338269457,-1,51.4711,-87.84150000000001,NIP_FIRE_045,9922.0,LTG,L,1784054760000,1784502000000,GMT,BM,-1,MON,-1,0,-1,-1,ON     ,1785452863000,-87.84150713994741,51.471109260719864,338269457,Point,2026-07-31T04:59:30.982399+00:00,https://ws.lioservices.lrc.gov.on.ca/arcgis1061a/rest/services/MNRF/Ontario_Fires_Map/MapServer/0/query,NIP_FIRE_045,ON,BM,,"Being Monitored (provisional, unconfirmed code)",Provisional,"Being Monitored (provisional, unconfirmed code)",True,LTG,L,MON,Monitored Response,9922.0,51.4711,-87.84150000000001,2026-07-14 18:46:00+00:00,2026-07-19 23:00:00+00:00,2026-07-30 23:07:43+00:00,Lightning,High-confidence provisional,True,True,True,True,True
338269473,-1,48.563500000000005,-84.6074,WAW_FIRE_016,1.0,LTG,L,1784054280000,1784381400000,GMT,EX,-1,FUL,-1,0,-1,-1,ON     ,1785452863000,-84.6074056143675,48.5635090881775,338269473,Point,2026-07-31T04:59:30.982399+00:00,https://ws.lioservices.lrc.gov.on.ca/arcgis1061a/rest/services/MNRF/Ontario_Fires_Map/MapServer/0/query,WAW_FIRE_016,ON,EX,Out (Extinguished),,Confirmed,Out (Extinguished),False,LTG,L,FUL,Full Response,1.0,48.563500000000005,-84.6074,2026-07-14 18:38:00+00:00,2026-07-18 13:30:00+00:00,2026-07-30 23:07:43+00:00,Lightning,High-confidence provisional,True,True,True,True,True
338269489,-1,45.851800000000004,-79.3648,NOR_FIRE_023,0.1,HUM,H,1784052840000,1784056740000,GMT,EX,-1,FUL,-1,0,-1,-1,ON     ,1785452863000,-79.36480358464746,45.85180895998849,338269489,Point,2026-07-31T04:59:30.982399+00:00,https://ws.lioservices.lrc.gov.on.ca/arcgis1061a/rest/services/MNRF/Ontario_Fires_Map/MapServer/0/query,NOR_FIRE_023,ON,EX,Out (Extinguished),,Confirmed,Out (Extinguished),False,HUM,H,FUL,Full Response,0.1,45.851800000000004,-79.3648,2026-07-14 18:14:00+00:00,2026-07-14 19:19:00+00:00,2026-07-30 23:07:43+00:00,Unmapped,Requires review,True,True,True,True,True
338269505,-1,49.3179,-91.38260000000001,DRY_FIRE_037,1.5,LTG,L,1784051820000,1784307000000,GMT,EX,-1,FUL,-1,0,-1,-1,ON     ,1785452863000,-91.38260787329784,49.31790872624347,338269505,Point,2026-07-31T04:59:30.982399+00:00,https://ws.lioservices.lrc.gov.on.ca/arcgis1061a/rest/services/MNRF/Ontario_Fires_Map/MapServer/0/query,DRY_FIRE_037,ON,EX,Out (Extinguished),,Confirmed,Out (Extinguished),False,LTG,L,FUL,Full Response,1.5,49.3179,-91.38260000000001,2026-07-14 17:57:00+00:00,2026-07-17 16:50:00+00:00,2026-07-30 23:07:43+00:00,Lightning,High-confidence provisional,True,True,True,True,True
338269521,-1,46.7462,-84.08080000000001,CHA_FIRE_011,0.1,HUM,H,1784048820000,1784054700000,GMT,EX,-1,FUL,-1,0,-1,-1,ON     ,1785452863000,-84.08080520563146,46.746208849444116,338269521,Point,2026-07-31T04:59:30.982399+00:00,https://ws.lioservices.lrc.gov.on.ca/arcgis1061a/rest/services/MNRF/Ontario_Fires_Map/MapServer/0/query,CHA_FIRE_011,ON,EX,Out (Extinguished),,Confirmed,Out (Extinguished),False,HUM,H,FUL,Full Response,0.1,46.7462,-84.08080000000001,2026-07-14 17:07:00+00:00,2026-07-14 18:45:00+00:00,2026-07-30 23:07:43+00:00,Unmapped,Requires review,True,True,True,True,True
338269537,-1,50.827000000000005,-87.7475,NIP_FIRE_044,4.0,LTG,L,1784047740000,1784671200000,GMT,EX,-1,FUL,-1,0,-1,-1,ON     ,1785452863000,-87.7475069922828,50.82700918640373,338269537,Point,2026-07-31T04:59:30.982399+00:00,https://ws.lioservices.lrc.gov.on.ca/arcgis1061a/rest/services/MNRF/Ontario_Fires_Map/MapServer/0/query,NIP_FIRE_044,ON,EX,Out (Extinguished),,Confirmed,Out (Extinguished),False,LTG,L,FUL,Full Response,4.0,50.827000000000005,-87.7475,2026-07-14 16:49:00+00:00,2026-07-21 22:00:00+00:00,2026-07-30 23:07:43+00:00,Lightning,High-confidence provisional,True,True,True,True,True
338269553,-1,48.3318,-92.02420000000001,FOR_FIRE_039,95.8,LTG,L,1784045280000,1784819940000,GMT,UC,-1,MOD,-1,0,-1,-1,ON     ,1785452863000,-92.02420789875336,48.33180854941614,338269553,Point,2026-07-31T04:59:30.982399+00:00,https://ws.lioservices.lrc.gov.on.ca/arcgis1061a/rest/services/MNRF/Ontario_Fires_Map/MapServer/0/query,FOR_FIRE_039,ON,UC,Under Control,,Confirmed,Under Control,True,LTG,L,MOD,Modified Response,95.8,48.3318,-92.02420000000001,2026-07-14 16:08:00+00:00,2026-07-23 15:19:00+00:00,2026-07-30 23:07:43+00:00,Lightning,High-confidence provisional,True,True,True,True,True
338269569,-1,50.7045,-90.0775,SLK_FIRE_091,38.0,LTG,L,1784042640000,1785003060000,GMT,BM,-1,MON,-1,0,-1,-1,ON     ,1785452863000,-90.07750771803718,50.704509000118804,338269569,Point,2026-07-31T04:59:30.982399+00:00,https://ws.lioservices.lrc.gov.on.ca/arcgis1061a/rest/services/MNRF/Ontario_Fires_Map/MapServer/0/query,SLK_FIRE_091,ON,BM,,"Being Monitored (provisional, unconfirmed code)",Provisional,"Being Monitored (provisional, unconfirmed code)",True,LTG,L,MON,Monitored Response,38.0,50.7045,-90.0775,2026-07-14 15:24:00+00:00,2026-07-25 18:11:00+00:00,2026-07-30 23:07:43+00:00,Lightning,High-confidence provisional,True,True,True,True,True
338269585,-1,50.1314,-88.03880000000001,NIP_FIRE_043,35.0,LTG,L,1784041320000,1784901600000,GMT,EX,-1,FUL,-1,0,-1,-1,ON     ,1785452863000,-88.0388069651347,50.131409075939494,338269585,Point,2026-07-31T04:59:30.982399+00:00,https://ws.lioservices.lrc.gov.on.ca/arcgis1061a/rest/services/MNRF/Ontario_Fires_Map/MapServer/0/query,NIP_FIRE_043,ON,EX,Out (Extinguished),,Confirmed,Out (Extinguished),False,LTG,L,FUL,Full Response,35.0,50.1314,-88.03880000000001,2026-07-14 15:02:00+00:00,2026-07-24 14:00:00+00:00,2026-07-30 23:07:43+00:00,Lightning,High-confidence provisional,True,True,True,True,True
338269601,-1,50.128800000000005,-87.647,NIP_FIRE_042,15.0,LTG,L,1784041140000,1784502300000,GMT,BM,-1,MON,-1,0,-1,-1,ON     ,1785452863000,-87.64700683870552,50.12880910314513,338269601,Point,2026-07-31T04:59:30.982399+00:00,https://ws.lioservices.lrc.gov.on.ca/arcgis1061a/rest/services/MNRF/Ontario_Fires_Map/MapServer/0/query,NIP_FIRE_042,ON,BM,,"Being Monitored (provisional, unconfirmed code)",Provisional,"Being Monitored (provisional, unconfirmed code)",True,LTG,L,MON,Monitored Response,15.0,50.128800000000005,-87.647,2026-07-14 14:59:00+00:00,2026-07-19 23:05:00+00:00,2026-07-30 23:07:43+00:00,Lightning,High-confidence provisional,True,True,True,True,True
338269617,-1,49.7098,-87.7787,NIP_FIRE_041,0.1,LTG,L,1784039040000,1784125800000,GMT,EX,-1,FUL,-1,0,-1,-1,ON     ,1785452863000,-87.7787068109018,49.70980903857262,338269617,Point,2026-07-31T04:59:30.982399+00:00,https://ws.lioservices.lrc.gov.on.ca/arcgis1061a/rest/services/MNRF/Ontario_Fires_Map/MapServer/0/query,NIP_FIRE_041,ON,EX,Out (Extinguished),,Confirmed,Out (Extinguished),False,LTG,L,FUL,Full Response,0.1,49.7098,-87.7787,2026-07-14 14:24:00+00:00,2026-07-15 14:30:00+00:00,2026-07-30 23:07:43+00:00,Lightning,High-confidence provisional,True,True,True,True,True
338269633,-1,51.1266,-90.07950000000001,SLK_FIRE_090,0.2,LTG,L,1784038020000,1784665920000,GMT,EX,-1,FUL,-1,0,-1,-1,ON     ,1785452863000,-90.07950779869034,51.126609052004966,338269633,Point,2026-07-31T04:59:30.982399+00:00,https://ws.lioservices.lrc.gov.on.ca/arcgis1061a/rest/services/MNRF/Ontario_Fires_Map/MapServer/0/query,SLK_FIRE_090,ON,EX,Out (Extinguished),,Confirmed,Out (Extinguished),False,LTG,L,FUL,Full Response,0.2,51.1266,-90.07950000000001,2026-07-14 14:07:00+00:00,2026-07-21 20:32:00+00:00,2026-07-30 23:07:43+00:00,Lightning,High-confidence provisional,True,True,True,True,True
338269649,-1,51.2017,-87.7936,NIP_FIRE_040,102.0,LTG,L,1783991160000,1784502000000,GMT,BM,-1,MON,-1,0,-1,-1,ON     ,1785452863000,-87.79360707471223,51.201709230534725,338269649,Point,2026-07-31T04:59:30.982399+00:00,https://ws.lioservices.lrc.gov.on.ca/arcgis1061a/rest/services/MNRF/Ontario_Fires_Map/MapServer/0/query,NIP_FIRE_040,ON,BM,,"Being Monitored (provisional, unconfirmed code)",Provisional,"Being Monitored (provisional, unconfirmed code)",True,LTG,L,MON,Monitored Response,102.0,51.2017,-87.7936,2026-07-14 01:06:00+00:00,2026-07-19 23:00:00+00:00,2026-07-30 23:07:43+00:00,Lightning,High-confidence provisional,True,True,True,True,True
338269665,-1,50.3879,-87.4437,NIP_FIRE_039,24.5,LTG,L,1783990440000,1784301300000,GMT,OC,-1,FUL,-1,0,-1,-1,ON     ,1785452863000,-87.44370681713208,50.387909151246696,338269665,Point,2026-07-31T04:59:30.982399+00:00,https://ws.lioservices.lrc.gov.on.ca/arcgis1061a/rest/services/MNRF/Ontario_Fires_Map/MapServer/0/query,NIP_FIRE_039,ON,OC,Out of Control,,Confirmed,Out of Control,True,LTG,L,FUL,Full Response,24.5,50.3879,-87.4437,2026-07-14 00:54:00+00:00,2026-07-17 15:15:00+00:00,2026-07-30 23:07:43+00:00,Lightning,High-confidence provisional,True,True,True,True,True
338269681,-1,50.433800000000005,-87.4287,NIP_FIRE_038,488.8,LTG,L,1783990200000,1784301300000,GMT,OC,-1,FUL,-1,0,-1,-1,ON     ,1785452863000,-87.42870682013856,50.43380915827102,338269681,Point,2026-07-31T04:59:30.982399+00:00,https://ws.lioservices.lrc.gov.on.ca/arcgis1061a/rest/services/MNRF/Ontario_Fires_Map/MapServer/0/query,NIP_FIRE_038,ON,OC,Out of Control,,Confirmed,Out of Control,True,LTG,L,FUL,Full Response,488.8,50.433800000000005,-87.4287,2026-07-14 00:50:00+00:00,2026-07-17 15:15:00+00:00,2026-07-30 23:07:43+00:00,Lightning,High-confidence provisional,True,True,True,True,True
338269697,-1,48.719500000000004,-91.2736,FOR_FIRE_038,44.2,HUM,H,1783988580000,1785171600000,GMT,UC,-1,FUL,-1,0,-1,-1,ON     ,1785452863000,-91.27360773679058,48.7195086563562,338269697,Point,2026-07-31T04:59:30.982399+00:00,https://ws.lioservices.lrc.gov.on.ca/arcgis1061a/rest/services/MNRF/Ontario_Fires_Map/MapServer/0/query,FOR_FIRE_038,ON,UC,Under Control,,Confirmed,Under Control,True,HUM,H,FUL,Full Response,44.2,48.719500000000004,-91.2736,2026-07-14 00:23:00+00:00,2026-07-27 17:00:00+00:00,2026-07-30 23:07:43+00:00,Unmapped,Requires review,True,True,True,True,True
338269713,-1,49.237100000000005,-91.8508,DRY_FIRE_036,1710.0,HUM,H,1783984860000,1785427200000,GMT,BH,-1,FUL,-1,0,-1,-1,ON     ,1785452863000,-91.85080800216068,49.23710868047276,338269713,Point,2026-07-31T04:59:30.982399+00:00,https://ws.lioservices.lrc.gov.on.ca/arcgis1061a/rest/services/MNRF/Ontario_Fires_Map/MapServer/0/query,DRY_FIRE_036,ON,BH,Being Held,,Confirmed,Being Held,True,HUM,H,FUL,Full Response,1710.0,49.237100000000005,-91.8508,2026-07-13 23:21:00+00:00,2026-07-30 16:00:00+00:00,2026-07-30 23:07:43+00:00,Unmapped,Requires review,True,True,True,True,True
338269729,-1,46.6527,-80.5745,SUD_FIRE_020,0.1,LTG,L,1783984440000,1784046600000,GMT,EX,-1,FUL,-1,0,-1,-1,ON     ,1785452863000,-80.57450406357523,46.65270902845211,338269729,Point,2026-07-31T04:59:30.982399+00:00,https://ws.lioservices.lrc.gov.on.ca/arcgis1061a/rest/services/MNRF/Ontario_Fires_Map/MapServer/0/query,SUD_FIRE_020,ON,EX,Out (Extinguished),,Confirmed,Out (Extinguished),False,LTG,L,FUL,Full Response,0.1,46.6527,-80.5745,2026-07-13 23:14:00+00:00,2026-07-14 16:30:00+00:00,2026-07-30 23:07:43+00:00,Lightning,High-confidence provisional,True,True,True,True,True
338269745,-1,50.2509,-88.5446,THU_FIRE_059,17.0,HUM,H,1783983180000,1784846700000,GMT,BM,-1,FUL,-1,0,-1,-1,ON     ,1785452863000,-88.54460714786617,50.25090905543014,338269745,Point,2026-07-31T04:59:30.982399+00:00,https://ws.lioservices.lrc.gov.on.ca/arcgis1061a/rest/services/MNRF/Ontario_Fires_Map/MapServer/0/query,THU_FIRE_059,ON,BM,,"Being Monitored (provisional, unconfirmed code)",Provisional,"Being Monitored (provisional, unconfirmed code)",True,HUM,H,FUL,Full Response,17.0,50.2509,-88.5446,2026-07-13 22:53:00+00:00,2026-07-23 22:45:00+00:00,2026-07-30 23:07:43+00:00,Unmapped,Requires review,True,True,True,True,True
338269761,-1,48.0108,-81.2044,TIM_FIRE_020,0.1,LTG,L,1783981080000,1784032200000,GMT,EX,-1,FUL,-1,0,-1,-1,ON     ,1785452863000,-81.20440442775634,48.01080920546641,338269761,Point,2026-07-31T04:59:30.982399+00:00,https://ws.lioservices.lrc.gov.on.ca/arcgis1061a/rest/services/MNRF/Ontario_Fires_Map/MapServer/0/query,TIM_FIRE_020,ON,EX,Out (Extinguished),,Confirmed,Out (Extinguished),False,LTG,L,FUL,Full Response,0.1,48.0108,-81.2044,2026-07-13 22:18:00+00:00,2026-07-14 12:30:00+00:00,2026-07-30 23:07:43+00:00,Lightning,High-confidence provisional,True,True,True,True,True
338269777,-1,47.534400000000005,-81.0498,TIM_FIRE_019,1.3,LTG,L,1783981020000,1784481420000,GMT,EX,-1,FUL,-1,0,-1,-1,ON     ,1785452863000,-81.04980431966338,47.53440914119226,338269777,Point,2026-07-31T04:59:30.982399+00:00,https://ws.lioservices.lrc.gov.on.ca/arcgis1061a/rest/services/MNRF/Ontario_Fires_Map/MapServer/0/query,TIM_FIRE_019,ON,EX,Out (Extinguished),,Confirmed,Out (Extinguished),False,LTG,L,FUL,Full Response,1.3,47.534400000000005,-81.0498,2026-07-13 22:17:00+00:00,2026-07-19 17:17:00+00:00,2026-07-30 23:07:43+00:00,Lightning,High-confidence provisional,True,True,True,True,True
338269793,-1,50.587700000000005,-90.67530000000001,SLK_FIRE_089,7190.1,LTG,L,1783980540000,1784932860000,GMT,OC,-1,FUL,-1,0,-1,-1,ON     ,1785452863000,-90.67530788486636,50.58770894028955,338269793,Point,2026-07-31T04:59:30.982399+00:00,https://ws.lioservices.lrc.gov.on.ca/arcgis1061a/rest/services/MNRF/Ontario_Fires_Map/MapServer/0/query,SLK_FIRE_089,ON,OC,Out of Control,,Confirmed,Out of Control,True,LTG,L,FUL,Full Response,7190.1,50.587700000000005,-90.67530000000001,2026-07-13 22:09:00+00:00,2026-07-24 22:41:00+00:00,2026-07-30 23:07:43+00:00,Lightning,High-confidence provisional,True,True,True,True,True
338269809,-1,50.3266,-87.8113,NIP_FIRE_037,911.9,LTG,L,1783980540000,1784301300000,GMT,OC,-1,FUL,-1,0,-1,-1,ON     ,1785452863000,-87.81130692543468,50.326609117439084,338269809,Point,2026-07-31T04:59:30.982399+00:00,https://ws.lioservices.lrc.gov.on.ca/arcgis1061a/rest/services/MNRF/Ontario_Fires_Map/MapServer/0/query,NIP_FIRE_037,ON,OC,Out of Control,,Confirmed,Out of Control,True,LTG,L,FUL,Full Response,911.9,50.3266,-87.8113,2026-07-13 22:09:00+00:00,2026-07-17 15:15:00+00:00,2026-07-30 23:07:43+00:00,Lightning,High-confidence provisional,True,True,True,True,True
338269825,-1,49.630100000000006,-90.098,DRY_FIRE_035,22461.0,HUM,H,1783980420000,1784481600000,GMT,OC,-1,FUL,-1,0,-1,-1,ON     ,1785452863000,-90.09800753049315,49.630108862169,338269825,Point,2026-07-31T04:59:30.982399+00:00,https://ws.lioservices.lrc.gov.on.ca/arcgis1061a/rest/services/MNRF/Ontario_Fires_Map/MapServer/0/query,DRY_FIRE_035,ON,OC,Out of Control,,Confirmed,Out of Control,True,HUM,H,FUL,Full Response,22461.0,49.630100000000006,-90.098,2026-07-13 22:07:00+00:00,2026-07-19 17:20:00+00:00,2026-07-30 23:07:43+00:00,Unmapped,Requires review,True,True,True,True,True
338269841,-1,48.2213,-89.7526,THU_FIRE_058,6.0,LTG,L,1783980360000,1784588400000,GMT,EX,-1,FUL,-1,0,-1,-1,ON     ,1785452863000,-89.75260718972764,48.22130869913427,338269841,Point,2026-07-31T04:59:30.982399+00:00,https://ws.lioservices.lrc.gov.on.ca/arcgis1061a/rest/services/MNRF/Ontario_Fires_Map/MapServer/0/query,THU_FIRE_058,ON,EX,Out (Extinguished),,Confirmed,Out (Extinguished),False,LTG,L,FUL,Full Response,6.0,48.2213,-89.7526,2026-07-13 22:06:00+00:00,2026-07-20 23:00:00+00:00,2026-07-30 23:07:43+00:00,Lightning,High-confidence provisional,True,True,True,True,True
338269857,-1,49.982800000000005,-90.1717,DRY_FIRE_034,44954.0,HUM,H,1783979520000,1784481600000,GMT,OC,-1,FUL,-1,0,-1,-1,ON     ,1785452863000,-90.17170761580654,49.98280890210485,338269857,Point,2026-07-31T04:59:30.982399+00:00,https://ws.lioservices.lrc.gov.on.ca/arcgis1061a/rest/services/MNRF/Ontario_Fires_Map/MapServer/0/query,DRY_FIRE_034,ON,OC,Out of Control,,Confirmed,Out of Control,True,HUM,H,FUL,Full Response,44954.0,49.982800000000005,-90.1717,2026-07-13 21:52:00+00:00,2026-07-19 17:20:00+00:00,2026-07-30 23:07:43+00:00,Unmapped,Requires review,True,True,True,True,True
338269873,-1,51.5966,-88.71010000000001,NIP_FIRE_036,0.1,LTG,L,1783976940000,1784318460000,GMT,EX,-1,MON,-1,0,-1,-1,ON     ,1785452863000,-88.71010744749054,51.59660921244684,338269873,Point,2026-07-31T04:59:30.982399+00:00,https://ws.lioservices.lrc.gov.on.ca/arcgis1061a/rest/services/MNRF/Ontario_Fires_Map/MapServer/0/query,NIP_FIRE_036,ON,EX,Out (Extinguished),,Confirmed,Out (Extinguished),False,LTG,L,MON,Monitored Response,0.1,51.5966,-88.71010000000001,2026-07-13 21:09:00+00:00,2026-07-17 20:01:00+00:00,2026-07-30 23:07:43+00:00,Lightning,High-confidence provisional,True,True,True,True,True
338269889,-1,48.291000000000004,-90.0493,THU_FIRE_057,0.2,LTG,L,1783976400000,1784070000000,GMT,EX,-1,FUL,-1,0,-1,-1,ON     ,1785452863000,-90.04930729197929,48.29100868766633,338269889,Point,2026-07-31T04:59:30.982399+00:00,https://ws.lioservices.lrc.gov.on.ca/arcgis1061a/rest/services/MNRF/Ontario_Fires_Map/MapServer/0/query,THU_FIRE_057,ON,EX,Out (Extinguished),,Confirmed,Out (Extinguished),False,LTG,L,FUL,Full Response,0.2,48.291000000000004,-90.0493,2026-07-13 21:00:00+00:00,2026-07-14 23:00:00+00:00,2026-07-30 23:07:43+00:00,Lightning,High-confidence provisional,True,True,True,True,True
338269905,-1,49.672900000000006,-93.19120000000001,DRY_FIRE_033,2.9,LTG,L,1783975860000,1784836800000,GMT,EX,-1,FUL,-1,0,-1,-1,ON     ,1785452863000,-93.19120848812105,49.67290863156986,338269905,Point,2026-07-31T04:59:30.982399+00:00,https://ws.lioservices.lrc.gov.on.ca/arcgis1061a/rest/services/MNRF/Ontario_Fires_Map/MapServer/0/query,DRY_FIRE_033,ON,EX,Out (Extinguished),,Confirmed,Out (Extinguished),False,LTG,L,FUL,Full Response,2.9,49.672900000000006,-93.19120000000001,2026-07-13 20:51:00+00:00,2026-07-23 20:00:00+00:00,2026-07-30 23:07:43+00:00,Lightning,High-confidence provisional,True,True,True,True,True
338269921,-1,51.168200000000006,-90.2976,SLK_FIRE_088,2.5,LTG,L,1783974540000,1784651340000,GMT,EX,-1,FUL,-1,0,-1,-1,ON     ,1785452863000,-90.29760787622,51.168209040425,338269921,Point,2026-07-31T04:59:30.982399+00:00,https://ws.lioservices.lrc.gov.on.ca/arcgis1061a/rest/services/MNRF/Ontario_Fires_Map/MapServer/0/query,SLK_FIRE_088,ON,EX,Out (Extinguished),,Confirmed,Out (Extinguished),False,LTG,L,FUL,Full Response,2.5,51.168200000000006,-90.2976,2026-07-13 20:29:00+00:00,2026-07-21 16:29:00+00:00,2026-07-30 23:07:43+00:00,Lightning,High-confidence provisional,True,True,True,True,True
338269937,-1,49.9547,-91.3463,SLK_FIRE_087,0.2,LTG,L,1783973880000,1784055900000,GMT,BM,-1,MON,-1,0,-1,-1,ON     ,1785452863000,-91.34630797655294,49.95470881006123,338269937,Point,2026-07-31T04:59:30.982399+00:00,https://ws.lioservices.lrc.gov.on.ca/arcgis1061a/rest/services/MNRF/Ontario_Fires_Map/MapServer/0/query,SLK_FIRE_087,ON,BM,,"Being Monitored (provisional, unconfirmed code)",Provisional,"Being Monitored (provisional, unconfirmed code)",True,LTG,L,MON,Monitored Response,0.2,49.9547,-91.3463,2026-07-13 20:18:00+00:00,2026-07-14 19:05:00+00:00,2026-07-30 23:07:43+00:00,Lightning,High-confidence provisional,True,True,True,True,True
338269953,-1,49.3898,-90.4402,THU_FIRE_056,7947.0,LTG,L,1783973700000,1784471220000,GMT,OC,-1,FUL,-1,0,-1,-1,ON     ,1785452863000,-90.44020759523264,49.38980880575299,338269953,Point,2026-07-31T04:59:30.982399+00:00,https://ws.lioservices.lrc.gov.on.ca/arcgis1061a/rest/services/MNRF/Ontario_Fires_Map/MapServer/0/query,THU_FIRE_056,ON,OC,Out of Control,,Confirmed,Out of Control,True,LTG,L,FUL,Full Response,7947.0,49.3898,-90.4402,2026-07-13 20:15:00+00:00,2026-07-19 14:27:00+00:00,2026-07-30 23:07:43+00:00,Lightning,High-confidence provisional,True,True,True,True,True
338269969,-1,50.502,-89.467,THU_FIRE_055,0.1,LTG,L,1783972080000,1784055060000,GMT,EX,-1,FUL,-1,0,-1,-1,ON     ,1785452863000,-89.46700748685426,50.502009020309984,338269969,Point,2026-07-31T04:59:30.982399+00:00,https://ws.lioservices.lrc.gov.on.ca/arcgis1061a/rest/services/MNRF/Ontario_Fires_Map/MapServer/0/query,THU_FIRE_055,ON,EX,Out (Extinguished),,Confirmed,Out (Extinguished),False,LTG,L,FUL,Full Response,0.1,50.502,-89.467,2026-07-13 19:48:00+00:00,2026-07-14 18:51:00+00:00,2026-07-30 23:07:43+00:00,Lightning,High-confidence provisional,True,True,True,True,True
338269985,-1,50.939800000000005,-90.43860000000001,SLK_FIRE_086,5644.0,LTG,L,1783971840000,1784933040000,GMT,OC,-1,FUL,-1,0,-1,-1,ON     ,1785452863000,-90.43860787700326,50.93980900174785,338269985,Point,2026-07-31T04:59:30.982399+00:00,https://ws.lioservices.lrc.gov.on.ca/arcgis1061a/rest/services/MNRF/Ontario_Fires_Map/MapServer/0/query,SLK_FIRE_086,ON,OC,Out of Control,,Confirmed,Out of Control,True,LTG,L,FUL,Full Response,5644.0,50.939800000000005,-90.43860000000001,2026-07-13 19:44:00+00:00,2026-07-24 22:44:00+00:00,2026-07-30 23:07:43+00:00,Lightning,High-confidence provisional,True,True,True,True,True
338270001,-1,50.964400000000005,-90.3991,SLK_FIRE_085,0.3,LTG,L,1783971600000,1784674800000,GMT,EX,-1,FUL,-1,0,-1,-1,ON     ,1785452863000,-90.39910786919589,50.96440900778122,338270001,Point,2026-07-31T04:59:30.982399+00:00,https://ws.lioservices.lrc.gov.on.ca/arcgis1061a/rest/services/MNRF/Ontario_Fires_Map/MapServer/0/query,SLK_FIRE_085,ON,EX,Out (Extinguished),,Confirmed,Out (Extinguished),False,LTG,L,FUL,Full Response,0.3,50.964400000000005,-90.3991,2026-07-13 19:40:00+00:00,2026-07-21 23:00:00+00:00,2026-07-30 23:07:43+00:00,Lightning,High-confidence provisional,True,True,True,True,True
338270017,-1,49.7549,-89.9496,THU_FIRE_054,7389.5,LTG,L,1783970880000,1785016620000,GMT,OC,-1,FUL,-1,0,-1,-1,ON     ,1785452863000,-89.9496075058919,49.75490888923464,338270017,Point,2026-07-31T04:59:30.982399+00:00,https://ws.lioservices.lrc.gov.on.ca/arcgis1061a/rest/services/MNRF/Ontario_Fires_Map/MapServer/0/query,THU_FIRE_054,ON,OC,Out of Control,,Confirmed,Out of Control,True,LTG,L,FUL,Full Response,7389.5,49.7549,-89.9496,2026-07-13 19:28:00+00:00,2026-07-25 21:57:00+00:00,2026-07-30 23:07:43+00:00,Lightning,High-confidence provisional,True,True,True,True,True
338270033,-1,51.1409,-88.69030000000001,NIP_FIRE_035,150.0,LTG,L,1783970040000,1783985400000,GMT,BM,-1,MON,-1,0,-1,-1,ON     ,1785452863000,-88.69030735508632,51.14090915771833,338270033,Point,2026-07-31T04:59:30.982399+00:00,https://ws.lioservices.lrc.gov.on.ca/arcgis1061a/rest/services/MNRF/Ontario_Fires_Map/MapServer/0/query,NIP_FIRE_035,ON,BM,,"Being Monitored (provisional, unconfirmed code)",Provisional,"Being Monitored (provisional, unconfirmed code)",True,LTG,L,MON,Monitored Response,150.0,51.1409,-88.69030000000001,2026-07-13 19:14:00+00:00,2026-07-13 23:30:00+00:00,2026-07-30 23:07:43+00:00,Lightning,High-confidence provisional,True,True,True,True,True
338270049,-1,48.249,-91.90140000000001,FOR_FIRE_037,3448.0,LTG,L,1783967340000,1784504400000,GMT,BM,-1,MON,-1,0,-1,-1,ON     ,1785452863000,-91.90140784801498,48.24900854755075,338270049,Point,2026-07-31T04:59:30.982399+00:00,https://ws.lioservices.lrc.gov.on.ca/arcgis1061a/rest/services/MNRF/Ontario_Fires_Map/MapServer/0/query,FOR_FIRE_037,ON,BM,,"Being Monitored (provisional, unconfirmed code)",Provisional,"Being Monitored (provisional, unconfirmed code)",True,LTG,L,MON,Monitored Response,3448.0,48.249,-91.90140000000001,2026-07-13 18:29:00+00:00,2026-07-19 23:40:00+00:00,2026-07-30 23:07:43+00:00,Lightning,High-confidence provisional,True,True,True,True,True
338270065,-1,50.7058,-90.78280000000001,SLK_FIRE_084,4796.6,LTG,L,1783966980000,1784933040000,GMT,OC,-1,FUL,-1,0,-1,-1,ON     ,1785452863000,-90.78280794102129,50.705808946651615,338270065,Point,2026-07-31T04:59:30.982399+00:00,https://ws.lioservices.lrc.gov.on.ca/arcgis1061a/rest/services/MNRF/Ontario_Fires_Map/MapServer/0/query,SLK_FIRE_084,ON,OC,Out of Control,,Confirmed,Out of Control,True,LTG,L,FUL,Full Response,4796.6,50.7058,-90.78280000000001,2026-07-13 18:23:00+00:00,2026-07-24 22:44:00+00:00,2026-07-30 23:07:43+00:00,Lightning,High-confidence provisional,True,True,True,True,True
338270081,-1,50.4802,-89.17790000000001,THU_FIRE_053,0.1,HUM,H,1783965660000,1784055120000,GMT,EX,-1,FUL,-1,0,-1,-1,ON     ,1785452863000,-89.17790739083068,50.4802090388365,338270081,Point,2026-07-31T04:59:30.982399+00:00,https://ws.lioservices.lrc.gov.on.ca/arcgis1061a/rest/services/MNRF/Ontario_Fires_Map/MapServer/0/query,THU_FIRE_053,ON,EX,Out (Extinguished),,Confirmed,Out (Extinguished),False,HUM,H,FUL,Full Response,0.1,50.4802,-89.17790000000001,2026-07-13 18:01:00+00:00,2026-07-14 18:52:00+00:00,2026-07-30 23:07:43+00:00,Unmapped,Requires review,True,True,True,True,True
338270097,-1,49.8918,-93.452,DRY_FIRE_032,0.1,HUM,H,1783965600000,1783972800000,GMT,EX,-1,FUL,-1,0,-1,-1,ON     ,1785452863000,-93.4520086083096,49.89180863775134,338270097,Point,2026-07-31T04:59:30.982399+00:00,https://ws.lioservices.lrc.gov.on.ca/arcgis1061a/rest/services/MNRF/Ontario_Fires_Map/MapServer/0/query,DRY_FIRE_032,ON,EX,Out (Extinguished),,Confirmed,Out (Extinguished),False,HUM,H,FUL,Full Response,0.1,49.8918,-93.452,2026-07-13 18:00:00+00:00,2026-07-13 20:00:00+00:00,2026-07-30 23:07:43+00:00,Unmapped,Requires review,True,True,True,True,True
338270113,-1,50.6458,-89.083,THU_FIRE_052,0.1,LTG,L,1783964760000,1784135400000,GMT,EX,-1,FUL,-1,0,-1,-1,ON     ,1785452863000,-89.08300739047526,50.64580906677462,338270113,Point,2026-07-31T04:59:30.982399+00:00,https://ws.lioservices.lrc.gov.on.ca/arcgis1061a/rest/services/MNRF/Ontario_Fires_Map/MapServer/0/query,THU_FIRE_052,ON,EX,Out (Extinguished),,Confirmed,Out (Extinguished),False,LTG,L,FUL,Full Response,0.1,50.6458,-89.083,2026-07-13 17:46:00+00:00,2026-07-15 17:10:00+00:00,2026-07-30 23:07:43+00:00,Lightning,High-confidence provisional,True,True,True,True,True
338270129,-1,48.2852,-90.10220000000001,THU_FIRE_051,22.5,HUM,H,1783954740000,1785016800000,GMT,UC,-1,FUL,-1,0,-1,-1,ON     ,1785452863000,-90.10220730728894,48.28520868311398,338270129,Point,2026-07-31T04:59:30.982399+00:00,https://ws.lioservices.lrc.gov.on.ca/arcgis1061a/rest/services/MNRF/Ontario_Fires_Map/MapServer/0/query,THU_FIRE_051,ON,UC,Under Control,,Confirmed,Under Control,True,HUM,H,FUL,Full Response,22.5,48.2852,-90.10220000000001,2026-07-13 14:59:00+00:00,2026-07-25 22:00:00+00:00,2026-07-30 23:07:43+00:00,Unmapped,Requires review,True,True,True,True,True
338270145,-1,48.671800000000005,-91.07860000000001,FOR_FIRE_036,0.2,LTG,L,1783953060000,1784163600000,GMT,EX,-1,FUL,-1,0,-1,-1,ON     ,1785452863000,-91.07860766931266,48.6718086644268,338270145,Point,2026-07-31T04:59:30.982399+00:00,https://ws.lioservices.lrc.gov.on.ca/arcgis1061a/rest/services/MNRF/Ontario_Fires_Map/MapServer/0/query,FOR_FIRE_036,ON,EX,Out (Extinguished),,Confirmed,Out (Extinguished),False,LTG,L,FUL,Full Response,0.2,48.671800000000005,-91.07860000000001,2026-07-13 14:31:00+00:00,2026-07-16 01:00:00+00:00,2026-07-30 23:07:43+00:00,Lightning,High-confidence provisional,True,True,True,True,True
338270161,-1,50.5221,-89.2149,THU_FIRE_050,0.1,LTG,L,1783952580000,1784135400000,GMT,EX,-1,FUL,-1,0,-1,-1,ON     ,1785452863000,-89.21490741019463,50.522109041434646,338270161,Point,2026-07-31T04:59:30.982399+00:00,https://ws.lioservices.lrc.gov.on.ca/arcgis1061a/rest/services/MNRF/Ontario_Fires_Map/MapServer/0/query,THU_FIRE_050,ON,EX,Out (Extinguished),,Confirmed,Out (Extinguished),False,LTG,L,FUL,Full Response,0.1,50.5221,-89.2149,2026-07-13 14:23:00+00:00,2026-07-15 17:10:00+00:00,2026-07-30 23:07:43+00:00,Lightning,High-confidence provisional,True,True,True,True,True
338270177,-1,50.4831,-89.1524,THU_FIRE_049,0.1,LTG,L,1783952040000,1784055120000,GMT,EX,-1,FUL,-1,0,-1,-1,ON     ,1785452863000,-89.15240738321934,50.4831090410747,338270177,Point,2026-07-31T04:59:30.982399+00:00,https://ws.lioservices.lrc.gov.on.ca/arcgis1061a/rest/services/MNRF/Ontario_Fires_Map/MapServer/0/query,THU_FIRE_049,ON,EX,Out (Extinguished),,Confirmed,Out (Extinguished),False,LTG,L,FUL,Full Response,0.1,50.4831,-89.1524,2026-07-13 14:14:00+00:00,2026-07-14 18:52:00+00:00,2026-07-30 23:07:43+00:00,Lightning,High-confidence provisional,True,True,True,True,True
338270193,-1,49.0887,-91.10090000000001,FOR_FIRE_035,45.0,LTG,L,1783900980000,1784732400000,GMT,BM,-1,MOD,-1,0,-1,-1,ON     ,1785452863000,-91.10090774698746,49.08870871759728,338270193,Point,2026-07-31T04:59:30.982399+00:00,https://ws.lioservices.lrc.gov.on.ca/arcgis1061a/rest/services/MNRF/Ontario_Fires_Map/MapServer/0/query,FOR_FIRE_035,ON,BM,,"Being Monitored (provisional, unconfirmed code)",Provisional,"Being Monitored (provisional, unconfirmed code)",True,LTG,L,MOD,Modified Response,45.0,49.0887,-91.10090000000001,2026-07-13 00:03:00+00:00,2026-07-22 15:00:00+00:00,2026-07-30 23:07:43+00:00,Lightning,High-confidence provisional,True,True,True,True,True
338270209,-1,50.9699,-89.92620000000001,THU_FIRE_048,0.5,HUM,H,1783899540000,1784495340000,GMT,BM,-1,MON,-1,0,-1,-1,ON     ,1785452863000,-89.9262077199046,50.96990904439588,338270209,Point,2026-07-31T04:59:30.982399+00:00,https://ws.lioservices.lrc.gov.on.ca/arcgis1061a/rest/services/MNRF/Ontario_Fires_Map/MapServer/0/query,THU_FIRE_048,ON,BM,,"Being Monitored (provisional, unconfirmed code)",Provisional,"Being Monitored (provisional, unconfirmed code)",True,HUM,H,MON,Monitored Response,0.5,50.9699,-89.92620000000001,2026-07-12 23:39:00+00:00,2026-07-19 21:09:00+00:00,2026-07-30 23:07:43+00:00,Unmapped,Requires review,True,True,True,True,True
338270225,-1,49.4055,-92.50030000000001,DRY_FIRE_031,0.5,LTG,L,1783899180000,1784251980000,GMT,EX,-1,FUL,-1,0,-1,-1,ON     ,1785452863000,-92.50030822977197,49.405508652155675,338270225,Point,2026-07-31T04:59:30.982399+00:00,https://ws.lioservices.lrc.gov.on.ca/arcgis1061a/rest/services/MNRF/Ontario_Fires_Map/MapServer/0/query,DRY_FIRE_031,ON,EX,Out (Extinguished),,Confirmed,Out (Extinguished),False,LTG,L,FUL,Full Response,0.5,49.4055,-92.50030000000001,2026-07-12 23:33:00+00:00,2026-07-17 01:33:00+00:00,2026-07-30 23:07:43+00:00,Lightning,High-confidence provisional,True,True,True,True,True
338270241,-1,49.269400000000005,-91.8404,DRY_FIRE_030,0.1,LTG,L,1783899060000,1783962000000,GMT,EX,-1,FUL,-1,0,-1,-1,ON     ,1785452863000,-91.84040800471324,49.26940868540552,338270241,Point,2026-07-31T04:59:30.982399+00:00,https://ws.lioservices.lrc.gov.on.ca/arcgis1061a/rest/services/MNRF/Ontario_Fires_Map/MapServer/0/query,DRY_FIRE_030,ON,EX,Out (Extinguished),,Confirmed,Out (Extinguished),False,LTG,L,FUL,Full Response,0.1,49.269400000000005,-91.8404,2026-07-12 23:31:00+00:00,2026-07-13 17:00:00+00:00,2026-07-30 23:07:43+00:00,Lightning,High-confidence provisional,True,True,True,True,True
338270257,-1,51.4951,-89.3733,SLK_FIRE_083,15.0,LTG,L,1783897080000,1783898100000,GMT,BM,-1,MON,-1,0,-1,-1,ON     ,1785452863000,-89.37330764308348,51.49510915043263,338270257,Point,2026-07-31T04:59:30.982399+00:00,https://ws.lioservices.lrc.gov.on.ca/arcgis1061a/rest/services/MNRF/Ontario_Fires_Map/MapServer/0/query,SLK_FIRE_083,ON,BM,,"Being Monitored (provisional, unconfirmed code)",Provisional,"Being Monitored (provisional, unconfirmed code)",True,LTG,L,MON,Monitored Response,15.0,51.4951,-89.3733,2026-07-12 22:58:00+00:00,2026-07-12 23:15:00+00:00,2026-07-30 23:07:43+00:00,Lightning,High-confidence provisional,True,True,True,True,True
338270273,-1,47.2775,-84.5896,WAW_FIRE_015,7.0,LTG,L,1783896960000,1785180600000,GMT,BH,-1,MOD,-1,0,-1,-1,ON     ,1785452863000,-84.58960543503315,47.27750890011975,338270273,Point,2026-07-31T04:59:30.982399+00:00,https://ws.lioservices.lrc.gov.on.ca/arcgis1061a/rest/services/MNRF/Ontario_Fires_Map/MapServer/0/query,WAW_FIRE_015,ON,BH,Being Held,,Confirmed,Being Held,True,LTG,L,MOD,Modified Response,7.0,47.2775,-84.5896,2026-07-12 22:56:00+00:00,2026-07-27 19:30:00+00:00,2026-07-30 23:07:43+00:00,Lightning,High-confidence provisional,True,True,True,True,True
338270289,-1,50.9132,-89.5428,THU_FIRE_047,0.1,LTG,L,1783896840000,1784135340000,GMT,EX,-1,FUL,-1,0,-1,-1,ON     ,1785452863000,-89.54280758684017,50.913209066195925,338270289,Point,2026-07-31T04:59:30.982399+00:00,https://ws.lioservices.lrc.gov.on.ca/arcgis1061a/rest/services/MNRF/Ontario_Fires_Map/MapServer/0/query,THU_FIRE_047,ON,EX,Out (Extinguished),,Confirmed,Out (Extinguished),False,LTG,L,FUL,Full Response,0.1,50.9132,-89.5428,2026-07-12 22:54:00+00:00,2026-07-15 17:09:00+00:00,2026-07-30 23:07:43+00:00,Lightning,High-confidence provisional,True,True,True,True,True
338270305,-1,50.993700000000004,-89.2578,THU_FIRE_046,0.1,LTG,L,1783896480000,1784217360000,GMT,EX,-1,FUL,-1,0,-1,-1,ON     ,1785452863000,-89.2578075105762,50.99370909744598,338270305,Point,2026-07-31T04:59:30.982399+00:00,https://ws.lioservices.lrc.gov.on.ca/arcgis1061a/rest/services/MNRF/Ontario_Fires_Map/MapServer/0/query,THU_FIRE_046,ON,EX,Out (Extinguished),,Confirmed,Out (Extinguished),False,LTG,L,FUL,Full Response,0.1,50.993700000000004,-89.2578,2026-07-12 22:48:00+00:00,2026-07-16 15:56:00+00:00,2026-07-30 23:07:43+00:00,Lightning,High-confidence provisional,True,True,True,True,True
338270321,-1,50.9726,-89.4135,THU_FIRE_045,0.1,LTG,L,1783896120000,1784135280000,GMT,EX,-1,FUL,-1,0,-1,-1,ON     ,1785452863000,-89.41350755656917,50.972609083227916,338270321,Point,2026-07-31T04:59:30.982399+00:00,https://ws.lioservices.lrc.gov.on.ca/arcgis1061a/rest/services/MNRF/Ontario_Fires_Map/MapServer/0/query,THU_FIRE_045,ON,EX,Out (Extinguished),,Confirmed,Out (Extinguished),False,LTG,L,FUL,Full Response,0.1,50.9726,-89.4135,2026-07-12 22:42:00+00:00,2026-07-15 17:08:00+00:00,2026-07-30 23:07:43+00:00,Lightning,High-confidence provisional,True,True,True,True,True
338270337,-1,51.2669,-89.40740000000001,SLK_FIRE_082,0.1,LTG,L,1783896000000,1784223900000,GMT,EX,-1,MON,-1,0,-1,-1,ON     ,1785452863000,-89.40740761022738,51.2669091199992,338270337,Point,2026-07-31T04:59:30.982399+00:00,https://ws.lioservices.lrc.gov.on.ca/arcgis1061a/rest/services/MNRF/Ontario_Fires_Map/MapServer/0/query,SLK_FIRE_082,ON,EX,Out (Extinguished),,Confirmed,Out (Extinguished),False,LTG,L,MON,Monitored Response,0.1,51.2669,-89.40740000000001,2026-07-12 22:40:00+00:00,2026-07-16 17:45:00+00:00,2026-07-30 23:07:43+00:00,Lightning,High-confidence provisional,True,True,True,True,True
338270353,-1,46.489000000000004,-84.5231,CHA_FIRE_010,2.1,HUM,H,1783895340000,1784057160000,GMT,EX,-1,FUL,-1,0,-1,-1,ON     ,1785452863000,-84.52310531433638,46.489008783936,338270353,Point,2026-07-31T04:59:30.982399+00:00,https://ws.lioservices.lrc.gov.on.ca/arcgis1061a/rest/services/MNRF/Ontario_Fires_Map/MapServer/0/query,CHA_FIRE_010,ON,EX,Out (Extinguished),,Confirmed,Out (Extinguished),False,HUM,H,FUL,Full Response,2.1,46.489000000000004,-84.5231,2026-07-12 22:29:00+00:00,2026-07-14 19:26:00+00:00,2026-07-30 23:07:43+00:00,Unmapped,Requires review,True,True,True,True,True
338270369,-1,50.892900000000004,-89.3525,THU_FIRE_044,0.1,LTG,L,1783895160000,1784135220000,GMT,EX,-1,FUL,-1,0,-1,-1,ON     ,1785452863000,-89.35250752216132,50.89290907785913,338270369,Point,2026-07-31T04:59:30.982399+00:00,https://ws.lioservices.lrc.gov.on.ca/arcgis1061a/rest/services/MNRF/Ontario_Fires_Map/MapServer/0/query,THU_FIRE_044,ON,EX,Out (Extinguished),,Confirmed,Out (Extinguished),False,LTG,L,FUL,Full Response,0.1,50.892900000000004,-89.3525,2026-07-12 22:26:00+00:00,2026-07-15 17:07:00+00:00,2026-07-30 23:07:43+00:00,Lightning,High-confidence provisional,True,True,True,True,True
338270385,-1,48.339600000000004,-89.8454,THU_FIRE_043,0.1,HUM,H,1783892280000,1783892460000,GMT,EX,-1,FUL,-1,0,-1,-1,ON     ,1785452863000,-89.84540723704488,48.33960870875883,338270385,Point,2026-07-31T04:59:30.982399+00:00,https://ws.lioservices.lrc.gov.on.ca/arcgis1061a/rest/services/MNRF/Ontario_Fires_Map/MapServer/0/query,THU_FIRE_043,ON,EX,Out (Extinguished),,Confirmed,Out (Extinguished),False,HUM,H,FUL,Full Response,0.1,48.339600000000004,-89.8454,2026-07-12 21:38:00+00:00,2026-07-12 21:41:00+00:00,2026-07-30 23:07:43+00:00,Unmapped,Requires review,True,True,True,True,True
338270401,-1,48.525800000000004,-85.15050000000001,WAW_FIRE_014,12.5,HUM,H,1783891020000,1784800800000,GMT,EX,-1,FUL,-1,0,-1,-1,ON     ,1785452863000,-85.15050578463271,48.52580904887247,338270401,Point,2026-07-31T04:59:30.982399+00:00,https://ws.lioservices.lrc.gov.on.ca/arcgis1061a/rest/services/MNRF/Ontario_Fires_Map/MapServer/0/query,WAW_FIRE_014,ON,EX,Out (Extinguished),,Confirmed,Out (Extinguished),False,HUM,H,FUL,Full Response,12.5,48.525800000000004,-85.15050000000001,2026-07-12 21:17:00+00:00,2026-07-23 10:00:00+00:00,2026-07-30 23:07:43+00:00,Unmapped,Requires review,True,True,True,True,True
338270417,-1,50.3472,-87.82140000000001,NIP_FIRE_034,1.0,LTG,L,1783890000000,1784224800000,GMT,EX,-1,FUL,-1,0,-1,-1,ON     ,1785452863000,-87.82140693224262,50.347209119402685,338270417,Point,2026-07-31T04:59:30.982399+00:00,https://ws.lioservices.lrc.gov.on.ca/arcgis1061a/rest/services/MNRF/Ontario_Fires_Map/MapServer/0/query,NIP_FIRE_034,ON,EX,Out (Extinguished),,Confirmed,Out (Extinguished),False,LTG,L,FUL,Full Response,1.0,50.3472,-87.82140000000001,2026-07-12 21:00:00+00:00,2026-07-16 18:00:00+00:00,2026-07-30 23:07:43+00:00,Lightning,High-confidence provisional,True,True,True,True,True
338270433,-1,49.0002,-93.26050000000001,FOR_FIRE_034,0.9,LTG,L,1783889820000,1784078700000,GMT,EX,-1,FUL,-1,0,-1,-1,ON     ,1785452863000,-93.26050838538933,49.00020854189617,338270433,Point,2026-07-31T04:59:30.982399+00:00,https://ws.lioservices.lrc.gov.on.ca/arcgis1061a/rest/services/MNRF/Ontario_Fires_Map/MapServer/0/query,FOR_FIRE_034,ON,EX,Out (Extinguished),,Confirmed,Out (Extinguished),False,LTG,L,FUL,Full Response,0.9,49.0002,-93.26050000000001,2026-07-12 20:57:00+00:00,2026-07-15 01:25:00+00:00,2026-07-30 23:07:43+00:00,Lightning,High-confidence provisional,True,True,True,True,True
338270449,-1,52.193200000000004,-92.7637,RED_FIRE_023,638.0,LTG,L,1783889820000,1784574000000,GMT,OC,-1,MDP,-1,0,-1,-1,ON     ,1785452863000,-92.76370886856357,52.19320896356222,338270449,Point,2026-07-31T04:59:30.982399+00:00,https://ws.lioservices.lrc.gov.on.ca/arcgis1061a/rest/services/MNRF/Ontario_Fires_Map/MapServer/0/query,RED_FIRE_023,ON,OC,Out of Control,,Confirmed,Out of Control,True,LTG,L,MDP,Unmapped,638.0,52.193200000000004,-92.7637,2026-07-12 20:57:00+00:00,2026-07-20 19:00:00+00:00,2026-07-30 23:07:43+00:00,Lightning,High-confidence provisional,True,True,True,True,True
338270465,-1,50.8602,-90.6447,SLK_FIRE_081,0.1,LTG,L,1783889220000,1783900800000,GMT,EX,-1,FUL,-1,0,-1,-1,ON     ,1785452863000,-90.64470792695377,50.86020897620892,338270465,Point,2026-07-31T04:59:30.982399+00:00,https://ws.lioservices.lrc.gov.on.ca/arcgis1061a/rest/services/MNRF/Ontario_Fires_Map/MapServer/0/query,SLK_FIRE_081,ON,EX,Out (Extinguished),,Confirmed,Out (Extinguished),False,LTG,L,FUL,Full Response,0.1,50.8602,-90.6447,2026-07-12 20:47:00+00:00,2026-07-13 00:00:00+00:00,2026-07-30 23:07:43+00:00,Lightning,High-confidence provisional,True,True,True,True,True
338270481,-1,50.8007,-89.87320000000001,THU_FIRE_042,0.1,LTG,L,1783886040000,1784135220000,GMT,EX,-1,FUL,-1,0,-1,-1,ON     ,1785452863000,-89.87320767115831,50.800709027453884,338270481,Point,2026-07-31T04:59:30.982399+00:00,https://ws.lioservices.lrc.gov.on.ca/arcgis1061a/rest/services/MNRF/Ontario_Fires_Map/MapServer/0/query,THU_FIRE_042,ON,EX,Out (Extinguished),,Confirmed,Out (Extinguished),False,LTG,L,FUL,Full Response,0.1,50.8007,-89.87320000000001,2026-07-12 19:54:00+00:00,2026-07-15 17:07:00+00:00,2026-07-30 23:07:43+00:00,Lightning,High-confidence provisional,True,True,True,True,True
338270497,-1,50.8082,-89.9041,THU_FIRE_041,0.1,LTG,L,1783885980000,1784135220000,GMT,EX,-1,FUL,-1,0,-1,-1,ON     ,1785452863000,-89.90410768239158,50.80820902606102,338270497,Point,2026-07-31T04:59:30.982399+00:00,https://ws.lioservices.lrc.gov.on.ca/arcgis1061a/rest/services/MNRF/Ontario_Fires_Map/MapServer/0/query,THU_FIRE_041,ON,EX,Out (Extinguished),,Confirmed,Out (Extinguished),False,LTG,L,FUL,Full Response,0.1,50.8082,-89.9041,2026-07-12 19:53:00+00:00,2026-07-15 17:07:00+00:00,2026-07-30 23:07:43+00:00,Lightning,High-confidence provisional,True,True,True,True,True
338270513,-1,51.1434,-90.1799,SLK_FIRE_080,0.6,LTG,L,1783884540000,1784143800000,GMT,EX,-1,FUL,-1,0,-1,-1,ON     ,1785452863000,-90.17990783393346,51.14340904640356,338270513,Point,2026-07-31T04:59:30.982399+00:00,https://ws.lioservices.lrc.gov.on.ca/arcgis1061a/rest/services/MNRF/Ontario_Fires_Map/MapServer/0/query,SLK_FIRE_080,ON,EX,Out (Extinguished),,Confirmed,Out (Extinguished),False,LTG,L,FUL,Full Response,0.6,51.1434,-90.1799,2026-07-12 19:29:00+00:00,2026-07-15 19:30:00+00:00,2026-07-30 23:07:43+00:00,Lightning,High-confidence provisional,True,True,True,True,True
338270529,-1,50.931000000000004,-90.60640000000001,SLK_FIRE_079,1.0,LTG,L,1783883820000,1784135280000,GMT,EX,-1,FUL,-1,0,-1,-1,ON     ,1785452863000,-90.60640792843202,50.93100898781606,338270529,Point,2026-07-31T04:59:30.982399+00:00,https://ws.lioservices.lrc.gov.on.ca/arcgis1061a/rest/services/MNRF/Ontario_Fires_Map/MapServer/0/query,SLK_FIRE_079,ON,EX,Out (Extinguished),,Confirmed,Out (Extinguished),False,LTG,L,FUL,Full Response,1.0,50.931000000000004,-90.60640000000001,2026-07-12 19:17:00+00:00,2026-07-15 17:08:00+00:00,2026-07-30 23:07:43+00:00,Lightning,High-confidence provisional,True,True,True,True,True
338270545,-1,50.9347,-90.2937,SLK_FIRE_078,0.1,LTG,L,1783882800000,1784223600000,GMT,EX,-1,FUL,-1,0,-1,-1,ON     ,1785452863000,-90.2937078300824,50.934709012181095,338270545,Point,2026-07-31T04:59:30.982399+00:00,https://ws.lioservices.lrc.gov.on.ca/arcgis1061a/rest/services/MNRF/Ontario_Fires_Map/MapServer/0/query,SLK_FIRE_078,ON,EX,Out (Extinguished),,Confirmed,Out (Extinguished),False,LTG,L,FUL,Full Response,0.1,50.9347,-90.2937,2026-07-12 19:00:00+00:00,2026-07-16 17:40:00+00:00,2026-07-30 23:07:43+00:00,Lightning,High-confidence provisional,True,True,True,True,True
338270561,-1,51.1496,-90.4942,SLK_FIRE_077,0.3,LTG,L,1783882140000,1783965600000,GMT,EX,-1,FUL,-1,0,-1,-1,ON     ,1785452863000,-90.4942079351319,51.14960902307384,338270561,Point,2026-07-31T04:59:30.982399+00:00,https://ws.lioservices.lrc.gov.on.ca/arcgis1061a/rest/services/MNRF/Ontario_Fires_Map/MapServer/0/query,SLK_FIRE_077,ON,EX,Out (Extinguished),,Confirmed,Out (Extinguished),False,LTG,L,FUL,Full Response,0.3,51.1496,-90.4942,2026-07-12 18:49:00+00:00,2026-07-13 18:00:00+00:00,2026-07-30 23:07:43+00:00,Lightning,High-confidence provisional,True,True,True,True,True
338270577,-1,50.789100000000005,-89.6735,THU_FIRE_040,0.1,LTG,L,1783878840000,1784135160000,GMT,EX,-1,FUL,-1,0,-1,-1,ON     ,1785452863000,-89.67350760540624,50.7891090409848,338270577,Point,2026-07-31T04:59:30.982399+00:00,https://ws.lioservices.lrc.gov.on.ca/arcgis1061a/rest/services/MNRF/Ontario_Fires_Map/MapServer/0/query,THU_FIRE_040,ON,EX,Out (Extinguished),,Confirmed,Out (Extinguished),False,LTG,L,FUL,Full Response,0.1,50.789100000000005,-89.6735,2026-07-12 17:54:00+00:00,2026-07-15 17:06:00+00:00,2026-07-30 23:07:43+00:00,Lightning,High-confidence provisional,True,True,True,True,True
338270593,-1,50.8919,-89.8075,THU_FIRE_039,0.1,LTG,L,1783878780000,1784135160000,GMT,EX,-1,FUL,-1,0,-1,-1,ON     ,1785452863000,-89.80750766734704,50.89190904370605,338270593,Point,2026-07-31T04:59:30.982399+00:00,https://ws.lioservices.lrc.gov.on.ca/arcgis1061a/rest/services/MNRF/Ontario_Fires_Map/MapServer/0/query,THU_FIRE_039,ON,EX,Out (Extinguished),,Confirmed,Out (Extinguished),False,LTG,L,FUL,Full Response,0.1,50.8919,-89.8075,2026-07-12 17:53:00+00:00,2026-07-15 17:06:00+00:00,2026-07-30 23:07:43+00:00,Lightning,High-confidence provisional,True,True,True,True,True
338270609,-1,50.9018,-89.7697,THU_FIRE_038,0.1,LTG,L,1783876980000,1784135100000,GMT,EX,-1,FUL,-1,0,-1,-1,ON     ,1785452863000,-89.76970765715623,50.901809047774314,338270609,Point,2026-07-31T04:59:30.982399+00:00,https://ws.lioservices.lrc.gov.on.ca/arcgis1061a/rest/services/MNRF/Ontario_Fires_Map/MapServer/0/query,THU_FIRE_038,ON,EX,Out (Extinguished),,Confirmed,Out (Extinguished),False,LTG,L,FUL,Full Response,0.1,50.9018,-89.7697,2026-07-12 17:23:00+00:00,2026-07-15 17:05:00+00:00,2026-07-30 23:07:43+00:00,Lightning,High-confidence provisional,True,True,True,True,True
338270625,-1,50.7027,-89.50160000000001,THU_FIRE_037,0.1,LTG,L,1783876320000,1783964340000,GMT,EX,-1,FUL,-1,0,-1,-1,ON     ,1785452863000,-89.50160753460267,50.702709043004134,338270625,Point,2026-07-31T04:59:30.982399+00:00,https://ws.lioservices.lrc.gov.on.ca/arcgis1061a/rest/services/MNRF/Ontario_Fires_Map/MapServer/0/query,THU_FIRE_037,ON,EX,Out (Extinguished),,Confirmed,Out (Extinguished),False,LTG,L,FUL,Full Response,0.1,50.7027,-89.50160000000001,2026-07-12 17:12:00+00:00,2026-07-13 17:39:00+00:00,2026-07-30 23:07:43+00:00,Lightning,High-confidence provisional,True,True,True,True,True
338270641,-1,50.6828,-89.468,THU_FIRE_036,313930.0,LTG,L,1783875420000,1784934120000,GMT,OC,-1,FUL,-1,0,-1,-1,ON     ,1785452863000,-89.46800752022442,50.6828090430043,338270641,Point,2026-07-31T04:59:30.982399+00:00,https://ws.lioservices.lrc.gov.on.ca/arcgis1061a/rest/services/MNRF/Ontario_Fires_Map/MapServer/0/query,THU_FIRE_036,ON,OC,Out of Control,,Confirmed,Out of Control,True,LTG,L,FUL,Full Response,313930.0,50.6828,-89.468,2026-07-12 16:57:00+00:00,2026-07-24 23:02:00+00:00,2026-07-30 23:07:43+00:00,Lightning,High-confidence provisional,True,True,True,True,True
338270657,-1,51.119,-90.2976,SLK_FIRE_076,0.1,LTG,L,1783870860000,1783886760000,GMT,EX,-1,FUL,-1,0,-1,-1,ON     ,1785452863000,-90.29760786670168,51.11900903443376,338270657,Point,2026-07-31T04:59:30.982399+00:00,https://ws.lioservices.lrc.gov.on.ca/arcgis1061a/rest/services/MNRF/Ontario_Fires_Map/MapServer/0/query,SLK_FIRE_076,ON,EX,Out (Extinguished),,Confirmed,Out (Extinguished),False,LTG,L,FUL,Full Response,0.1,51.119,-90.2976,2026-07-12 15:41:00+00:00,2026-07-12 20:06:00+00:00,2026-07-30 23:07:43+00:00,Lightning,High-confidence provisional,True,True,True,True,True
338270673,-1,48.9802,-80.46600000000001,COC_FIRE_037,0.1,LTG,L,1783869780000,1783893600000,GMT,EX,-1,FUL,-1,0,-1,-1,ON     ,1785452863000,-80.4660043020141,48.98020939063664,338270673,Point,2026-07-31T04:59:30.982399+00:00,https://ws.lioservices.lrc.gov.on.ca/arcgis1061a/rest/services/MNRF/Ontario_Fires_Map/MapServer/0/query,COC_FIRE_037,ON,EX,Out (Extinguished),,Confirmed,Out (Extinguished),False,LTG,L,FUL,Full Response,0.1,48.9802,-80.46600000000001,2026-07-12 15:23:00+00:00,2026-07-12 22:00:00+00:00,2026-07-30 23:07:43+00:00,Lightning,High-confidence provisional,True,True,True,True,True
338270689,-1,51.1678,-90.2228,SLK_FIRE_075,0.6,LTG,L,1783865400000,1784070000000,GMT,EX,-1,FUL,-1,0,-1,-1,ON     ,1785452863000,-90.22280785231716,51.16780904610017,338270689,Point,2026-07-31T04:59:30.982399+00:00,https://ws.lioservices.lrc.gov.on.ca/arcgis1061a/rest/services/MNRF/Ontario_Fires_Map/MapServer/0/query,SLK_FIRE_075,ON,EX,Out (Extinguished),,Confirmed,Out (Extinguished),False,LTG,L,FUL,Full Response,0.6,51.1678,-90.2228,2026-07-12 14:10:00+00:00,2026-07-14 23:00:00+00:00,2026-07-30 23:07:43+00:00,Lightning,High-confidence provisional,True,True,True,True,True
338270705,-1,51.202600000000004,-90.02600000000001,SLK_FIRE_074,3334.0,LTG,L,1783865220000,1784492520000,GMT,OC,-1,MOD,-1,0,-1,-1,ON     ,1785452863000,-90.02600779624878,51.2026090653566,338270705,Point,2026-07-31T04:59:30.982399+00:00,https://ws.lioservices.lrc.gov.on.ca/arcgis1061a/rest/services/MNRF/Ontario_Fires_Map/MapServer/0/query,SLK_FIRE_074,ON,OC,Out of Control,,Confirmed,Out of Control,True,LTG,L,MOD,Modified Response,3334.0,51.202600000000004,-90.02600000000001,2026-07-12 14:07:00+00:00,2026-07-19 20:22:00+00:00,2026-07-30 23:07:43+00:00,Lightning,High-confidence provisional,True,True,True,True,True
338270721,-1,51.8654,-92.3631,SLK_FIRE_073,0.1,LTG,L,1783811460000,1784218200000,GMT,EX,-1,FUL,-1,0,-1,-1,ON     ,1785452863000,-92.36310867163482,51.86540895936391,338270721,Point,2026-07-31T04:59:30.982399+00:00,https://ws.lioservices.lrc.gov.on.ca/arcgis1061a/rest/services/MNRF/Ontario_Fires_Map/MapServer/0/query,SLK_FIRE_073,ON,EX,Out (Extinguished),,Confirmed,Out (Extinguished),False,LTG,L,FUL,Full Response,0.1,51.8654,-92.3631,2026-07-11 23:11:00+00:00,2026-07-16 16:10:00+00:00,2026-07-30 23:07:43+00:00,Lightning,High-confidence provisional,True,True,True,True,True
338270737,-1,51.8318,-92.1735,SLK_FIRE_072,23597.0,LTG,L,1783810680000,1784581080000,GMT,OC,-1,FUL,-1,0,-1,-1,ON     ,1785452863000,-92.17350860482503,51.831808970947364,338270737,Point,2026-07-31T04:59:30.982399+00:00,https://ws.lioservices.lrc.gov.on.ca/arcgis1061a/rest/services/MNRF/Ontario_Fires_Map/MapServer/0/query,SLK_FIRE_072,ON,OC,Out of Control,,Confirmed,Out of Control,True,LTG,L,FUL,Full Response,23597.0,51.8318,-92.1735,2026-07-11 22:58:00+00:00,2026-07-20 20:58:00+00:00,2026-07-30 23:07:43+00:00,Lightning,High-confidence provisional,True,True,True,True,True
338270753,-1,51.6313,-92.1757,SLK_FIRE_071,13744.0,LTG,L,1783809780000,1784384040000,GMT,OC,-1,FUL,-1,0,-1,-1,ON     ,1785452863000,-92.17570856336596,51.63130894759785,338270753,Point,2026-07-31T04:59:30.982399+00:00,https://ws.lioservices.lrc.gov.on.ca/arcgis1061a/rest/services/MNRF/Ontario_Fires_Map/MapServer/0/query,SLK_FIRE_071,ON,OC,Out of Control,,Confirmed,Out of Control,True,LTG,L,FUL,Full Response,13744.0,51.6313,-92.1757,2026-07-11 22:43:00+00:00,2026-07-18 14:14:00+00:00,2026-07-30 23:07:43+00:00,Lightning,High-confidence provisional,True,True,True,True,True
338270769,-1,49.3128,-91.3413,DRY_FIRE_029,0.1,HUM,H,1783808400000,1783873500000,GMT,EX,-1,FUL,-1,0,-1,-1,ON     ,1785452863000,-91.34130785973332,49.31280872869203,338270769,Point,2026-07-31T04:59:30.982399+00:00,https://ws.lioservices.lrc.gov.on.ca/arcgis1061a/rest/services/MNRF/Ontario_Fires_Map/MapServer/0/query,DRY_FIRE_029,ON,EX,Out (Extinguished),,Confirmed,Out (Extinguished),False,HUM,H,FUL,Full Response,0.1,49.3128,-91.3413,2026-07-11 22:20:00+00:00,2026-07-12 16:25:00+00:00,2026-07-30 23:07:43+00:00,Unmapped,Requires review,True,True,True,True,True
338270785,-1,51.7766,-91.1517,SLK_FIRE_070,2575.5,LTG,L,1783806840000,1784930880000,GMT,BM,-1,MON,-1,0,-1,-1,ON     ,1785452863000,-91.15170826970098,51.776609046525316,338270785,Point,2026-07-31T04:59:30.982399+00:00,https://ws.lioservices.lrc.gov.on.ca/arcgis1061a/rest/services/MNRF/Ontario_Fires_Map/MapServer/0/query,SLK_FIRE_070,ON,BM,,"Being Monitored (provisional, unconfirmed code)",Provisional,"Being Monitored (provisional, unconfirmed code)",True,LTG,L,MON,Monitored Response,2575.5,51.7766,-91.1517,2026-07-11 21:54:00+00:00,2026-07-24 22:08:00+00:00,2026-07-30 23:07:43+00:00,Lightning,High-confidence provisional,True,True,True,True,True
338270801,-1,49.2327,-91.855,DRY_FIRE_028,0.1,LTG,L,1783804860000,1784136120000,GMT,EX,-1,FUL,-1,0,-1,-1,ON     ,1785452863000,-91.85500800266172,49.23270867958929,338270801,Point,2026-07-31T04:59:30.982399+00:00,https://ws.lioservices.lrc.gov.on.ca/arcgis1061a/rest/services/MNRF/Ontario_Fires_Map/MapServer/0/query,DRY_FIRE_028,ON,EX,Out (Extinguished),,Confirmed,Out (Extinguished),False,LTG,L,FUL,Full Response,0.1,49.2327,-91.855,2026-07-11 21:21:00+00:00,2026-07-15 17:22:00+00:00,2026-07-30 23:07:43+00:00,Lightning,High-confidence provisional,True,True,True,True,True
338270817,-1,48.663700000000006,-91.57050000000001,FOR_FIRE_033,0.2,LTG,L,1783802280000,1783877400000,GMT,EX,-1,FUL,-1,0,-1,-1,ON     ,1785452863000,-91.57050781762348,48.66370862698967,338270817,Point,2026-07-31T04:59:30.982399+00:00,https://ws.lioservices.lrc.gov.on.ca/arcgis1061a/rest/services/MNRF/Ontario_Fires_Map/MapServer/0/query,FOR_FIRE_033,ON,EX,Out (Extinguished),,Confirmed,Out (Extinguished),False,LTG,L,FUL,Full Response,0.2,48.663700000000006,-91.57050000000001,2026-07-11 20:38:00+00:00,2026-07-12 17:30:00+00:00,2026-07-30 23:07:43+00:00,Lightning,High-confidence provisional,True,True,True,True,True
338270833,-1,51.233200000000004,-91.6285,SLK_FIRE_069,0.2,LTG,L,1783798020000,1783879080000,GMT,EX,-1,FUL,-1,0,-1,-1,ON     ,1785452863000,-91.62850830996732,51.23320894459685,338270833,Point,2026-07-31T04:59:30.982399+00:00,https://ws.lioservices.lrc.gov.on.ca/arcgis1061a/rest/services/MNRF/Ontario_Fires_Map/MapServer/0/query,SLK_FIRE_069,ON,EX,Out (Extinguished),,Confirmed,Out (Extinguished),False,LTG,L,FUL,Full Response,0.2,51.233200000000004,-91.6285,2026-07-11 19:27:00+00:00,2026-07-12 17:58:00+00:00,2026-07-30 23:07:43+00:00,Lightning,High-confidence provisional,True,True,True,True,True
338270849,-1,48.615300000000005,-85.3854,WAW_FIRE_013,0.4,HUM,H,1783796640000,1783949400000,GMT,EX,-1,FUL,-1,0,-1,-1,ON     ,1785452863000,-85.38540587319234,48.615309046818204,338270849,Point,2026-07-31T04:59:30.982399+00:00,https://ws.lioservices.lrc.gov.on.ca/arcgis1061a/rest/services/MNRF/Ontario_Fires_Map/MapServer/0/query,WAW_FIRE_013,ON,EX,Out (Extinguished),,Confirmed,Out (Extinguished),False,HUM,H,FUL,Full Response,0.4,48.615300000000005,-85.3854,2026-07-11 19:04:00+00:00,2026-07-13 13:30:00+00:00,2026-07-30 23:07:43+00:00,Unmapped,Requires review,True,True,True,True,True
338270865,-1,51.289,-88.11070000000001,NIP_FIRE_033,0.1,LTG,L,1783795440000,1783861200000,GMT,EX,-1,FUL,-1,0,-1,-1,ON     ,1785452863000,-88.11070719424377,51.289009218534794,338270865,Point,2026-07-31T04:59:30.982399+00:00,https://ws.lioservices.lrc.gov.on.ca/arcgis1061a/rest/services/MNRF/Ontario_Fires_Map/MapServer/0/query,NIP_FIRE_033,ON,EX,Out (Extinguished),,Confirmed,Out (Extinguished),False,LTG,L,FUL,Full Response,0.1,51.289,-88.11070000000001,2026-07-11 18:44:00+00:00,2026-07-12 13:00:00+00:00,2026-07-30 23:07:43+00:00,Lightning,High-confidence provisional,True,True,True,True,True
338270881,-1,51.3036,-88.1841,NIP_FIRE_032,1811.0,LTG,L,1783795020000,1784502000000,GMT,BM,-1,MON,-1,0,-1,-1,ON     ,1785452863000,-88.18410722087877,51.30360921501381,338270881,Point,2026-07-31T04:59:30.982399+00:00,https://ws.lioservices.lrc.gov.on.ca/arcgis1061a/rest/services/MNRF/Ontario_Fires_Map/MapServer/0/query,NIP_FIRE_032,ON,BM,,"Being Monitored (provisional, unconfirmed code)",Provisional,"Being Monitored (provisional, unconfirmed code)",True,LTG,L,MON,Monitored Response,1811.0,51.3036,-88.1841,2026-07-11 18:37:00+00:00,2026-07-19 23:00:00+00:00,2026-07-30 23:07:43+00:00,Lightning,High-confidence provisional,True,True,True,True,True
338270897,-1,52.603300000000004,-86.18260000000001,NIP_FIRE_031,2.0,LTG,L,1783792860000,1783792920000,GMT,BM,-1,MON,-1,0,-1,-1,ON     ,1785452863000,-86.18260680025394,52.6033095183308,338270897,Point,2026-07-31T04:59:30.982399+00:00,https://ws.lioservices.lrc.gov.on.ca/arcgis1061a/rest/services/MNRF/Ontario_Fires_Map/MapServer/0/query,NIP_FIRE_031,ON,BM,,"Being Monitored (provisional, unconfirmed code)",Provisional,"Being Monitored (provisional, unconfirmed code)",True,LTG,L,MON,Monitored Response,2.0,52.603300000000004,-86.18260000000001,2026-07-11 18:01:00+00:00,2026-07-11 18:02:00+00:00,2026-07-30 23:07:43+00:00,Lightning,High-confidence provisional,True,True,True,True,True
338270913,-1,51.3759,-91.7209,SLK_FIRE_068,0.3,LTG,L,1783724340000,1783803600000,GMT,EX,-1,FUL,-1,0,-1,-1,ON     ,1785452863000,-91.72090836783441,51.375908954181796,338270913,Point,2026-07-31T04:59:30.982399+00:00,https://ws.lioservices.lrc.gov.on.ca/arcgis1061a/rest/services/MNRF/Ontario_Fires_Map/MapServer/0/query,SLK_FIRE_068,ON,EX,Out (Extinguished),,Confirmed,Out (Extinguished),False,LTG,L,FUL,Full Response,0.3,51.3759,-91.7209,2026-07-10 22:59:00+00:00,2026-07-11 21:00:00+00:00,2026-07-30 23:07:43+00:00,Lightning,High-confidence provisional,True,True,True,True,True
338270929,-1,51.3815,-91.6973,SLK_FIRE_067,0.8,LTG,L,1783724100000,1783861200000,GMT,EX,-1,FUL,-1,0,-1,-1,ON     ,1785452863000,-91.6973083615498,51.38150895672123,338270929,Point,2026-07-31T04:59:30.982399+00:00,https://ws.lioservices.lrc.gov.on.ca/arcgis1061a/rest/services/MNRF/Ontario_Fires_Map/MapServer/0/query,SLK_FIRE_067,ON,EX,Out (Extinguished),,Confirmed,Out (Extinguished),False,LTG,L,FUL,Full Response,0.8,51.3815,-91.6973,2026-07-10 22:55:00+00:00,2026-07-12 13:00:00+00:00,2026-07-30 23:07:43+00:00,Lightning,High-confidence provisional,True,True,True,True,True
338270945,-1,49.618900000000004,-81.9621,COC_FIRE_036,0.1,LTG,L,1783718280000,1783790880000,GMT,EX,-1,FUL,-1,0,-1,-1,ON     ,1785452863000,-81.96210488909807,49.618909398366704,338270945,Point,2026-07-31T04:59:30.982399+00:00,https://ws.lioservices.lrc.gov.on.ca/arcgis1061a/rest/services/MNRF/Ontario_Fires_Map/MapServer/0/query,COC_FIRE_036,ON,EX,Out (Extinguished),,Confirmed,Out (Extinguished),False,LTG,L,FUL,Full Response,0.1,49.618900000000004,-81.9621,2026-07-10 21:18:00+00:00,2026-07-11 17:28:00+00:00,2026-07-30 23:07:43+00:00,Lightning,High-confidence provisional,True,True,True,True,True
338270961,-1,51.8525,-92.5804,RED_FIRE_022,6195.0,LTG,L,1783717140000,1784218140000,GMT,BM,-1,MON,-1,0,-1,-1,ON     ,1785452863000,-92.58040873712599,51.852508940104954,338270961,Point,2026-07-31T04:59:30.982399+00:00,https://ws.lioservices.lrc.gov.on.ca/arcgis1061a/rest/services/MNRF/Ontario_Fires_Map/MapServer/0/query,RED_FIRE_022,ON,BM,,"Being Monitored (provisional, unconfirmed code)",Provisional,"Being Monitored (provisional, unconfirmed code)",True,LTG,L,MON,Monitored Response,6195.0,51.8525,-92.5804,2026-07-10 20:59:00+00:00,2026-07-16 16:09:00+00:00,2026-07-30 23:07:43+00:00,Lightning,High-confidence provisional,True,True,True,True,True
338270977,-1,49.445,-92.51180000000001,DRY_FIRE_027,0.2,LTG,L,1783716960000,1783799100000,GMT,EX,-1,FUL,-1,0,-1,-1,ON     ,1785452863000,-92.51180824044188,49.44500865625044,338270977,Point,2026-07-31T04:59:30.982399+00:00,https://ws.lioservices.lrc.gov.on.ca/arcgis1061a/rest/services/MNRF/Ontario_Fires_Map/MapServer/0/query,DRY_FIRE_027,ON,EX,Out (Extinguished),,Confirmed,Out (Extinguished),False,LTG,L,FUL,Full Response,0.2,49.445,-92.51180000000001,2026-07-10 20:56:00+00:00,2026-07-11 19:45:00+00:00,2026-07-30 23:07:43+00:00,Lightning,High-confidence provisional,True,True,True,True,True
338270993,-1,49.878600000000006,-83.5222,COC_FIRE_035,0.5,HUM,H,1783716900000,1783965600000,GMT,EX,-1,FUL,-1,0,-1,-1,ON     ,1785452863000,-83.52220544766134,49.87860934106927,338270993,Point,2026-07-31T04:59:30.982399+00:00,https://ws.lioservices.lrc.gov.on.ca/arcgis1061a/rest/services/MNRF/Ontario_Fires_Map/MapServer/0/query,COC_FIRE_035,ON,EX,Out (Extinguished),,Confirmed,Out (Extinguished),False,HUM,H,FUL,Full Response,0.5,49.878600000000006,-83.5222,2026-07-10 20:55:00+00:00,2026-07-13 18:00:00+00:00,2026-07-30 23:07:43+00:00,Unmapped,Requires review,True,True,True,True,True
338271009,-1,51.778800000000004,-92.4991,RED_FIRE_021,0.1,LTG,L,1783716420000,1784211660000,GMT,EX,-1,MON,-1,0,-1,-1,ON     ,1785452863000,-92.49910869591989,51.778808938323905,338271009,Point,2026-07-31T04:59:30.982399+00:00,https://ws.lioservices.lrc.gov.on.ca/arcgis1061a/rest/services/MNRF/Ontario_Fires_Map/MapServer/0/query,RED_FIRE_021,ON,EX,Out (Extinguished),,Confirmed,Out (Extinguished),False,LTG,L,MON,Monitored Response,0.1,51.778800000000004,-92.4991,2026-07-10 20:47:00+00:00,2026-07-16 14:21:00+00:00,2026-07-30 23:07:43+00:00,Lightning,High-confidence provisional,True,True,True,True,True
338271025,-1,48.8855,-93.007,FOR_FIRE_032,0.1,LTG,L,1783713900000,1783731600000,GMT,EX,-1,FUL,-1,0,-1,-1,ON     ,1785452863000,-93.00700828907415,48.885508546940855,338271025,Point,2026-07-31T04:59:30.982399+00:00,https://ws.lioservices.lrc.gov.on.ca/arcgis1061a/rest/services/MNRF/Ontario_Fires_Map/MapServer/0/query,FOR_FIRE_032,ON,EX,Out (Extinguished),,Confirmed,Out (Extinguished),False,LTG,L,FUL,Full Response,0.1,48.8855,-93.007,2026-07-10 20:05:00+00:00,2026-07-11 01:00:00+00:00,2026-07-30 23:07:43+00:00,Lightning,High-confidence provisional,True,True,True,True,True
338271041,-1,51.9942,-88.76010000000001,NIP_FIRE_029,3.0,LTG,L,1783711800000,1783801800000,GMT,BM,-1,MON,-1,0,-1,-1,ON     ,1785452863000,-88.76010754104585,51.99420925686302,338271041,Point,2026-07-31T04:59:30.982399+00:00,https://ws.lioservices.lrc.gov.on.ca/arcgis1061a/rest/services/MNRF/Ontario_Fires_Map/MapServer/0/query,NIP_FIRE_029,ON,BM,,"Being Monitored (provisional, unconfirmed code)",Provisional,"Being Monitored (provisional, unconfirmed code)",True,LTG,L,MON,Monitored Response,3.0,51.9942,-88.76010000000001,2026-07-10 19:30:00+00:00,2026-07-11 20:30:00+00:00,2026-07-30 23:07:43+00:00,Lightning,High-confidence provisional,True,True,True,True,True
338271057,-1,48.853,-88.5184,NIP_FIRE_030,0.1,HUM,H,1783710000000,1783711800000,GMT,EX,-1,MOD,-1,0,-1,-1,ON     ,1785452863000,-88.51840690625778,48.853008871798615,338271057,Point,2026-07-31T04:59:30.982399+00:00,https://ws.lioservices.lrc.gov.on.ca/arcgis1061a/rest/services/MNRF/Ontario_Fires_Map/MapServer/0/query,NIP_FIRE_030,ON,EX,Out (Extinguished),,Confirmed,Out (Extinguished),False,HUM,H,MOD,Modified Response,0.1,48.853,-88.5184,2026-07-10 19:00:00+00:00,2026-07-10 19:30:00+00:00,2026-07-30 23:07:43+00:00,Unmapped,Requires review,True,True,True,True,True
338271073,-1,49.740300000000005,-87.8451,NIP_FIRE_028,0.1,LTG,L,1783706580000,1783784400000,GMT,EX,-1,FUL,-1,0,-1,-1,ON     ,1785452863000,-87.84510683719158,49.74030903800837,338271073,Point,2026-07-31T04:59:30.982399+00:00,https://ws.lioservices.lrc.gov.on.ca/arcgis1061a/rest/services/MNRF/Ontario_Fires_Map/MapServer/0/query,NIP_FIRE_028,ON,EX,Out (Extinguished),,Confirmed,Out (Extinguished),False,LTG,L,FUL,Full Response,0.1,49.740300000000005,-87.8451,2026-07-10 18:03:00+00:00,2026-07-11 15:40:00+00:00,2026-07-30 23:07:43+00:00,Lightning,High-confidence provisional,True,True,True,True,True
338271089,-1,51.3159,-91.2902,SLK_FIRE_066,817.3000000000001,LTG,L,1783634700000,1784161680000,GMT,OC,-1,FUL,-1,0,-1,-1,ON     ,1785452863000,-91.29020822002775,51.31590898114621,338271089,Point,2026-07-31T04:59:30.982399+00:00,https://ws.lioservices.lrc.gov.on.ca/arcgis1061a/rest/services/MNRF/Ontario_Fires_Map/MapServer/0/query,SLK_FIRE_066,ON,OC,Out of Control,,Confirmed,Out of Control,True,LTG,L,FUL,Full Response,817.3000000000001,51.3159,-91.2902,2026-07-09 22:05:00+00:00,2026-07-16 00:28:00+00:00,2026-07-30 23:07:43+00:00,Lightning,High-confidence provisional,True,True,True,True,True
338271105,-1,49.4022,-92.6174,DRY_FIRE_026,0.3,LTG,L,1783633860000,1783785300000,GMT,EX,-1,FUL,-1,0,-1,-1,ON     ,1785452863000,-92.61740826464818,49.40220864267327,338271105,Point,2026-07-31T04:59:30.982399+00:00,https://ws.lioservices.lrc.gov.on.ca/arcgis1061a/rest/services/MNRF/Ontario_Fires_Map/MapServer/0/query,DRY_FIRE_026,ON,EX,Out (Extinguished),,Confirmed,Out (Extinguished),False,LTG,L,FUL,Full Response,0.3,49.4022,-92.6174,2026-07-09 21:51:00+00:00,2026-07-11 15:55:00+00:00,2026-07-30 23:07:43+00:00,Lightning,High-confidence provisional,True,True,True,True,True
338271121,-1,48.801300000000005,-93.03920000000001,FOR_FIRE_031,0.2,LTG,L,1783632480000,1783715520000,GMT,EX,-1,FUL,-1,0,-1,-1,ON     ,1785452863000,-93.03920828380198,48.80130853368129,338271121,Point,2026-07-31T04:59:30.982399+00:00,https://ws.lioservices.lrc.gov.on.ca/arcgis1061a/rest/services/MNRF/Ontario_Fires_Map/MapServer/0/query,FOR_FIRE_031,ON,EX,Out (Extinguished),,Confirmed,Out (Extinguished),False,LTG,L,FUL,Full Response,0.2,48.801300000000005,-93.03920000000001,2026-07-09 21:28:00+00:00,2026-07-10 20:32:00+00:00,2026-07-30 23:07:43+00:00,Lightning,High-confidence provisional,True,True,True,True,True
338271137,-1,51.446200000000005,-91.47420000000001,SLK_FIRE_065,0.1,LTG,L,1783629900000,1784220000000,GMT,EX,-1,FUL,-1,0,-1,-1,ON     ,1785452863000,-91.47420830438772,51.446208982082986,338271137,Point,2026-07-31T04:59:30.982399+00:00,https://ws.lioservices.lrc.gov.on.ca/arcgis1061a/rest/services/MNRF/Ontario_Fires_Map/MapServer/0/query,SLK_FIRE_065,ON,EX,Out (Extinguished),,Confirmed,Out (Extinguished),False,LTG,L,FUL,Full Response,0.1,51.446200000000005,-91.47420000000001,2026-07-09 20:45:00+00:00,2026-07-16 16:40:00+00:00,2026-07-30 23:07:43+00:00,Lightning,High-confidence provisional,True,True,True,True,True
338271153,-1,51.437400000000004,-91.4786,SLK_FIRE_064,3056.3,LTG,L,1783629360000,1784161620000,GMT,OC,-1,FUL,-1,0,-1,-1,ON     ,1785452863000,-91.47860830399067,51.43740898069374,338271153,Point,2026-07-31T04:59:30.982399+00:00,https://ws.lioservices.lrc.gov.on.ca/arcgis1061a/rest/services/MNRF/Ontario_Fires_Map/MapServer/0/query,SLK_FIRE_064,ON,OC,Out of Control,,Confirmed,Out of Control,True,LTG,L,FUL,Full Response,3056.3,51.437400000000004,-91.4786,2026-07-09 20:36:00+00:00,2026-07-16 00:27:00+00:00,2026-07-30 23:07:43+00:00,Lightning,High-confidence provisional,True,True,True,True,True
338271169,-1,49.0501,-91.85650000000001,FOR_FIRE_030,0.3,LTG,L,1783616700000,1783729800000,GMT,EX,-1,FUL,-1,0,-1,-1,ON     ,1785452863000,-91.85650797099508,49.050108655957594,338271169,Point,2026-07-31T04:59:30.982399+00:00,https://ws.lioservices.lrc.gov.on.ca/arcgis1061a/rest/services/MNRF/Ontario_Fires_Map/MapServer/0/query,FOR_FIRE_030,ON,EX,Out (Extinguished),,Confirmed,Out (Extinguished),False,LTG,L,FUL,Full Response,0.3,49.0501,-91.85650000000001,2026-07-09 17:05:00+00:00,2026-07-11 00:30:00+00:00,2026-07-30 23:07:43+00:00,Lightning,High-confidence provisional,True,True,True,True,True
338271185,-1,52.255100000000006,-89.4972,SLK_FIRE_063,5.0,LTG,L,1783606440000,1783607700000,GMT,BM,-1,MON,-1,0,-1,-1,ON     ,1785452863000,-89.49720783439865,52.255109231865845,338271185,Point,2026-07-31T04:59:30.982399+00:00,https://ws.lioservices.lrc.gov.on.ca/arcgis1061a/rest/services/MNRF/Ontario_Fires_Map/MapServer/0/query,SLK_FIRE_063,ON,BM,,"Being Monitored (provisional, unconfirmed code)",Provisional,"Being Monitored (provisional, unconfirmed code)",True,LTG,L,MON,Monitored Response,5.0,52.255100000000006,-89.4972,2026-07-09 14:14:00+00:00,2026-07-09 14:35:00+00:00,2026-07-30 23:07:43+00:00,Lightning,High-confidence provisional,True,True,True,True,True
338271201,-1,48.605000000000004,-91.1164,FOR_FIRE_029,0.2,LTG,L,1783560180000,1783780200000,GMT,EX,-1,FUL,-1,0,-1,-1,ON     ,1785452863000,-91.11640766966192,48.605008652787525,338271201,Point,2026-07-31T04:59:30.982399+00:00,https://ws.lioservices.lrc.gov.on.ca/arcgis1061a/rest/services/MNRF/Ontario_Fires_Map/MapServer/0/query,FOR_FIRE_029,ON,EX,Out (Extinguished),,Confirmed,Out (Extinguished),False,LTG,L,FUL,Full Response,0.2,48.605000000000004,-91.1164,2026-07-09 01:23:00+00:00,2026-07-11 14:30:00+00:00,2026-07-30 23:07:43+00:00,Lightning,High-confidence provisional,True,True,True,True,True
338271217,-1,48.163000000000004,-91.15950000000001,FOR_FIRE_028,0.1,LTG,L,1783555140000,1784140320000,GMT,EX,-1,MON,-1,0,-1,-1,ON     ,1785452863000,-91.15950760994689,48.16300859049311,338271217,Point,2026-07-31T04:59:30.982399+00:00,https://ws.lioservices.lrc.gov.on.ca/arcgis1061a/rest/services/MNRF/Ontario_Fires_Map/MapServer/0/query,FOR_FIRE_028,ON,EX,Out (Extinguished),,Confirmed,Out (Extinguished),False,LTG,L,MON,Monitored Response,0.1,48.163000000000004,-91.15950000000001,2026-07-08 23:59:00+00:00,2026-07-15 18:32:00+00:00,2026-07-30 23:07:43+00:00,Lightning,High-confidence provisional,True,True,True,True,True
338271233,-1,46.2211,-79.84660000000001,NOR_FIRE_022,0.1,HUM,H,1783553820000,1783610580000,GMT,EX,-1,FUL,-1,0,-1,-1,ON     ,1785452863000,-79.8466037796794,46.22110899640202,338271233,Point,2026-07-31T04:59:30.982399+00:00,https://ws.lioservices.lrc.gov.on.ca/arcgis1061a/rest/services/MNRF/Ontario_Fires_Map/MapServer/0/query,NOR_FIRE_022,ON,EX,Out (Extinguished),,Confirmed,Out (Extinguished),False,HUM,H,FUL,Full Response,0.1,46.2211,-79.84660000000001,2026-07-08 23:37:00+00:00,2026-07-09 15:23:00+00:00,2026-07-30 23:07:43+00:00,Unmapped,Requires review,True,True,True,True,True
338271249,-1,50.2274,-92.6075,DRY_FIRE_025,3.5,LTG,L,1783549860000,1784836800000,GMT,EX,-1,FUL,-1,0,-1,-1,ON     ,1785452863000,-92.60750841596575,50.22740874585913,338271249,Point,2026-07-31T04:59:30.982399+00:00,https://ws.lioservices.lrc.gov.on.ca/arcgis1061a/rest/services/MNRF/Ontario_Fires_Map/MapServer/0/query,DRY_FIRE_025,ON,EX,Out (Extinguished),,Confirmed,Out (Extinguished),False,LTG,L,FUL,Full Response,3.5,50.2274,-92.6075,2026-07-08 22:31:00+00:00,2026-07-23 20:00:00+00:00,2026-07-30 23:07:43+00:00,Lightning,High-confidence provisional,True,True,True,True,True
338271265,-1,50.144400000000005,-92.1379,SLK_FIRE_062,0.2,LTG,L,1783548120000,1783618200000,GMT,EX,-1,FUL,-1,0,-1,-1,ON     ,1785452863000,-92.13790825605489,50.144408772570884,338271265,Point,2026-07-31T04:59:30.982399+00:00,https://ws.lioservices.lrc.gov.on.ca/arcgis1061a/rest/services/MNRF/Ontario_Fires_Map/MapServer/0/query,SLK_FIRE_062,ON,EX,Out (Extinguished),,Confirmed,Out (Extinguished),False,LTG,L,FUL,Full Response,0.2,50.144400000000005,-92.1379,2026-07-08 22:02:00+00:00,2026-07-09 17:30:00+00:00,2026-07-30 23:07:43+00:00,Lightning,High-confidence provisional,True,True,True,True,True
338271281,-1,48.8241,-92.71770000000001,FOR_FIRE_027,0.2,LTG,L,1783544220000,1783631100000,GMT,EX,-1,FUL,-1,0,-1,-1,ON     ,1785452863000,-92.71770819151844,48.82410856130535,338271281,Point,2026-07-31T04:59:30.982399+00:00,https://ws.lioservices.lrc.gov.on.ca/arcgis1061a/rest/services/MNRF/Ontario_Fires_Map/MapServer/0/query,FOR_FIRE_027,ON,EX,Out (Extinguished),,Confirmed,Out (Extinguished),False,LTG,L,FUL,Full Response,0.2,48.8241,-92.71770000000001,2026-07-08 20:57:00+00:00,2026-07-09 21:05:00+00:00,2026-07-30 23:07:43+00:00,Lightning,High-confidence provisional,True,True,True,True,True
338271297,-1,49.425200000000004,-92.99430000000001,FOR_FIRE_026,0.1,LTG,L,1783543200000,1783559400000,GMT,EX,-1,FUL,-1,0,-1,-1,ON     ,1785452863000,-92.99430838272734,49.42520861621814,338271297,Point,2026-07-31T04:59:30.982399+00:00,https://ws.lioservices.lrc.gov.on.ca/arcgis1061a/rest/services/MNRF/Ontario_Fires_Map/MapServer/0/query,FOR_FIRE_026,ON,EX,Out (Extinguished),,Confirmed,Out (Extinguished),False,LTG,L,FUL,Full Response,0.1,49.425200000000004,-92.99430000000001,2026-07-08 20:40:00+00:00,2026-07-09 01:10:00+00:00,2026-07-30 23:07:43+00:00,Lightning,High-confidence provisional,True,True,True,True,True
338271313,-1,49.828300000000006,-92.8519,DRY_FIRE_024,1.6,HUM,H,1783541400000,1783634400000,GMT,EX,-1,FUL,-1,0,-1,-1,ON     ,1785452863000,-92.851908414603,49.82830867754526,338271313,Point,2026-07-31T04:59:30.982399+00:00,https://ws.lioservices.lrc.gov.on.ca/arcgis1061a/rest/services/MNRF/Ontario_Fires_Map/MapServer/0/query,DRY_FIRE_024,ON,EX,Out (Extinguished),,Confirmed,Out (Extinguished),False,HUM,H,FUL,Full Response,1.6,49.828300000000006,-92.8519,2026-07-08 20:10:00+00:00,2026-07-09 22:00:00+00:00,2026-07-30 23:07:43+00:00,Unmapped,Requires review,True,True,True,True,True
338271329,-1,50.3847,-92.0062,SLK_FIRE_061,0.1,HUM,H,1783540740000,1783542600000,GMT,EX,-1,FUL,-1,0,-1,-1,ON     ,1785452863000,-92.0062082611932,50.3847088124106,338271329,Point,2026-07-31T04:59:30.982399+00:00,https://ws.lioservices.lrc.gov.on.ca/arcgis1061a/rest/services/MNRF/Ontario_Fires_Map/MapServer/0/query,SLK_FIRE_061,ON,EX,Out (Extinguished),,Confirmed,Out (Extinguished),False,HUM,H,FUL,Full Response,0.1,50.3847,-92.0062,2026-07-08 19:59:00+00:00,2026-07-08 20:30:00+00:00,2026-07-30 23:07:43+00:00,Unmapped,Requires review,True,True,True,True,True
338271345,-1,54.8091,-87.13300000000001,COC_FIRE_034,1356.0,LTG,L,1783540260000,1783540320000,GMT,BM,-1,MON,-1,0,-1,-1,ON     ,1785452863000,-87.13300758755221,54.80910970105152,338271345,Point,2026-07-31T04:59:30.982399+00:00,https://ws.lioservices.lrc.gov.on.ca/arcgis1061a/rest/services/MNRF/Ontario_Fires_Map/MapServer/0/query,COC_FIRE_034,ON,BM,,"Being Monitored (provisional, unconfirmed code)",Provisional,"Being Monitored (provisional, unconfirmed code)",True,LTG,L,MON,Monitored Response,1356.0,54.8091,-87.13300000000001,2026-07-08 19:51:00+00:00,2026-07-08 19:52:00+00:00,2026-07-30 23:07:43+00:00,Lightning,High-confidence provisional,True,True,True,True,True
338271361,-1,48.6128,-91.28450000000001,FOR_FIRE_025,0.1,LTG,L,1783540200000,1783609800000,GMT,EX,-1,FUL,-1,0,-1,-1,ON     ,1785452863000,-91.2845077221488,48.61280864144758,338271361,Point,2026-07-31T04:59:30.982399+00:00,https://ws.lioservices.lrc.gov.on.ca/arcgis1061a/rest/services/MNRF/Ontario_Fires_Map/MapServer/0/query,FOR_FIRE_025,ON,EX,Out (Extinguished),,Confirmed,Out (Extinguished),False,LTG,L,FUL,Full Response,0.1,48.6128,-91.28450000000001,2026-07-08 19:50:00+00:00,2026-07-09 15:10:00+00:00,2026-07-30 23:07:43+00:00,Lightning,High-confidence provisional,True,True,True,True,True
338271377,-1,54.335100000000004,-89.0032,COC_FIRE_033,127.0,LTG,L,1783539960000,1783540020000,GMT,BM,-1,MON,-1,0,-1,-1,ON     ,1785452863000,-89.00320812267546,54.33510950479414,338271377,Point,2026-07-31T04:59:30.982399+00:00,https://ws.lioservices.lrc.gov.on.ca/arcgis1061a/rest/services/MNRF/Ontario_Fires_Map/MapServer/0/query,COC_FIRE_033,ON,BM,,"Being Monitored (provisional, unconfirmed code)",Provisional,"Being Monitored (provisional, unconfirmed code)",True,LTG,L,MON,Monitored Response,127.0,54.335100000000004,-89.0032,2026-07-08 19:46:00+00:00,2026-07-08 19:47:00+00:00,2026-07-30 23:07:43+00:00,Lightning,High-confidence provisional,True,True,True,True,True
338271393,-1,48.5325,-91.516,FOR_FIRE_024,0.6,LTG,L,1783523580000,1783810800000,GMT,EX,-1,FUL,-1,0,-1,-1,ON     ,1785452863000,-91.51600777897565,48.53250861371172,338271393,Point,2026-07-31T04:59:30.982399+00:00,https://ws.lioservices.lrc.gov.on.ca/arcgis1061a/rest/services/MNRF/Ontario_Fires_Map/MapServer/0/query,FOR_FIRE_024,ON,EX,Out (Extinguished),,Confirmed,Out (Extinguished),False,LTG,L,FUL,Full Response,0.6,48.5325,-91.516,2026-07-08 15:13:00+00:00,2026-07-11 23:00:00+00:00,2026-07-30 23:07:43+00:00,Lightning,High-confidence provisional,True,True,True,True,True
338271409,-1,48.798500000000004,-91.36240000000001,FOR_FIRE_023,0.1,LTG,L,1783519320000,1783542600000,GMT,EX,-1,FUL,-1,0,-1,-1,ON     ,1785452863000,-91.36240777723427,48.79850866017777,338271409,Point,2026-07-31T04:59:30.982399+00:00,https://ws.lioservices.lrc.gov.on.ca/arcgis1061a/rest/services/MNRF/Ontario_Fires_Map/MapServer/0/query,FOR_FIRE_023,ON,EX,Out (Extinguished),,Confirmed,Out (Extinguished),False,LTG,L,FUL,Full Response,0.1,48.798500000000004,-91.36240000000001,2026-07-08 14:02:00+00:00,2026-07-08 20:30:00+00:00,2026-07-30 23:07:43+00:00,Lightning,High-confidence provisional,True,True,True,True,True
338271425,-1,46.9304,-80.5231,SUD_FIRE_019,1.0,LTG,L,1783470960000,1783863000000,GMT,EX,-1,FUL,-1,0,-1,-1,ON     ,1785452863000,-80.52310407750346,46.93040907510957,338271425,Point,2026-07-31T04:59:30.982399+00:00,https://ws.lioservices.lrc.gov.on.ca/arcgis1061a/rest/services/MNRF/Ontario_Fires_Map/MapServer/0/query,SUD_FIRE_019,ON,EX,Out (Extinguished),,Confirmed,Out (Extinguished),False,LTG,L,FUL,Full Response,1.0,46.9304,-80.5231,2026-07-08 00:36:00+00:00,2026-07-12 13:30:00+00:00,2026-07-30 23:07:43+00:00,Lightning,High-confidence provisional,True,True,True,True,True
338271441,-1,48.378600000000006,-92.44290000000001,FOR_FIRE_022,0.3,LTG,L,1783470120000,1783528200000,GMT,EX,-1,FUL,-1,0,-1,-1,ON     ,1785452863000,-92.44290803226293,48.37860852424496,338271441,Point,2026-07-31T04:59:30.982399+00:00,https://ws.lioservices.lrc.gov.on.ca/arcgis1061a/rest/services/MNRF/Ontario_Fires_Map/MapServer/0/query,FOR_FIRE_022,ON,EX,Out (Extinguished),,Confirmed,Out (Extinguished),False,LTG,L,FUL,Full Response,0.3,48.378600000000006,-92.44290000000001,2026-07-08 00:22:00+00:00,2026-07-08 16:30:00+00:00,2026-07-30 23:07:43+00:00,Lightning,High-confidence provisional,True,True,True,True,True
338271457,-1,48.391600000000004,-92.4141,FOR_FIRE_021,0.1,LTG,L,1783469280000,1783600800000,GMT,EX,-1,FUL,-1,0,-1,-1,ON     ,1785452863000,-92.41410802584247,48.39160852811928,338271457,Point,2026-07-31T04:59:30.982399+00:00,https://ws.lioservices.lrc.gov.on.ca/arcgis1061a/rest/services/MNRF/Ontario_Fires_Map/MapServer/0/query,FOR_FIRE_021,ON,EX,Out (Extinguished),,Confirmed,Out (Extinguished),False,LTG,L,FUL,Full Response,0.1,48.391600000000004,-92.4141,2026-07-08 00:08:00+00:00,2026-07-09 12:40:00+00:00,2026-07-30 23:07:43+00:00,Lightning,High-confidence provisional,True,True,True,True,True
338271473,-1,47.2708,-84.56240000000001,WAW_FIRE_012,0.1,LTG,L,1783460940000,1783604700000,GMT,EX,-1,FUL,-1,0,-1,-1,ON     ,1785452863000,-84.56240542548501,47.270808900743646,338271473,Point,2026-07-31T04:59:30.982399+00:00,https://ws.lioservices.lrc.gov.on.ca/arcgis1061a/rest/services/MNRF/Ontario_Fires_Map/MapServer/0/query,WAW_FIRE_012,ON,EX,Out (Extinguished),,Confirmed,Out (Extinguished),False,LTG,L,FUL,Full Response,0.1,47.2708,-84.56240000000001,2026-07-07 21:49:00+00:00,2026-07-09 13:45:00+00:00,2026-07-30 23:07:43+00:00,Lightning,High-confidence provisional,True,True,True,True,True
338271489,-1,50.048100000000005,-89.7705,THU_FIRE_035,0.3,LTG,L,1783459920000,1783528200000,GMT,EX,-1,FUL,-1,0,-1,-1,ON     ,1785452863000,-89.77050750135707,50.04810894014857,338271489,Point,2026-07-31T04:59:30.982399+00:00,https://ws.lioservices.lrc.gov.on.ca/arcgis1061a/rest/services/MNRF/Ontario_Fires_Map/MapServer/0/query,THU_FIRE_035,ON,EX,Out (Extinguished),,Confirmed,Out (Extinguished),False,LTG,L,FUL,Full Response,0.3,50.048100000000005,-89.7705,2026-07-07 21:32:00+00:00,2026-07-08 16:30:00+00:00,2026-07-30 23:07:43+00:00,Lightning,High-confidence provisional,True,True,True,True,True
338271505,-1,48.651,-91.9165,FOR_FIRE_020,0.1,LTG,L,1783459560000,1783530000000,GMT,EX,-1,FUL,-1,0,-1,-1,ON     ,1785452863000,-91.91650792024495,48.65100859950343,338271505,Point,2026-07-31T04:59:30.982399+00:00,https://ws.lioservices.lrc.gov.on.ca/arcgis1061a/rest/services/MNRF/Ontario_Fires_Map/MapServer/0/query,FOR_FIRE_020,ON,EX,Out (Extinguished),,Confirmed,Out (Extinguished),False,LTG,L,FUL,Full Response,0.1,48.651,-91.9165,2026-07-07 21:26:00+00:00,2026-07-08 17:00:00+00:00,2026-07-30 23:07:43+00:00,Lightning,High-confidence provisional,True,True,True,True,True
338271521,-1,47.3605,-84.11890000000001,WAW_FIRE_011,0.2,LTG,L,1783455660000,1783553400000,GMT,EX,-1,FUL,-1,0,-1,-1,ON     ,1785452863000,-84.11890529516798,47.36050894068894,338271521,Point,2026-07-31T04:59:30.982399+00:00,https://ws.lioservices.lrc.gov.on.ca/arcgis1061a/rest/services/MNRF/Ontario_Fires_Map/MapServer/0/query,WAW_FIRE_011,ON,EX,Out (Extinguished),,Confirmed,Out (Extinguished),False,LTG,L,FUL,Full Response,0.2,47.3605,-84.11890000000001,2026-07-07 20:21:00+00:00,2026-07-08 23:30:00+00:00,2026-07-30 23:07:43+00:00,Lightning,High-confidence provisional,True,True,True,True,True
338271537,-1,48.879400000000004,-92.7924,FOR_FIRE_019,0.1,LTG,L,1783454820000,1783472100000,GMT,EX,-1,FUL,-1,0,-1,-1,ON     ,1785452863000,-92.79240822367412,48.87940856268128,338271537,Point,2026-07-31T04:59:30.982399+00:00,https://ws.lioservices.lrc.gov.on.ca/arcgis1061a/rest/services/MNRF/Ontario_Fires_Map/MapServer/0/query,FOR_FIRE_019,ON,EX,Out (Extinguished),,Confirmed,Out (Extinguished),False,LTG,L,FUL,Full Response,0.1,48.879400000000004,-92.7924,2026-07-07 20:07:00+00:00,2026-07-08 00:55:00+00:00,2026-07-30 23:07:43+00:00,Lightning,High-confidence provisional,True,True,True,True,True
338271553,-1,46.3652,-80.5543,SUD_FIRE_018,0.6,LTG,L,1783452660000,1783609200000,GMT,EX,-1,FUL,-1,0,-1,-1,ON     ,1785452863000,-80.55430402569299,46.365208983566575,338271553,Point,2026-07-31T04:59:30.982399+00:00,https://ws.lioservices.lrc.gov.on.ca/arcgis1061a/rest/services/MNRF/Ontario_Fires_Map/MapServer/0/query,SUD_FIRE_018,ON,EX,Out (Extinguished),,Confirmed,Out (Extinguished),False,LTG,L,FUL,Full Response,0.6,46.3652,-80.5543,2026-07-07 19:31:00+00:00,2026-07-09 15:00:00+00:00,2026-07-30 23:07:43+00:00,Lightning,High-confidence provisional,True,True,True,True,True
338271569,-1,46.493700000000004,-81.1395,SUD_FIRE_017,0.1,HUM,H,1783449060000,1783623600000,GMT,EX,-1,FUL,-1,0,-1,-1,ON     ,1785452863000,-81.13950422999062,46.49370897350411,338271569,Point,2026-07-31T04:59:30.982399+00:00,https://ws.lioservices.lrc.gov.on.ca/arcgis1061a/rest/services/MNRF/Ontario_Fires_Map/MapServer/0/query,SUD_FIRE_017,ON,EX,Out (Extinguished),,Confirmed,Out (Extinguished),False,HUM,H,FUL,Full Response,0.1,46.493700000000004,-81.1395,2026-07-07 18:31:00+00:00,2026-07-09 19:00:00+00:00,2026-07-30 23:07:43+00:00,Unmapped,Requires review,True,True,True,True,True
338271585,-1,46.4958,-81.13170000000001,SUD_FIRE_016,0.8,HUM,H,1783448700000,1783629000000,GMT,EX,-1,FUL,-1,0,-1,-1,ON     ,1785452863000,-81.13170422769088,46.495808974250664,338271585,Point,2026-07-31T04:59:30.982399+00:00,https://ws.lioservices.lrc.gov.on.ca/arcgis1061a/rest/services/MNRF/Ontario_Fires_Map/MapServer/0/query,SUD_FIRE_016,ON,EX,Out (Extinguished),,Confirmed,Out (Extinguished),False,HUM,H,FUL,Full Response,0.8,46.4958,-81.13170000000001,2026-07-07 18:25:00+00:00,2026-07-09 20:30:00+00:00,2026-07-30 23:07:43+00:00,Unmapped,Requires review,True,True,True,True,True
338271601,-1,46.4966,-81.1078,SUD_FIRE_015,1.1,HUM,H,1783447860000,1783551600000,GMT,EX,-1,FUL,-1,0,-1,-1,ON     ,1785452863000,-81.10780422001866,46.49660897564107,338271601,Point,2026-07-31T04:59:30.982399+00:00,https://ws.lioservices.lrc.gov.on.ca/arcgis1061a/rest/services/MNRF/Ontario_Fires_Map/MapServer/0/query,SUD_FIRE_015,ON,EX,Out (Extinguished),,Confirmed,Out (Extinguished),False,HUM,H,FUL,Full Response,1.1,46.4966,-81.1078,2026-07-07 18:11:00+00:00,2026-07-08 23:00:00+00:00,2026-07-30 23:07:43+00:00,Unmapped,Requires review,True,True,True,True,True
338271617,-1,49.6875,-93.1868,DRY_FIRE_023,0.1,LTG,L,1783443900000,1783459800000,GMT,EX,-1,FUL,-1,0,-1,-1,ON     ,1785452863000,-93.1868084895333,49.687508633722814,338271617,Point,2026-07-31T04:59:30.982399+00:00,https://ws.lioservices.lrc.gov.on.ca/arcgis1061a/rest/services/MNRF/Ontario_Fires_Map/MapServer/0/query,DRY_FIRE_023,ON,EX,Out (Extinguished),,Confirmed,Out (Extinguished),False,LTG,L,FUL,Full Response,0.1,49.6875,-93.1868,2026-07-07 17:05:00+00:00,2026-07-07 21:30:00+00:00,2026-07-30 23:07:43+00:00,Lightning,High-confidence provisional,True,True,True,True,True
338271633,-1,48.5572,-85.24380000000001,WAW_FIRE_010,0.1,HUM,H,1783371840000,1783778400000,GMT,EX,-1,FUL,-1,0,-1,-1,ON     ,1785452863000,-85.24380581920246,48.557209047488115,338271633,Point,2026-07-31T04:59:30.982399+00:00,https://ws.lioservices.lrc.gov.on.ca/arcgis1061a/rest/services/MNRF/Ontario_Fires_Map/MapServer/0/query,WAW_FIRE_010,ON,EX,Out (Extinguished),,Confirmed,Out (Extinguished),False,HUM,H,FUL,Full Response,0.1,48.5572,-85.24380000000001,2026-07-06 21:04:00+00:00,2026-07-11 14:00:00+00:00,2026-07-30 23:07:43+00:00,Unmapped,Requires review,True,True,True,True,True
338271649,-1,46.1224,-79.6476,NOR_FIRE_021,1.1,LTG,L,1783367100000,1783598400000,GMT,EX,-1,FUL,-1,0,-1,-1,ON     ,1785452863000,-79.64760370446214,46.12240899032218,338271649,Point,2026-07-31T04:59:30.982399+00:00,https://ws.lioservices.lrc.gov.on.ca/arcgis1061a/rest/services/MNRF/Ontario_Fires_Map/MapServer/0/query,NOR_FIRE_021,ON,EX,Out (Extinguished),,Confirmed,Out (Extinguished),False,LTG,L,FUL,Full Response,1.1,46.1224,-79.6476,2026-07-06 19:45:00+00:00,2026-07-09 12:00:00+00:00,2026-07-30 23:07:43+00:00,Lightning,High-confidence provisional,True,True,True,True,True
338271665,-1,49.1999,-88.096,NIP_FIRE_027,2.8000000000000003,LTG,L,1783367100000,1784036700000,GMT,EX,-1,FUL,-1,0,-1,-1,ON     ,1785452863000,-88.09600682865533,49.199908948151936,338271665,Point,2026-07-31T04:59:30.982399+00:00,https://ws.lioservices.lrc.gov.on.ca/arcgis1061a/rest/services/MNRF/Ontario_Fires_Map/MapServer/0/query,NIP_FIRE_027,ON,EX,Out (Extinguished),,Confirmed,Out (Extinguished),False,LTG,L,FUL,Full Response,2.8000000000000003,49.1999,-88.096,2026-07-06 19:45:00+00:00,2026-07-14 13:45:00+00:00,2026-07-30 23:07:43+00:00,Lightning,High-confidence provisional,True,True,True,True,True
338271681,-1,47.0927,-80.5579,NOR_FIRE_020,0.1,LTG,L,1783364760000,1783455000000,GMT,EX,-1,FUL,-1,0,-1,-1,ON     ,1785452863000,-80.55790410712198,47.09270909880264,338271681,Point,2026-07-31T04:59:30.982399+00:00,https://ws.lioservices.lrc.gov.on.ca/arcgis1061a/rest/services/MNRF/Ontario_Fires_Map/MapServer/0/query,NOR_FIRE_020,ON,EX,Out (Extinguished),,Confirmed,Out (Extinguished),False,LTG,L,FUL,Full Response,0.1,47.0927,-80.5579,2026-07-06 19:06:00+00:00,2026-07-07 20:10:00+00:00,2026-07-30 23:07:43+00:00,Lightning,High-confidence provisional,True,True,True,True,True
338271697,-1,47.2443,-80.7308,NOR_FIRE_019,1.2,LTG,L,1783364580000,1783632600000,GMT,EX,-1,FUL,-1,0,-1,-1,ON     ,1785452863000,-80.73080418112177,47.24430911335863,338271697,Point,2026-07-31T04:59:30.982399+00:00,https://ws.lioservices.lrc.gov.on.ca/arcgis1061a/rest/services/MNRF/Ontario_Fires_Map/MapServer/0/query,NOR_FIRE_019,ON,EX,Out (Extinguished),,Confirmed,Out (Extinguished),False,LTG,L,FUL,Full Response,1.2,47.2443,-80.7308,2026-07-06 19:03:00+00:00,2026-07-09 21:30:00+00:00,2026-07-30 23:07:43+00:00,Lightning,High-confidence provisional,True,True,True,True,True
338271713,-1,47.145500000000006,-80.4479,NOR_FIRE_018,3.0,LTG,L,1783363560000,1783639800000,GMT,EX,-1,FUL,-1,0,-1,-1,ON     ,1785452863000,-80.44790407694587,47.14550911285792,338271713,Point,2026-07-31T04:59:30.982399+00:00,https://ws.lioservices.lrc.gov.on.ca/arcgis1061a/rest/services/MNRF/Ontario_Fires_Map/MapServer/0/query,NOR_FIRE_018,ON,EX,Out (Extinguished),,Confirmed,Out (Extinguished),False,LTG,L,FUL,Full Response,3.0,47.145500000000006,-80.4479,2026-07-06 18:46:00+00:00,2026-07-09 23:30:00+00:00,2026-07-30 23:07:43+00:00,Lightning,High-confidence provisional,True,True,True,True,True
338271729,-1,46.7761,-80.2493,NOR_FIRE_017,0.1,HUM,H,1783361640000,1783380600000,GMT,EX,-1,FUL,-1,0,-1,-1,ON     ,1785452863000,-80.2493039707291,46.776109064933,338271729,Point,2026-07-31T04:59:30.982399+00:00,https://ws.lioservices.lrc.gov.on.ca/arcgis1061a/rest/services/MNRF/Ontario_Fires_Map/MapServer/0/query,NOR_FIRE_017,ON,EX,Out (Extinguished),,Confirmed,Out (Extinguished),False,HUM,H,FUL,Full Response,0.1,46.7761,-80.2493,2026-07-06 18:14:00+00:00,2026-07-06 23:30:00+00:00,2026-07-30 23:07:43+00:00,Unmapped,Requires review,True,True,True,True,True
338271745,-1,49.5589,-85.71600000000001,WAW_FIRE_009,0.1,HUM,H,1783357320000,1783385340000,GMT,EX,-1,FUL,-1,0,-1,-1,ON     ,1785452863000,-85.71600612122828,49.55890915739109,338271745,Point,2026-07-31T04:59:30.982399+00:00,https://ws.lioservices.lrc.gov.on.ca/arcgis1061a/rest/services/MNRF/Ontario_Fires_Map/MapServer/0/query,WAW_FIRE_009,ON,EX,Out (Extinguished),,Confirmed,Out (Extinguished),False,HUM,H,FUL,Full Response,0.1,49.5589,-85.71600000000001,2026-07-06 17:02:00+00:00,2026-07-07 00:49:00+00:00,2026-07-30 23:07:43+00:00,Unmapped,Requires review,True,True,True,True,True
338271761,-1,49.938100000000006,-92.9505,DRY_FIRE_022,0.1,LTG,L,1783349400000,1783357200000,GMT,EX,-1,FUL,-1,0,-1,-1,ON     ,1785452863000,-92.9505084653041,49.93810868329324,338271761,Point,2026-07-31T04:59:30.982399+00:00,https://ws.lioservices.lrc.gov.on.ca/arcgis1061a/rest/services/MNRF/Ontario_Fires_Map/MapServer/0/query,DRY_FIRE_022,ON,EX,Out (Extinguished),,Confirmed,Out (Extinguished),False,LTG,L,FUL,Full Response,0.1,49.938100000000006,-92.9505,2026-07-06 14:50:00+00:00,2026-07-06 17:00:00+00:00,2026-07-30 23:07:43+00:00,Lightning,High-confidence provisional,True,True,True,True,True
338271777,-1,51.443400000000004,-90.694,SLK_FIRE_060,0.2,LTG,L,1783298700000,1783524000000,GMT,EX,-1,FUL,-1,0,-1,-1,ON     ,1785452863000,-90.69400805649705,51.44340904302027,338271777,Point,2026-07-31T04:59:30.982399+00:00,https://ws.lioservices.lrc.gov.on.ca/arcgis1061a/rest/services/MNRF/Ontario_Fires_Map/MapServer/0/query,SLK_FIRE_060,ON,EX,Out (Extinguished),,Confirmed,Out (Extinguished),False,LTG,L,FUL,Full Response,0.2,51.443400000000004,-90.694,2026-07-06 00:45:00+00:00,2026-07-08 15:20:00+00:00,2026-07-30 23:07:43+00:00,Lightning,High-confidence provisional,True,True,True,True,True
338271793,-1,48.5307,-91.74050000000001,FOR_FIRE_018,0.1,LTG,L,1783297860000,1783788720000,GMT,EX,-1,MON,-1,0,-1,-1,ON     ,1785452863000,-91.74050784663878,48.530708596818734,338271793,Point,2026-07-31T04:59:30.982399+00:00,https://ws.lioservices.lrc.gov.on.ca/arcgis1061a/rest/services/MNRF/Ontario_Fires_Map/MapServer/0/query,FOR_FIRE_018,ON,EX,Out (Extinguished),,Confirmed,Out (Extinguished),False,LTG,L,MON,Monitored Response,0.1,48.5307,-91.74050000000001,2026-07-06 00:31:00+00:00,2026-07-11 16:52:00+00:00,2026-07-30 23:07:43+00:00,Lightning,High-confidence provisional,True,True,True,True,True
338271809,-1,48.8156,-85.79390000000001,WAW_FIRE_008,1.1,LTG,L,1783287900000,1783551600000,GMT,EX,-1,FUL,-1,0,-1,-1,ON     ,1785452863000,-85.79390603401735,48.81560904905069,338271809,Point,2026-07-31T04:59:30.982399+00:00,https://ws.lioservices.lrc.gov.on.ca/arcgis1061a/rest/services/MNRF/Ontario_Fires_Map/MapServer/0/query,WAW_FIRE_008,ON,EX,Out (Extinguished),,Confirmed,Out (Extinguished),False,LTG,L,FUL,Full Response,1.1,48.8156,-85.79390000000001,2026-07-05 21:45:00+00:00,2026-07-08 23:00:00+00:00,2026-07-30 23:07:43+00:00,Lightning,High-confidence provisional,True,True,True,True,True
338271825,-1,49.9836,-90.1718,DRY_FIRE_021,0.5,LTG,L,1783285080000,1783470600000,GMT,EX,-1,FUL,-1,0,-1,-1,ON     ,1785452863000,-90.17180761598082,49.98360890219965,338271825,Point,2026-07-31T04:59:30.982399+00:00,https://ws.lioservices.lrc.gov.on.ca/arcgis1061a/rest/services/MNRF/Ontario_Fires_Map/MapServer/0/query,DRY_FIRE_021,ON,EX,Out (Extinguished),,Confirmed,Out (Extinguished),False,LTG,L,FUL,Full Response,0.5,49.9836,-90.1718,2026-07-05 20:58:00+00:00,2026-07-08 00:30:00+00:00,2026-07-30 23:07:43+00:00,Lightning,High-confidence provisional,True,True,True,True,True
338271841,-1,47.441900000000004,-84.19420000000001,WAW_FIRE_007,0.1,LTG,L,1783285020000,1783373400000,GMT,EX,-1,FUL,-1,0,-1,-1,ON     ,1785452863000,-84.19420532981269,47.44190894845236,338271841,Point,2026-07-31T04:59:30.982399+00:00,https://ws.lioservices.lrc.gov.on.ca/arcgis1061a/rest/services/MNRF/Ontario_Fires_Map/MapServer/0/query,WAW_FIRE_007,ON,EX,Out (Extinguished),,Confirmed,Out (Extinguished),False,LTG,L,FUL,Full Response,0.1,47.441900000000004,-84.19420000000001,2026-07-05 20:57:00+00:00,2026-07-06 21:30:00+00:00,2026-07-30 23:07:43+00:00,Lightning,High-confidence provisional,True,True,True,True,True
338271857,-1,48.4043,-89.61930000000001,THU_FIRE_034,0.1,HUM,H,1783282140000,1783294800000,GMT,EX,-1,FUL,-1,0,-1,-1,ON     ,1785452863000,-89.61930717763356,48.40430873356851,338271857,Point,2026-07-31T04:59:30.982399+00:00,https://ws.lioservices.lrc.gov.on.ca/arcgis1061a/rest/services/MNRF/Ontario_Fires_Map/MapServer/0/query,THU_FIRE_034,ON,EX,Out (Extinguished),,Confirmed,Out (Extinguished),False,HUM,H,FUL,Full Response,0.1,48.4043,-89.61930000000001,2026-07-05 20:09:00+00:00,2026-07-05 23:40:00+00:00,2026-07-30 23:07:43+00:00,Unmapped,Requires review,True,True,True,True,True
338271873,-1,47.9861,-84.5562,WAW_FIRE_006,0.1,LTG,L,1783281840000,1783364400000,GMT,EX,-1,FUL,-1,0,-1,-1,ON     ,1785452863000,-84.55620551817,47.986109007419486,338271873,Point,2026-07-31T04:59:30.982399+00:00,https://ws.lioservices.lrc.gov.on.ca/arcgis1061a/rest/services/MNRF/Ontario_Fires_Map/MapServer/0/query,WAW_FIRE_006,ON,EX,Out (Extinguished),,Confirmed,Out (Extinguished),False,LTG,L,FUL,Full Response,0.1,47.9861,-84.5562,2026-07-05 20:04:00+00:00,2026-07-06 19:00:00+00:00,2026-07-30 23:07:43+00:00,Lightning,High-confidence provisional,True,True,True,True,True
338271889,-1,52.216100000000004,-88.99730000000001,NIP_FIRE_026,891.0,LTG,L,1783279860000,1783801800000,GMT,BM,-1,MON,-1,0,-1,-1,ON     ,1785452863000,-88.99730766293838,52.21610926544086,338271889,Point,2026-07-31T04:59:30.982399+00:00,https://ws.lioservices.lrc.gov.on.ca/arcgis1061a/rest/services/MNRF/Ontario_Fires_Map/MapServer/0/query,NIP_FIRE_026,ON,BM,,"Being Monitored (provisional, unconfirmed code)",Provisional,"Being Monitored (provisional, unconfirmed code)",True,LTG,L,MON,Monitored Response,891.0,52.216100000000004,-88.99730000000001,2026-07-05 19:31:00+00:00,2026-07-11 20:30:00+00:00,2026-07-30 23:07:43+00:00,Lightning,High-confidence provisional,True,True,True,True,True
338271905,-1,47.066700000000004,-80.5858,NOR_FIRE_016,0.3,LTG,L,1783279620000,1783443600000,GMT,EX,-1,FUL,-1,0,-1,-1,ON     ,1785452863000,-80.58580411334556,47.066709093256506,338271905,Point,2026-07-31T04:59:30.982399+00:00,https://ws.lioservices.lrc.gov.on.ca/arcgis1061a/rest/services/MNRF/Ontario_Fires_Map/MapServer/0/query,NOR_FIRE_016,ON,EX,Out (Extinguished),,Confirmed,Out (Extinguished),False,LTG,L,FUL,Full Response,0.3,47.066700000000004,-80.5858,2026-07-05 19:27:00+00:00,2026-07-07 17:00:00+00:00,2026-07-30 23:07:43+00:00,Lightning,High-confidence provisional,True,True,True,True,True
338271921,-1,50.2409,-90.16900000000001,SLK_FIRE_059,0.1,HUM,H,1783272600000,1783533600000,GMT,EX,-1,FUL,-1,0,-1,-1,ON     ,1785452863000,-90.16900766147522,50.24090893511261,338271921,Point,2026-07-31T04:59:30.982399+00:00,https://ws.lioservices.lrc.gov.on.ca/arcgis1061a/rest/services/MNRF/Ontario_Fires_Map/MapServer/0/query,SLK_FIRE_059,ON,EX,Out (Extinguished),,Confirmed,Out (Extinguished),False,HUM,H,FUL,Full Response,0.1,50.2409,-90.16900000000001,2026-07-05 17:30:00+00:00,2026-07-08 18:00:00+00:00,2026-07-30 23:07:43+00:00,Unmapped,Requires review,True,True,True,True,True
338271937,-1,49.514700000000005,-82.693,COC_FIRE_032,2.8000000000000003,LTG,L,1783266000000,1783784700000,GMT,EX,-1,FUL,-1,0,-1,-1,ON     ,1785452863000,-82.69300511898827,49.51470934043036,338271937,Point,2026-07-31T04:59:30.982399+00:00,https://ws.lioservices.lrc.gov.on.ca/arcgis1061a/rest/services/MNRF/Ontario_Fires_Map/MapServer/0/query,COC_FIRE_032,ON,EX,Out (Extinguished),,Confirmed,Out (Extinguished),False,LTG,L,FUL,Full Response,2.8000000000000003,49.514700000000005,-82.693,2026-07-05 15:40:00+00:00,2026-07-11 15:45:00+00:00,2026-07-30 23:07:43+00:00,Lightning,High-confidence provisional,True,True,True,True,True
338271953,-1,51.242000000000004,-91.6067,SLK_FIRE_058,4.0,LTG,L,1783265220000,1783526400000,GMT,EX,-1,FUL,-1,0,-1,-1,ON     ,1785452863000,-91.60670830488593,51.242008947369484,338271953,Point,2026-07-31T04:59:30.982399+00:00,https://ws.lioservices.lrc.gov.on.ca/arcgis1061a/rest/services/MNRF/Ontario_Fires_Map/MapServer/0/query,SLK_FIRE_058,ON,EX,Out (Extinguished),,Confirmed,Out (Extinguished),False,LTG,L,FUL,Full Response,4.0,51.242000000000004,-91.6067,2026-07-05 15:27:00+00:00,2026-07-08 16:00:00+00:00,2026-07-30 23:07:43+00:00,Lightning,High-confidence provisional,True,True,True,True,True
338271969,-1,47.0732,-80.70230000000001,SUD_FIRE_014,0.1,LTG,L,1783209660000,1783346400000,GMT,EX,-1,FUL,-1,0,-1,-1,ON     ,1785452863000,-80.70230415228639,47.07320908813194,338271969,Point,2026-07-31T04:59:30.982399+00:00,https://ws.lioservices.lrc.gov.on.ca/arcgis1061a/rest/services/MNRF/Ontario_Fires_Map/MapServer/0/query,SUD_FIRE_014,ON,EX,Out (Extinguished),,Confirmed,Out (Extinguished),False,LTG,L,FUL,Full Response,0.1,47.0732,-80.70230000000001,2026-07-05 00:01:00+00:00,2026-07-06 14:00:00+00:00,2026-07-30 23:07:43+00:00,Lightning,High-confidence provisional,True,True,True,True,True
338271985,-1,49.598,-88.75160000000001,NIP_FIRE_025,254.0,HUM,H,1783200480000,1784734800000,GMT,BM,-1,MON,-1,0,-1,-1,ON     ,1785452863000,-88.75160710178957,49.598008955347964,338271985,Point,2026-07-31T04:59:30.982399+00:00,https://ws.lioservices.lrc.gov.on.ca/arcgis1061a/rest/services/MNRF/Ontario_Fires_Map/MapServer/0/query,NIP_FIRE_025,ON,BM,,"Being Monitored (provisional, unconfirmed code)",Provisional,"Being Monitored (provisional, unconfirmed code)",True,HUM,H,MON,Monitored Response,254.0,49.598,-88.75160000000001,2026-07-04 21:28:00+00:00,2026-07-22 15:40:00+00:00,2026-07-30 23:07:43+00:00,Unmapped,Requires review,True,True,True,True,True
338272001,-1,47.444900000000004,-80.4799,NOR_FIRE_015,1.2,LTG,L,1783198140000,1783364100000,GMT,EX,-1,FUL,-1,0,-1,-1,ON     ,1785452863000,-80.47990412156632,47.44490915784158,338272001,Point,2026-07-31T04:59:30.982399+00:00,https://ws.lioservices.lrc.gov.on.ca/arcgis1061a/rest/services/MNRF/Ontario_Fires_Map/MapServer/0/query,NOR_FIRE_015,ON,EX,Out (Extinguished),,Confirmed,Out (Extinguished),False,LTG,L,FUL,Full Response,1.2,47.444900000000004,-80.4799,2026-07-04 20:49:00+00:00,2026-07-06 18:55:00+00:00,2026-07-30 23:07:43+00:00,Lightning,High-confidence provisional,True,True,True,True,True
338272017,-1,48.6158,-84.67450000000001,WAW_FIRE_005,0.1,LTG,L,1783193100000,1783265640000,GMT,EX,-1,FUL,-1,0,-1,-1,ON     ,1785452863000,-84.6745056434919,48.61580909152653,338272017,Point,2026-07-31T04:59:30.982399+00:00,https://ws.lioservices.lrc.gov.on.ca/arcgis1061a/rest/services/MNRF/Ontario_Fires_Map/MapServer/0/query,WAW_FIRE_005,ON,EX,Out (Extinguished),,Confirmed,Out (Extinguished),False,LTG,L,FUL,Full Response,0.1,48.6158,-84.67450000000001,2026-07-04 19:25:00+00:00,2026-07-05 15:34:00+00:00,2026-07-30 23:07:43+00:00,Lightning,High-confidence provisional,True,True,True,True,True
338272033,-1,47.349900000000005,-80.91550000000001,TIM_FIRE_018,1.6,LTG,L,1783189500000,1783711200000,GMT,EX,-1,FUL,-1,0,-1,-1,ON     ,1785452863000,-80.91550425395441,47.34990911991853,338272033,Point,2026-07-31T04:59:30.982399+00:00,https://ws.lioservices.lrc.gov.on.ca/arcgis1061a/rest/services/MNRF/Ontario_Fires_Map/MapServer/0/query,TIM_FIRE_018,ON,EX,Out (Extinguished),,Confirmed,Out (Extinguished),False,LTG,L,FUL,Full Response,1.6,47.349900000000005,-80.91550000000001,2026-07-04 18:25:00+00:00,2026-07-10 19:20:00+00:00,2026-07-30 23:07:43+00:00,Lightning,High-confidence provisional,True,True,True,True,True
338272049,-1,49.9116,-88.1417,NIP_FIRE_024,0.3,LTG,L,1783186080000,1783378800000,GMT,EX,-1,FUL,-1,0,-1,-1,ON     ,1785452863000,-88.14170696071808,49.91160903986666,338272049,Point,2026-07-31T04:59:30.982399+00:00,https://ws.lioservices.lrc.gov.on.ca/arcgis1061a/rest/services/MNRF/Ontario_Fires_Map/MapServer/0/query,NIP_FIRE_024,ON,EX,Out (Extinguished),,Confirmed,Out (Extinguished),False,LTG,L,FUL,Full Response,0.3,49.9116,-88.1417,2026-07-04 17:28:00+00:00,2026-07-06 23:00:00+00:00,2026-07-30 23:07:43+00:00,Lightning,High-confidence provisional,True,True,True,True,True
338272065,-1,49.220600000000005,-88.7561,NIP_FIRE_023,0.1,HUM,H,1783176420000,1783206000000,GMT,EX,-1,FUL,-1,0,-1,-1,ON     ,1785452863000,-88.75610704047124,49.22060890482613,338272065,Point,2026-07-31T04:59:30.982399+00:00,https://ws.lioservices.lrc.gov.on.ca/arcgis1061a/rest/services/MNRF/Ontario_Fires_Map/MapServer/0/query,NIP_FIRE_023,ON,EX,Out (Extinguished),,Confirmed,Out (Extinguished),False,HUM,H,FUL,Full Response,0.1,49.220600000000005,-88.7561,2026-07-04 14:47:00+00:00,2026-07-04 23:00:00+00:00,2026-07-30 23:07:43+00:00,Unmapped,Requires review,True,True,True,True,True
338272081,-1,46.3828,-83.08840000000001,CHA_FIRE_009,0.6,LTG,L,1783115640000,1783284900000,GMT,EX,-1,FUL,-1,0,-1,-1,ON     ,1785452863000,-83.08840484527117,46.382808849756266,338272081,Point,2026-07-31T04:59:30.982399+00:00,https://ws.lioservices.lrc.gov.on.ca/arcgis1061a/rest/services/MNRF/Ontario_Fires_Map/MapServer/0/query,CHA_FIRE_009,ON,EX,Out (Extinguished),,Confirmed,Out (Extinguished),False,LTG,L,FUL,Full Response,0.6,46.3828,-83.08840000000001,2026-07-03 21:54:00+00:00,2026-07-05 20:55:00+00:00,2026-07-30 23:07:43+00:00,Lightning,High-confidence provisional,True,True,True,True,True
338272097,-1,48.630100000000006,-91.7108,FOR_FIRE_017,0.9,LTG,L,1783112520000,1783299000000,GMT,EX,-1,FUL,-1,0,-1,-1,ON     ,1785452863000,-91.710807854459,48.6301086121261,338272097,Point,2026-07-31T04:59:30.982399+00:00,https://ws.lioservices.lrc.gov.on.ca/arcgis1061a/rest/services/MNRF/Ontario_Fires_Map/MapServer/0/query,FOR_FIRE_017,ON,EX,Out (Extinguished),,Confirmed,Out (Extinguished),False,LTG,L,FUL,Full Response,0.9,48.630100000000006,-91.7108,2026-07-03 21:02:00+00:00,2026-07-06 00:50:00+00:00,2026-07-30 23:07:43+00:00,Lightning,High-confidence provisional,True,True,True,True,True
338272113,-1,46.9242,-81.48530000000001,SUD_FIRE_013,0.1,LTG,L,1783103940000,1783119600000,GMT,EX,-1,FUL,-1,0,-1,-1,ON     ,1785452863000,-81.48530439104677,46.92420902294644,338272113,Point,2026-07-31T04:59:30.982399+00:00,https://ws.lioservices.lrc.gov.on.ca/arcgis1061a/rest/services/MNRF/Ontario_Fires_Map/MapServer/0/query,SUD_FIRE_013,ON,EX,Out (Extinguished),,Confirmed,Out (Extinguished),False,LTG,L,FUL,Full Response,0.1,46.9242,-81.48530000000001,2026-07-03 18:39:00+00:00,2026-07-03 23:00:00+00:00,2026-07-30 23:07:43+00:00,Lightning,High-confidence provisional,True,True,True,True,True
338272129,-1,48.0855,-82.0591,TIM_FIRE_017,0.1,HUM,H,1783089300000,1783100100000,GMT,EX,-1,FUL,-1,0,-1,-1,ON     ,1785452863000,-82.05910471869623,48.08550916904024,338272129,Point,2026-07-31T04:59:30.982399+00:00,https://ws.lioservices.lrc.gov.on.ca/arcgis1061a/rest/services/MNRF/Ontario_Fires_Map/MapServer/0/query,TIM_FIRE_017,ON,EX,Out (Extinguished),,Confirmed,Out (Extinguished),False,HUM,H,FUL,Full Response,0.1,48.0855,-82.0591,2026-07-03 14:35:00+00:00,2026-07-03 17:35:00+00:00,2026-07-30 23:07:43+00:00,Unmapped,Requires review,True,True,True,True,True
338272145,-1,50.4029,-89.45450000000001,THU_FIRE_033,0.4,LTG,L,1783089060000,1783180800000,GMT,EX,-1,FUL,-1,0,-1,-1,ON     ,1785452863000,-89.45450746493289,50.40290900868281,338272145,Point,2026-07-31T04:59:30.982399+00:00,https://ws.lioservices.lrc.gov.on.ca/arcgis1061a/rest/services/MNRF/Ontario_Fires_Map/MapServer/0/query,THU_FIRE_033,ON,EX,Out (Extinguished),,Confirmed,Out (Extinguished),False,LTG,L,FUL,Full Response,0.4,50.4029,-89.45450000000001,2026-07-03 14:31:00+00:00,2026-07-04 16:00:00+00:00,2026-07-30 23:07:43+00:00,Lightning,High-confidence provisional,True,True,True,True,True
338272161,-1,49.4581,-83.802,COC_FIRE_026,74.7,LTG,L,1783087740000,1783872000000,GMT,EX,-1,FUL,-1,0,-1,-1,ON     ,1785452863000,-83.80200547876684,49.45810926512623,338272161,Point,2026-07-31T04:59:30.982399+00:00,https://ws.lioservices.lrc.gov.on.ca/arcgis1061a/rest/services/MNRF/Ontario_Fires_Map/MapServer/0/query,COC_FIRE_026,ON,EX,Out (Extinguished),,Confirmed,Out (Extinguished),False,LTG,L,FUL,Full Response,74.7,49.4581,-83.802,2026-07-03 14:09:00+00:00,2026-07-12 16:00:00+00:00,2026-07-30 23:07:43+00:00,Lightning,High-confidence provisional,True,True,True,True,True
338272177,-1,48.825700000000005,-93.0895,FOR_FIRE_016,0.2,LTG,L,1783030740000,1783122000000,GMT,EX,-1,FUL,-1,0,-1,-1,ON     ,1785452863000,-93.08950830315024,48.82570853292624,338272177,Point,2026-07-31T04:59:30.982399+00:00,https://ws.lioservices.lrc.gov.on.ca/arcgis1061a/rest/services/MNRF/Ontario_Fires_Map/MapServer/0/query,FOR_FIRE_016,ON,EX,Out (Extinguished),,Confirmed,Out (Extinguished),False,LTG,L,FUL,Full Response,0.2,48.825700000000005,-93.0895,2026-07-02 22:19:00+00:00,2026-07-03 23:40:00+00:00,2026-07-30 23:07:43+00:00,Lightning,High-confidence provisional,True,True,True,True,True
338272193,-1,49.7528,-88.0293,NIP_FIRE_022,0.2,LTG,L,1783029300000,1783296600000,GMT,EX,-1,FUL,-1,0,-1,-1,ON     ,1785452863000,-88.02930689813671,49.752809026799135,338272193,Point,2026-07-31T04:59:30.982399+00:00,https://ws.lioservices.lrc.gov.on.ca/arcgis1061a/rest/services/MNRF/Ontario_Fires_Map/MapServer/0/query,NIP_FIRE_022,ON,EX,Out (Extinguished),,Confirmed,Out (Extinguished),False,LTG,L,FUL,Full Response,0.2,49.7528,-88.0293,2026-07-02 21:55:00+00:00,2026-07-06 00:10:00+00:00,2026-07-30 23:07:43+00:00,Lightning,High-confidence provisional,True,True,True,True,True
338272209,-1,47.400200000000005,-81.7329,TIM_FIRE_016,10.0,LTG,L,1783018620000,1783695600000,GMT,EX,-1,FUL,-1,0,-1,-1,ON     ,1785452863000,-81.73290452764516,47.40020908325999,338272209,Point,2026-07-31T04:59:30.982399+00:00,https://ws.lioservices.lrc.gov.on.ca/arcgis1061a/rest/services/MNRF/Ontario_Fires_Map/MapServer/0/query,TIM_FIRE_016,ON,EX,Out (Extinguished),,Confirmed,Out (Extinguished),False,LTG,L,FUL,Full Response,10.0,47.400200000000005,-81.7329,2026-07-02 18:57:00+00:00,2026-07-10 15:00:00+00:00,2026-07-30 23:07:43+00:00,Lightning,High-confidence provisional,True,True,True,True,True
338272225,-1,55.121700000000004,-87.6341,COC_FIRE_031,5.1000000000000005,LTG,L,1783008900000,1783193100000,GMT,BM,-1,MON,-1,0,-1,-1,ON     ,1785452863000,-87.63410783496587,55.1217096960284,338272225,Point,2026-07-31T04:59:30.982399+00:00,https://ws.lioservices.lrc.gov.on.ca/arcgis1061a/rest/services/MNRF/Ontario_Fires_Map/MapServer/0/query,COC_FIRE_031,ON,BM,,"Being Monitored (provisional, unconfirmed code)",Provisional,"Being Monitored (provisional, unconfirmed code)",True,LTG,L,MON,Monitored Response,5.1000000000000005,55.121700000000004,-87.6341,2026-07-02 16:15:00+00:00,2026-07-04 19:25:00+00:00,2026-07-30 23:07:43+00:00,Lightning,High-confidence provisional,True,True,True,True,True
338272241,-1,55.1299,-87.7281,COC_FIRE_030,1584.2,LTG,L,1783008600000,1783192980000,GMT,BM,-1,MON,-1,0,-1,-1,ON     ,1785452863000,-87.72810786972927,55.129909689602876,338272241,Point,2026-07-31T04:59:30.982399+00:00,https://ws.lioservices.lrc.gov.on.ca/arcgis1061a/rest/services/MNRF/Ontario_Fires_Map/MapServer/0/query,COC_FIRE_030,ON,BM,,"Being Monitored (provisional, unconfirmed code)",Provisional,"Being Monitored (provisional, unconfirmed code)",True,LTG,L,MON,Monitored Response,1584.2,55.1299,-87.7281,2026-07-02 16:10:00+00:00,2026-07-04 19:23:00+00:00,2026-07-30 23:07:43+00:00,Lightning,High-confidence provisional,True,True,True,True,True
338272257,-1,55.6647,-88.32650000000001,COC_FIRE_029,42.4,LTG,L,1783008300000,1783192740000,GMT,BM,-1,MON,-1,0,-1,-1,ON     ,1785452863000,-88.32650820902587,55.66470969798637,338272257,Point,2026-07-31T04:59:30.982399+00:00,https://ws.lioservices.lrc.gov.on.ca/arcgis1061a/rest/services/MNRF/Ontario_Fires_Map/MapServer/0/query,COC_FIRE_029,ON,BM,,"Being Monitored (provisional, unconfirmed code)",Provisional,"Being Monitored (provisional, unconfirmed code)",True,LTG,L,MON,Monitored Response,42.4,55.6647,-88.32650000000001,2026-07-02 16:05:00+00:00,2026-07-04 19:19:00+00:00,2026-07-30 23:07:43+00:00,Lightning,High-confidence provisional,True,True,True,True,True
338272273,-1,54.7445,-88.5433,COC_FIRE_028,763.0,LTG,L,1783008000000,1783192620000,GMT,BM,-1,MON,-1,0,-1,-1,ON     ,1785452863000,-88.54330806117113,54.74450958496488,338272273,Point,2026-07-31T04:59:30.982399+00:00,https://ws.lioservices.lrc.gov.on.ca/arcgis1061a/rest/services/MNRF/Ontario_Fires_Map/MapServer/0/query,COC_FIRE_028,ON,BM,,"Being Monitored (provisional, unconfirmed code)",Provisional,"Being Monitored (provisional, unconfirmed code)",True,LTG,L,MON,Monitored Response,763.0,54.7445,-88.5433,2026-07-02 16:00:00+00:00,2026-07-04 19:17:00+00:00,2026-07-30 23:07:43+00:00,Lightning,High-confidence provisional,True,True,True,True,True
338272289,-1,51.5459,-89.6067,SLK_FIRE_057,82.0,LTG,L,1782943020000,1784994720000,GMT,UC,-1,FUL,-1,0,-1,-1,ON     ,1785452863000,-89.60670772829918,51.54590913893106,338272289,Point,2026-07-31T04:59:30.982399+00:00,https://ws.lioservices.lrc.gov.on.ca/arcgis1061a/rest/services/MNRF/Ontario_Fires_Map/MapServer/0/query,SLK_FIRE_057,ON,UC,Under Control,,Confirmed,Under Control,True,LTG,L,FUL,Full Response,82.0,51.5459,-89.6067,2026-07-01 21:57:00+00:00,2026-07-25 15:52:00+00:00,2026-07-30 23:07:43+00:00,Lightning,High-confidence provisional,True,True,True,True,True
338272305,-1,49.454,-85.5068,WAW_FIRE_004,7.6000000000000005,LTG,L,1782938700000,1783522800000,GMT,EX,-1,FUL,-1,0,-1,-1,ON     ,1785452863000,-85.50680603703027,49.4540091566003,338272305,Point,2026-07-31T04:59:30.982399+00:00,https://ws.lioservices.lrc.gov.on.ca/arcgis1061a/rest/services/MNRF/Ontario_Fires_Map/MapServer/0/query,WAW_FIRE_004,ON,EX,Out (Extinguished),,Confirmed,Out (Extinguished),False,LTG,L,FUL,Full Response,7.6000000000000005,49.454,-85.5068,2026-07-01 20:45:00+00:00,2026-07-08 15:00:00+00:00,2026-07-30 23:07:43+00:00,Lightning,High-confidence provisional,True,True,True,True,True
338272321,-1,50.511900000000004,-89.5488,THU_FIRE_032,0.5,LTG,L,1782938220000,1783094400000,GMT,EX,-1,FUL,-1,0,-1,-1,ON     ,1785452863000,-89.54880751466571,50.51190901550672,338272321,Point,2026-07-31T04:59:30.982399+00:00,https://ws.lioservices.lrc.gov.on.ca/arcgis1061a/rest/services/MNRF/Ontario_Fires_Map/MapServer/0/query,THU_FIRE_032,ON,EX,Out (Extinguished),,Confirmed,Out (Extinguished),False,LTG,L,FUL,Full Response,0.5,50.511900000000004,-89.5488,2026-07-01 20:37:00+00:00,2026-07-03 16:00:00+00:00,2026-07-30 23:07:43+00:00,Lightning,High-confidence provisional,True,True,True,True,True
338272337,-1,50.4857,-89.3844,THU_FIRE_031,0.1,LTG,L,1782937200000,1783004400000,GMT,EX,-1,FUL,-1,0,-1,-1,ON     ,1785452863000,-89.38440745761513,50.48570902434657,338272337,Point,2026-07-31T04:59:30.982399+00:00,https://ws.lioservices.lrc.gov.on.ca/arcgis1061a/rest/services/MNRF/Ontario_Fires_Map/MapServer/0/query,THU_FIRE_031,ON,EX,Out (Extinguished),,Confirmed,Out (Extinguished),False,LTG,L,FUL,Full Response,0.1,50.4857,-89.3844,2026-07-01 20:20:00+00:00,2026-07-02 15:00:00+00:00,2026-07-30 23:07:43+00:00,Lightning,High-confidence provisional,True,True,True,True,True
338272353,-1,52.794900000000005,-86.5468,NIP_FIRE_021,5.0,LTG,L,1782922440000,1782925200000,GMT,BM,-1,MON,-1,0,-1,-1,ON     ,1785452863000,-86.54680696072676,52.79490951535514,338272353,Point,2026-07-31T04:59:30.982399+00:00,https://ws.lioservices.lrc.gov.on.ca/arcgis1061a/rest/services/MNRF/Ontario_Fires_Map/MapServer/0/query,NIP_FIRE_021,ON,BM,,"Being Monitored (provisional, unconfirmed code)",Provisional,"Being Monitored (provisional, unconfirmed code)",True,LTG,L,MON,Monitored Response,5.0,52.794900000000005,-86.5468,2026-07-01 16:14:00+00:00,2026-07-01 17:00:00+00:00,2026-07-30 23:07:43+00:00,Lightning,High-confidence provisional,True,True,True,True,True
338272369,-1,47.6357,-83.5042,CHA_FIRE_008,0.1,LTG,L,1782919020000,1782927360000,GMT,EX,-1,FUL,-1,0,-1,-1,ON     ,1785452863000,-83.50420513257619,47.63570901831316,338272369,Point,2026-07-31T04:59:30.982399+00:00,https://ws.lioservices.lrc.gov.on.ca/arcgis1061a/rest/services/MNRF/Ontario_Fires_Map/MapServer/0/query,CHA_FIRE_008,ON,EX,Out (Extinguished),,Confirmed,Out (Extinguished),False,LTG,L,FUL,Full Response,0.1,47.6357,-83.5042,2026-07-01 15:17:00+00:00,2026-07-01 17:36:00+00:00,2026-07-30 23:07:43+00:00,Lightning,High-confidence provisional,True,True,True,True,True
338272385,-1,48.5429,-91.4154,FOR_FIRE_015,42273.0,LTG,L,1782861780000,1785438000000,GMT,OC,-1,MOD,-1,0,-1,-1,ON     ,1785452863000,-91.41540775020586,48.54290862252619,338272385,Point,2026-07-31T04:59:30.982399+00:00,https://ws.lioservices.lrc.gov.on.ca/arcgis1061a/rest/services/MNRF/Ontario_Fires_Map/MapServer/0/query,FOR_FIRE_015,ON,OC,Out of Control,,Confirmed,Out of Control,True,LTG,L,MOD,Modified Response,42273.0,48.5429,-91.4154,2026-06-30 23:23:00+00:00,2026-07-30 19:00:00+00:00,2026-07-30 23:07:43+00:00,Lightning,High-confidence provisional,True,True,True,True,True
338272401,-1,52.0886,-89.504,SLK_FIRE_056,43.0,LTG,L,1782859440000,1782860040000,GMT,BM,-1,MON,-1,0,-1,-1,ON     ,1785452863000,-89.50400780280745,52.08860921170292,338272401,Point,2026-07-31T04:59:30.982399+00:00,https://ws.lioservices.lrc.gov.on.ca/arcgis1061a/rest/services/MNRF/Ontario_Fires_Map/MapServer/0/query,SLK_FIRE_056,ON,BM,,"Being Monitored (provisional, unconfirmed code)",Provisional,"Being Monitored (provisional, unconfirmed code)",True,LTG,L,MON,Monitored Response,43.0,52.0886,-89.504,2026-06-30 22:44:00+00:00,2026-06-30 22:54:00+00:00,2026-07-30 23:07:43+00:00,Lightning,High-confidence provisional,True,True,True,True,True
338272417,-1,50.299,-92.8827,DRY_FIRE_020,0.4,HUM,H,1782856200000,1783015200000,GMT,EX,-1,FUL,-1,0,-1,-1,ON     ,1785452863000,-92.8827085139662,50.29900873272714,338272417,Point,2026-07-31T04:59:30.982399+00:00,https://ws.lioservices.lrc.gov.on.ca/arcgis1061a/rest/services/MNRF/Ontario_Fires_Map/MapServer/0/query,DRY_FIRE_020,ON,EX,Out (Extinguished),,Confirmed,Out (Extinguished),False,HUM,H,FUL,Full Response,0.4,50.299,-92.8827,2026-06-30 21:50:00+00:00,2026-07-02 18:00:00+00:00,2026-07-30 23:07:43+00:00,Unmapped,Requires review,True,True,True,True,True
338272433,-1,48.8934,-90.9869,FOR_FIRE_014,51768.5,LTG,L,1782854640000,1785438000000,GMT,OC,-1,MOD,-1,0,-1,-1,ON     ,1785452863000,-90.98690767865226,48.89340870044783,338272433,Point,2026-07-31T04:59:30.982399+00:00,https://ws.lioservices.lrc.gov.on.ca/arcgis1061a/rest/services/MNRF/Ontario_Fires_Map/MapServer/0/query,FOR_FIRE_014,ON,OC,Out of Control,,Confirmed,Out of Control,True,LTG,L,MOD,Modified Response,51768.5,48.8934,-90.9869,2026-06-30 21:24:00+00:00,2026-07-30 19:00:00+00:00,2026-07-30 23:07:43+00:00,Lightning,High-confidence provisional,True,True,True,True,True
338272449,-1,48.682500000000005,-90.8263,THU_FIRE_030,5.5,LTG,L,1782853920000,1783427400000,GMT,EX,-1,FUL,-1,0,-1,-1,ON     ,1785452863000,-90.8263075940101,48.68250868434546,338272449,Point,2026-07-31T04:59:30.982399+00:00,https://ws.lioservices.lrc.gov.on.ca/arcgis1061a/rest/services/MNRF/Ontario_Fires_Map/MapServer/0/query,THU_FIRE_030,ON,EX,Out (Extinguished),,Confirmed,Out (Extinguished),False,LTG,L,FUL,Full Response,5.5,48.682500000000005,-90.8263,2026-06-30 21:12:00+00:00,2026-07-07 12:30:00+00:00,2026-07-30 23:07:43+00:00,Lightning,High-confidence provisional,True,True,True,True,True
338272465,-1,54.0604,-90.2855,SLK_FIRE_054,73.4,LTG,L,1782781620000,1785022440000,GMT,BM,-1,MNP,-1,0,-1,-1,ON     ,1785452863000,-90.28550849025548,54.06040937232528,338272465,Point,2026-07-31T04:59:30.982399+00:00,https://ws.lioservices.lrc.gov.on.ca/arcgis1061a/rest/services/MNRF/Ontario_Fires_Map/MapServer/0/query,SLK_FIRE_054,ON,BM,,"Being Monitored (provisional, unconfirmed code)",Provisional,"Being Monitored (provisional, unconfirmed code)",True,LTG,L,MNP,Unmapped,73.4,54.0604,-90.2855,2026-06-30 01:07:00+00:00,2026-07-25 23:34:00+00:00,2026-07-30 23:07:43+00:00,Lightning,High-confidence provisional,True,True,True,True,True
338272481,-1,53.4061,-90.46130000000001,SLK_FIRE_055,15.0,LTG,L,1782781620000,1785189600000,GMT,EX,-1,MON,-1,0,-1,-1,ON     ,1785452863000,-90.46130839772894,53.40610928697997,338272481,Point,2026-07-31T04:59:30.982399+00:00,https://ws.lioservices.lrc.gov.on.ca/arcgis1061a/rest/services/MNRF/Ontario_Fires_Map/MapServer/0/query,SLK_FIRE_055,ON,EX,Out (Extinguished),,Confirmed,Out (Extinguished),False,LTG,L,MON,Monitored Response,15.0,53.4061,-90.46130000000001,2026-06-30 01:07:00+00:00,2026-07-27 22:00:00+00:00,2026-07-30 23:07:43+00:00,Lightning,High-confidence provisional,True,True,True,True,True
338272497,-1,54.0763,-90.2692,SLK_FIRE_053,75.7,LTG,L,1782781380000,1785022380000,GMT,BM,-1,MNP,-1,0,-1,-1,ON     ,1785452863000,-90.26920848855596,54.0763093753549,338272497,Point,2026-07-31T04:59:30.982399+00:00,https://ws.lioservices.lrc.gov.on.ca/arcgis1061a/rest/services/MNRF/Ontario_Fires_Map/MapServer/0/query,SLK_FIRE_053,ON,BM,,"Being Monitored (provisional, unconfirmed code)",Provisional,"Being Monitored (provisional, unconfirmed code)",True,LTG,L,MNP,Unmapped,75.7,54.0763,-90.2692,2026-06-30 01:03:00+00:00,2026-07-25 23:33:00+00:00,2026-07-30 23:07:43+00:00,Lightning,High-confidence provisional,True,True,True,True,True
338272513,-1,54.554500000000004,-90.3904,SLK_FIRE_052,240.0,LTG,L,1782781320000,1782781380000,GMT,BM,-1,MON,-1,0,-1,-1,ON     ,1785452863000,-90.39040864368707,54.55450941602438,338272513,Point,2026-07-31T04:59:30.982399+00:00,https://ws.lioservices.lrc.gov.on.ca/arcgis1061a/rest/services/MNRF/Ontario_Fires_Map/MapServer/0/query,SLK_FIRE_052,ON,BM,,"Being Monitored (provisional, unconfirmed code)",Provisional,"Being Monitored (provisional, unconfirmed code)",True,LTG,L,MON,Monitored Response,240.0,54.554500000000004,-90.3904,2026-06-30 01:02:00+00:00,2026-06-30 01:03:00+00:00,2026-07-30 23:07:43+00:00,Lightning,High-confidence provisional,True,True,True,True,True
338272529,-1,54.320600000000006,-90.0685,SLK_FIRE_051,323.0,LTG,L,1782781260000,1782781320000,GMT,BM,-1,MON,-1,0,-1,-1,ON     ,1785452863000,-90.06850847916729,54.320609417736016,338272529,Point,2026-07-31T04:59:30.982399+00:00,https://ws.lioservices.lrc.gov.on.ca/arcgis1061a/rest/services/MNRF/Ontario_Fires_Map/MapServer/0/query,SLK_FIRE_051,ON,BM,,"Being Monitored (provisional, unconfirmed code)",Provisional,"Being Monitored (provisional, unconfirmed code)",True,LTG,L,MON,Monitored Response,323.0,54.320600000000006,-90.0685,2026-06-30 01:01:00+00:00,2026-06-30 01:02:00+00:00,2026-07-30 23:07:43+00:00,Lightning,High-confidence provisional,True,True,True,True,True
338272545,-1,54.2487,-89.894,SLK_FIRE_050,181.0,LTG,L,1782781200000,1782781260000,GMT,BM,-1,MON,-1,0,-1,-1,ON     ,1785452863000,-89.89400840349836,54.24870942423188,338272545,Point,2026-07-31T04:59:30.982399+00:00,https://ws.lioservices.lrc.gov.on.ca/arcgis1061a/rest/services/MNRF/Ontario_Fires_Map/MapServer/0/query,SLK_FIRE_050,ON,BM,,"Being Monitored (provisional, unconfirmed code)",Provisional,"Being Monitored (provisional, unconfirmed code)",True,LTG,L,MON,Monitored Response,181.0,54.2487,-89.894,2026-06-30 01:00:00+00:00,2026-06-30 01:01:00+00:00,2026-07-30 23:07:43+00:00,Lightning,High-confidence provisional,True,True,True,True,True
338272561,-1,54.307900000000004,-91.62660000000001,SLK_FIRE_049,702.3000000000001,LTG,L,1782781020000,1785022200000,GMT,BM,-1,MNP,-1,0,-1,-1,ON     ,1785452863000,-91.62660899502754,54.30790928722088,338272561,Point,2026-07-31T04:59:30.982399+00:00,https://ws.lioservices.lrc.gov.on.ca/arcgis1061a/rest/services/MNRF/Ontario_Fires_Map/MapServer/0/query,SLK_FIRE_049,ON,BM,,"Being Monitored (provisional, unconfirmed code)",Provisional,"Being Monitored (provisional, unconfirmed code)",True,LTG,L,MNP,Unmapped,702.3000000000001,54.307900000000004,-91.62660000000001,2026-06-30 00:57:00+00:00,2026-07-25 23:30:00+00:00,2026-07-30 23:07:43+00:00,Lightning,High-confidence provisional,True,True,True,True,True
338272577,-1,54.448100000000004,-91.61890000000001,SLK_FIRE_048,38.0,LTG,L,1782780960000,1782781020000,GMT,BM,-1,MON,-1,0,-1,-1,ON     ,1785452863000,-91.61890902727647,54.448109302365324,338272577,Point,2026-07-31T04:59:30.982399+00:00,https://ws.lioservices.lrc.gov.on.ca/arcgis1061a/rest/services/MNRF/Ontario_Fires_Map/MapServer/0/query,SLK_FIRE_048,ON,BM,,"Being Monitored (provisional, unconfirmed code)",Provisional,"Being Monitored (provisional, unconfirmed code)",True,LTG,L,MON,Monitored Response,38.0,54.448100000000004,-91.61890000000001,2026-06-30 00:56:00+00:00,2026-06-30 00:57:00+00:00,2026-07-30 23:07:43+00:00,Lightning,High-confidence provisional,True,True,True,True,True
338272593,-1,54.746100000000006,-91.8433,SLK_FIRE_047,27.0,LTG,L,1782780900000,1782780960000,GMT,BM,-1,MON,-1,0,-1,-1,ON     ,1785452863000,-91.8433091769332,54.74610931368122,338272593,Point,2026-07-31T04:59:30.982399+00:00,https://ws.lioservices.lrc.gov.on.ca/arcgis1061a/rest/services/MNRF/Ontario_Fires_Map/MapServer/0/query,SLK_FIRE_047,ON,BM,,"Being Monitored (provisional, unconfirmed code)",Provisional,"Being Monitored (provisional, unconfirmed code)",True,LTG,L,MON,Monitored Response,27.0,54.746100000000006,-91.8433,2026-06-30 00:55:00+00:00,2026-06-30 00:56:00+00:00,2026-07-30 23:07:43+00:00,Lightning,High-confidence provisional,True,True,True,True,True
338272609,-1,54.8907,-92.0356,SLK_FIRE_046,442.0,LTG,L,1782780840000,1782780960000,GMT,BM,-1,MON,-1,0,-1,-1,ON     ,1785452863000,-92.03560927804841,54.890709311707376,338272609,Point,2026-07-31T04:59:30.982399+00:00,https://ws.lioservices.lrc.gov.on.ca/arcgis1061a/rest/services/MNRF/Ontario_Fires_Map/MapServer/0/query,SLK_FIRE_046,ON,BM,,"Being Monitored (provisional, unconfirmed code)",Provisional,"Being Monitored (provisional, unconfirmed code)",True,LTG,L,MON,Monitored Response,442.0,54.8907,-92.0356,2026-06-30 00:54:00+00:00,2026-06-30 00:56:00+00:00,2026-07-30 23:07:43+00:00,Lightning,High-confidence provisional,True,True,True,True,True
338272625,-1,54.426100000000005,-91.931,SLK_FIRE_045,74.4,LTG,L,1782780780000,1785022140000,GMT,BM,-1,MNP,-1,0,-1,-1,ON     ,1785452863000,-91.93100912488217,54.42610927358186,338272625,Point,2026-07-31T04:59:30.982399+00:00,https://ws.lioservices.lrc.gov.on.ca/arcgis1061a/rest/services/MNRF/Ontario_Fires_Map/MapServer/0/query,SLK_FIRE_045,ON,BM,,"Being Monitored (provisional, unconfirmed code)",Provisional,"Being Monitored (provisional, unconfirmed code)",True,LTG,L,MNP,Unmapped,74.4,54.426100000000005,-91.931,2026-06-30 00:53:00+00:00,2026-07-25 23:29:00+00:00,2026-07-30 23:07:43+00:00,Lightning,High-confidence provisional,True,True,True,True,True
338272641,-1,54.067800000000005,-91.9662,SLK_FIRE_044,14.1,LTG,L,1782780720000,1785022140000,GMT,BM,-1,MNP,-1,0,-1,-1,ON     ,1785452863000,-91.96620904764278,54.067809233510445,338272641,Point,2026-07-31T04:59:30.982399+00:00,https://ws.lioservices.lrc.gov.on.ca/arcgis1061a/rest/services/MNRF/Ontario_Fires_Map/MapServer/0/query,SLK_FIRE_044,ON,BM,,"Being Monitored (provisional, unconfirmed code)",Provisional,"Being Monitored (provisional, unconfirmed code)",True,LTG,L,MNP,Unmapped,14.1,54.067800000000005,-91.9662,2026-06-30 00:52:00+00:00,2026-07-25 23:29:00+00:00,2026-07-30 23:07:43+00:00,Lightning,High-confidence provisional,True,True,True,True,True
338272657,-1,55.8692,-88.1817,COC_FIRE_025,39.0,LTG,L,1782753360000,1783264500000,GMT,BM,-1,MNP,-1,0,-1,-1,ON     ,1785452863000,-88.1817082094203,55.869209730285206,338272657,Point,2026-07-31T04:59:30.982399+00:00,https://ws.lioservices.lrc.gov.on.ca/arcgis1061a/rest/services/MNRF/Ontario_Fires_Map/MapServer/0/query,COC_FIRE_025,ON,BM,,"Being Monitored (provisional, unconfirmed code)",Provisional,"Being Monitored (provisional, unconfirmed code)",True,LTG,L,MNP,Unmapped,39.0,55.8692,-88.1817,2026-06-29 17:16:00+00:00,2026-07-05 15:15:00+00:00,2026-07-30 23:07:43+00:00,Lightning,High-confidence provisional,True,True,True,True,True
338272673,-1,55.857600000000005,-87.8394,COC_FIRE_024,15.0,LTG,L,1782753180000,1782753240000,GMT,BM,-1,MON,-1,0,-1,-1,ON     ,1785452863000,-87.83940808567318,55.85760975626388,338272673,Point,2026-07-31T04:59:30.982399+00:00,https://ws.lioservices.lrc.gov.on.ca/arcgis1061a/rest/services/MNRF/Ontario_Fires_Map/MapServer/0/query,COC_FIRE_024,ON,BM,,"Being Monitored (provisional, unconfirmed code)",Provisional,"Being Monitored (provisional, unconfirmed code)",True,LTG,L,MON,Monitored Response,15.0,55.857600000000005,-87.8394,2026-06-29 17:13:00+00:00,2026-06-29 17:14:00+00:00,2026-07-30 23:07:43+00:00,Lightning,High-confidence provisional,True,True,True,True,True
338272689,-1,53.657700000000006,-91.4496,SLK_FIRE_043,6.3,LTG,L,1782748920000,1784921040000,GMT,BM,-1,MON,-1,0,-1,-1,ON     ,1785452863000,-91.4496087800965,53.657709233449765,338272689,Point,2026-07-31T04:59:30.982399+00:00,https://ws.lioservices.lrc.gov.on.ca/arcgis1061a/rest/services/MNRF/Ontario_Fires_Map/MapServer/0/query,SLK_FIRE_043,ON,BM,,"Being Monitored (provisional, unconfirmed code)",Provisional,"Being Monitored (provisional, unconfirmed code)",True,LTG,L,MON,Monitored Response,6.3,53.657700000000006,-91.4496,2026-06-29 16:02:00+00:00,2026-07-24 19:24:00+00:00,2026-07-30 23:07:43+00:00,Lightning,High-confidence provisional,True,True,True,True,True
338272705,-1,54.0401,-88.8409,COC_FIRE_027,342.0,LTG,L,1782748800000,1783192260000,GMT,BM,-1,MON,-1,0,-1,-1,ON     ,1785452863000,-88.84090800005738,54.040109485531666,338272705,Point,2026-07-31T04:59:30.982399+00:00,https://ws.lioservices.lrc.gov.on.ca/arcgis1061a/rest/services/MNRF/Ontario_Fires_Map/MapServer/0/query,COC_FIRE_027,ON,BM,,"Being Monitored (provisional, unconfirmed code)",Provisional,"Being Monitored (provisional, unconfirmed code)",True,LTG,L,MON,Monitored Response,342.0,54.0401,-88.8409,2026-06-29 16:00:00+00:00,2026-07-04 19:11:00+00:00,2026-07-30 23:07:43+00:00,Lightning,High-confidence provisional,True,True,True,True,True
338272721,-1,55.7043,-87.6404,COC_FIRE_023,79.0,LTG,L,1782747600000,1782747720000,GMT,BM,-1,MON,-1,0,-1,-1,ON     ,1785452863000,-87.64040797739762,55.704309756250524,338272721,Point,2026-07-31T04:59:30.982399+00:00,https://ws.lioservices.lrc.gov.on.ca/arcgis1061a/rest/services/MNRF/Ontario_Fires_Map/MapServer/0/query,COC_FIRE_023,ON,BM,,"Being Monitored (provisional, unconfirmed code)",Provisional,"Being Monitored (provisional, unconfirmed code)",True,LTG,L,MON,Monitored Response,79.0,55.7043,-87.6404,2026-06-29 15:40:00+00:00,2026-06-29 15:42:00+00:00,2026-07-30 23:07:43+00:00,Lightning,High-confidence provisional,True,True,True,True,True
338272737,-1,55.2531,-87.0857,COC_FIRE_022,350.0,LTG,L,1782747420000,1782747780000,GMT,BM,-1,MON,-1,0,-1,-1,ON     ,1785452863000,-87.08570767353964,55.25310975213757,338272737,Point,2026-07-31T04:59:30.982399+00:00,https://ws.lioservices.lrc.gov.on.ca/arcgis1061a/rest/services/MNRF/Ontario_Fires_Map/MapServer/0/query,COC_FIRE_022,ON,BM,,"Being Monitored (provisional, unconfirmed code)",Provisional,"Being Monitored (provisional, unconfirmed code)",True,LTG,L,MON,Monitored Response,350.0,55.2531,-87.0857,2026-06-29 15:37:00+00:00,2026-06-29 15:43:00+00:00,2026-07-30 23:07:43+00:00,Lightning,High-confidence provisional,True,True,True,True,True
338272753,-1,55.2162,-87.0982,COC_FIRE_021,10.0,LTG,L,1782746940000,1782747780000,GMT,BM,-1,MON,-1,0,-1,-1,ON     ,1785452863000,-87.09820766929904,55.216209747273986,338272753,Point,2026-07-31T04:59:30.982399+00:00,https://ws.lioservices.lrc.gov.on.ca/arcgis1061a/rest/services/MNRF/Ontario_Fires_Map/MapServer/0/query,COC_FIRE_021,ON,BM,,"Being Monitored (provisional, unconfirmed code)",Provisional,"Being Monitored (provisional, unconfirmed code)",True,LTG,L,MON,Monitored Response,10.0,55.2162,-87.0982,2026-06-29 15:29:00+00:00,2026-06-29 15:43:00+00:00,2026-07-30 23:07:43+00:00,Lightning,High-confidence provisional,True,True,True,True,True
338272769,-1,54.717600000000004,-85.7758,COC_FIRE_020,650.0,LTG,L,1782691740000,1782691860000,GMT,BM,-1,MON,-1,0,-1,-1,ON     ,1785452863000,-85.77580709093164,54.71760979208106,338272769,Point,2026-07-31T04:59:30.982399+00:00,https://ws.lioservices.lrc.gov.on.ca/arcgis1061a/rest/services/MNRF/Ontario_Fires_Map/MapServer/0/query,COC_FIRE_020,ON,BM,,"Being Monitored (provisional, unconfirmed code)",Provisional,"Being Monitored (provisional, unconfirmed code)",True,LTG,L,MON,Monitored Response,650.0,54.717600000000004,-85.7758,2026-06-29 00:09:00+00:00,2026-06-29 00:11:00+00:00,2026-07-30 23:07:43+00:00,Lightning,High-confidence provisional,True,True,True,True,True
338272785,-1,54.8813,-85.78800000000001,COC_FIRE_019,5.0,LTG,L,1782691080000,1782691200000,GMT,BM,-1,MON,-1,0,-1,-1,ON     ,1785452863000,-85.78800713106341,54.88130980919136,338272785,Point,2026-07-31T04:59:30.982399+00:00,https://ws.lioservices.lrc.gov.on.ca/arcgis1061a/rest/services/MNRF/Ontario_Fires_Map/MapServer/0/query,COC_FIRE_019,ON,BM,,"Being Monitored (provisional, unconfirmed code)",Provisional,"Being Monitored (provisional, unconfirmed code)",True,LTG,L,MON,Monitored Response,5.0,54.8813,-85.78800000000001,2026-06-28 23:58:00+00:00,2026-06-29 00:00:00+00:00,2026-07-30 23:07:43+00:00,Lightning,High-confidence provisional,True,True,True,True,True
338272801,-1,54.9236,-85.79140000000001,COC_FIRE_018,17.0,LTG,L,1782690360000,1782691320000,GMT,BM,-1,MON,-1,0,-1,-1,ON     ,1785452863000,-85.79140714159027,54.92360981357078,338272801,Point,2026-07-31T04:59:30.982399+00:00,https://ws.lioservices.lrc.gov.on.ca/arcgis1061a/rest/services/MNRF/Ontario_Fires_Map/MapServer/0/query,COC_FIRE_018,ON,BM,,"Being Monitored (provisional, unconfirmed code)",Provisional,"Being Monitored (provisional, unconfirmed code)",True,LTG,L,MON,Monitored Response,17.0,54.9236,-85.79140000000001,2026-06-28 23:46:00+00:00,2026-06-29 00:02:00+00:00,2026-07-30 23:07:43+00:00,Lightning,High-confidence provisional,True,True,True,True,True
338272817,-1,52.4804,-89.6808,SLK_FIRE_042,15.0,LTG,L,1782690300000,1785189600000,GMT,EX,-1,MON,-1,0,-1,-1,ON     ,1785452863000,-89.6808079408355,52.4804092440048,338272817,Point,2026-07-31T04:59:30.982399+00:00,https://ws.lioservices.lrc.gov.on.ca/arcgis1061a/rest/services/MNRF/Ontario_Fires_Map/MapServer/0/query,SLK_FIRE_042,ON,EX,Out (Extinguished),,Confirmed,Out (Extinguished),False,LTG,L,MON,Monitored Response,15.0,52.4804,-89.6808,2026-06-28 23:45:00+00:00,2026-07-27 22:00:00+00:00,2026-07-30 23:07:43+00:00,Lightning,High-confidence provisional,True,True,True,True,True
338272833,-1,47.542500000000004,-80.5425,TIM_FIRE_015,0.5,LTG,L,1782677760000,1782840600000,GMT,EX,-1,FUL,-1,0,-1,-1,ON     ,1785452863000,-80.54250415348433,47.54250916963104,338272833,Point,2026-07-31T04:59:30.982399+00:00,https://ws.lioservices.lrc.gov.on.ca/arcgis1061a/rest/services/MNRF/Ontario_Fires_Map/MapServer/0/query,TIM_FIRE_015,ON,EX,Out (Extinguished),,Confirmed,Out (Extinguished),False,LTG,L,FUL,Full Response,0.5,47.542500000000004,-80.5425,2026-06-28 20:16:00+00:00,2026-06-30 17:30:00+00:00,2026-07-30 23:07:43+00:00,Lightning,High-confidence provisional,True,True,True,True,True
338272849,-1,49.8491,-87.79350000000001,NIP_FIRE_020,0.6,LTG,L,1782677100000,1782951900000,GMT,EX,-1,FUL,-1,0,-1,-1,ON     ,1785452863000,-87.79350683877402,49.849109056038074,338272849,Point,2026-07-31T04:59:30.982399+00:00,https://ws.lioservices.lrc.gov.on.ca/arcgis1061a/rest/services/MNRF/Ontario_Fires_Map/MapServer/0/query,NIP_FIRE_020,ON,EX,Out (Extinguished),,Confirmed,Out (Extinguished),False,LTG,L,FUL,Full Response,0.6,49.8491,-87.79350000000001,2026-06-28 20:05:00+00:00,2026-07-02 00:25:00+00:00,2026-07-30 23:07:43+00:00,Lightning,High-confidence provisional,True,True,True,True,True
338272865,-1,52.8506,-90.1507,SLK_FIRE_041,22.2,LTG,L,1782673020000,1783382400000,GMT,EX,-1,FUL,-1,0,-1,-1,ON     ,1785452863000,-90.15070817306908,52.85060924967498,338272865,Point,2026-07-31T04:59:30.982399+00:00,https://ws.lioservices.lrc.gov.on.ca/arcgis1061a/rest/services/MNRF/Ontario_Fires_Map/MapServer/0/query,SLK_FIRE_041,ON,EX,Out (Extinguished),,Confirmed,Out (Extinguished),False,LTG,L,FUL,Full Response,22.2,52.8506,-90.1507,2026-06-28 18:57:00+00:00,2026-07-07 00:00:00+00:00,2026-07-30 23:07:43+00:00,Lightning,High-confidence provisional,True,True,True,True,True
338272881,-1,52.2489,-89.1742,SLK_FIRE_040,3.0,LTG,L,1782672240000,1785103620000,GMT,EX,-1,MON,-1,0,-1,-1,ON     ,1785452863000,-89.17420772752644,52.24890925586807,338272881,Point,2026-07-31T04:59:30.982399+00:00,https://ws.lioservices.lrc.gov.on.ca/arcgis1061a/rest/services/MNRF/Ontario_Fires_Map/MapServer/0/query,SLK_FIRE_040,ON,EX,Out (Extinguished),,Confirmed,Out (Extinguished),False,LTG,L,MON,Monitored Response,3.0,52.2489,-89.1742,2026-06-28 18:44:00+00:00,2026-07-26 22:07:00+00:00,2026-07-30 23:07:43+00:00,Lightning,High-confidence provisional,True,True,True,True,True
338272897,-1,48.997800000000005,-80.0004,COC_FIRE_017,9.5,LTG,L,1782671040000,1783274400000,GMT,EX,-1,FUL,-1,0,-1,-1,ON     ,1785452863000,-80.0004041473935,48.99780941851197,338272897,Point,2026-07-31T04:59:30.982399+00:00,https://ws.lioservices.lrc.gov.on.ca/arcgis1061a/rest/services/MNRF/Ontario_Fires_Map/MapServer/0/query,COC_FIRE_017,ON,EX,Out (Extinguished),,Confirmed,Out (Extinguished),False,LTG,L,FUL,Full Response,9.5,48.997800000000005,-80.0004,2026-06-28 18:24:00+00:00,2026-07-05 18:00:00+00:00,2026-07-30 23:07:43+00:00,Lightning,High-confidence provisional,True,True,True,True,True
338272913,-1,48.6259,-79.6494,TIM_FIRE_014,0.1,LTG,L,1782670800000,1782697620000,GMT,EX,-1,FUL,-1,0,-1,-1,ON     ,1785452863000,-79.6494039836706,48.625909381882664,338272913,Point,2026-07-31T04:59:30.982399+00:00,https://ws.lioservices.lrc.gov.on.ca/arcgis1061a/rest/services/MNRF/Ontario_Fires_Map/MapServer/0/query,TIM_FIRE_014,ON,EX,Out (Extinguished),,Confirmed,Out (Extinguished),False,LTG,L,FUL,Full Response,0.1,48.6259,-79.6494,2026-06-28 18:20:00+00:00,2026-06-29 01:47:00+00:00,2026-07-30 23:07:43+00:00,Lightning,High-confidence provisional,True,True,True,True,True
338272929,-1,55.9082,-88.2388,COC_FIRE_016,0.5,LTG,L,1782669540000,1782680280000,GMT,BM,-1,MON,-1,0,-1,-1,ON     ,1785452863000,-88.23880823940137,55.90820972966489,338272929,Point,2026-07-31T04:59:30.982399+00:00,https://ws.lioservices.lrc.gov.on.ca/arcgis1061a/rest/services/MNRF/Ontario_Fires_Map/MapServer/0/query,COC_FIRE_016,ON,BM,,"Being Monitored (provisional, unconfirmed code)",Provisional,"Being Monitored (provisional, unconfirmed code)",True,LTG,L,MON,Monitored Response,0.5,55.9082,-88.2388,2026-06-28 17:59:00+00:00,2026-06-28 20:58:00+00:00,2026-07-30 23:07:43+00:00,Lightning,High-confidence provisional,True,True,True,True,True
338272945,-1,55.32,-87.57430000000001,COC_FIRE_015,1.5,LTG,L,1782669420000,1782680340000,GMT,BM,-1,MON,-1,0,-1,-1,ON     ,1785452863000,-87.57430786108239,55.320009721537666,338272945,Point,2026-07-31T04:59:30.982399+00:00,https://ws.lioservices.lrc.gov.on.ca/arcgis1061a/rest/services/MNRF/Ontario_Fires_Map/MapServer/0/query,COC_FIRE_015,ON,BM,,"Being Monitored (provisional, unconfirmed code)",Provisional,"Being Monitored (provisional, unconfirmed code)",True,LTG,L,MON,Monitored Response,1.5,55.32,-87.57430000000001,2026-06-28 17:57:00+00:00,2026-06-28 20:59:00+00:00,2026-07-30 23:07:43+00:00,Lightning,High-confidence provisional,True,True,True,True,True
338272961,-1,56.0882,-88.9197,COC_FIRE_014,19.0,LTG,L,1782669300000,1782680340000,GMT,BM,-1,MON,-1,0,-1,-1,ON     ,1785452863000,-88.91970852532936,56.08820969265013,338272961,Point,2026-07-31T04:59:30.982399+00:00,https://ws.lioservices.lrc.gov.on.ca/arcgis1061a/rest/services/MNRF/Ontario_Fires_Map/MapServer/0/query,COC_FIRE_014,ON,BM,,"Being Monitored (provisional, unconfirmed code)",Provisional,"Being Monitored (provisional, unconfirmed code)",True,LTG,L,MON,Monitored Response,19.0,56.0882,-88.9197,2026-06-28 17:55:00+00:00,2026-06-28 20:59:00+00:00,2026-07-30 23:07:43+00:00,Lightning,High-confidence provisional,True,True,True,True,True
338272977,-1,55.573600000000006,-88.4345,COC_FIRE_013,1.0,LTG,L,1782669120000,1782680400000,GMT,BM,-1,MON,-1,0,-1,-1,ON     ,1785452863000,-88.43450822414006,55.57360968007096,338272977,Point,2026-07-31T04:59:30.982399+00:00,https://ws.lioservices.lrc.gov.on.ca/arcgis1061a/rest/services/MNRF/Ontario_Fires_Map/MapServer/0/query,COC_FIRE_013,ON,BM,,"Being Monitored (provisional, unconfirmed code)",Provisional,"Being Monitored (provisional, unconfirmed code)",True,LTG,L,MON,Monitored Response,1.0,55.573600000000006,-88.4345,2026-06-28 17:52:00+00:00,2026-06-28 21:00:00+00:00,2026-07-30 23:07:43+00:00,Lightning,High-confidence provisional,True,True,True,True,True
338272993,-1,55.3198,-89.63900000000001,COC_FIRE_012,93.0,LTG,L,1782669000000,1782680400000,GMT,BM,-1,MON,-1,0,-1,-1,ON     ,1785452863000,-89.63900857808012,55.31980955671149,338272993,Point,2026-07-31T04:59:30.982399+00:00,https://ws.lioservices.lrc.gov.on.ca/arcgis1061a/rest/services/MNRF/Ontario_Fires_Map/MapServer/0/query,COC_FIRE_012,ON,BM,,"Being Monitored (provisional, unconfirmed code)",Provisional,"Being Monitored (provisional, unconfirmed code)",True,LTG,L,MON,Monitored Response,93.0,55.3198,-89.63900000000001,2026-06-28 17:50:00+00:00,2026-06-28 21:00:00+00:00,2026-07-30 23:07:43+00:00,Lightning,High-confidence provisional,True,True,True,True,True
338273009,-1,55.280100000000004,-89.3844,COC_FIRE_011,8.0,LTG,L,1782668940000,1782680460000,GMT,BM,-1,MON,-1,0,-1,-1,ON     ,1785452863000,-89.3844084805371,55.28010957346283,338273009,Point,2026-07-31T04:59:30.982399+00:00,https://ws.lioservices.lrc.gov.on.ca/arcgis1061a/rest/services/MNRF/Ontario_Fires_Map/MapServer/0/query,COC_FIRE_011,ON,BM,,"Being Monitored (provisional, unconfirmed code)",Provisional,"Being Monitored (provisional, unconfirmed code)",True,LTG,L,MON,Monitored Response,8.0,55.280100000000004,-89.3844,2026-06-28 17:49:00+00:00,2026-06-28 21:01:00+00:00,2026-07-30 23:07:43+00:00,Lightning,High-confidence provisional,True,True,True,True,True
338273025,-1,55.3074,-89.37020000000001,COC_FIRE_010,9.0,LTG,L,1782668760000,1782680520000,GMT,BM,-1,MON,-1,0,-1,-1,ON     ,1785452863000,-89.37020848247265,55.30740957741136,338273025,Point,2026-07-31T04:59:30.982399+00:00,https://ws.lioservices.lrc.gov.on.ca/arcgis1061a/rest/services/MNRF/Ontario_Fires_Map/MapServer/0/query,COC_FIRE_010,ON,BM,,"Being Monitored (provisional, unconfirmed code)",Provisional,"Being Monitored (provisional, unconfirmed code)",True,LTG,L,MON,Monitored Response,9.0,55.3074,-89.37020000000001,2026-06-28 17:46:00+00:00,2026-06-28 21:02:00+00:00,2026-07-30 23:07:43+00:00,Lightning,High-confidence provisional,True,True,True,True,True
338273041,-1,55.1736,-89.3152,COC_FIRE_009,0.5,LTG,L,1782668700000,1782680520000,GMT,BM,-1,MON,-1,0,-1,-1,ON     ,1785452863000,-89.31520843023766,55.173609568151456,338273041,Point,2026-07-31T04:59:30.982399+00:00,https://ws.lioservices.lrc.gov.on.ca/arcgis1061a/rest/services/MNRF/Ontario_Fires_Map/MapServer/0/query,COC_FIRE_009,ON,BM,,"Being Monitored (provisional, unconfirmed code)",Provisional,"Being Monitored (provisional, unconfirmed code)",True,LTG,L,MON,Monitored Response,0.5,55.1736,-89.3152,2026-06-28 17:45:00+00:00,2026-06-28 21:02:00+00:00,2026-07-30 23:07:43+00:00,Lightning,High-confidence provisional,True,True,True,True,True
338273057,-1,54.7911,-88.48440000000001,COC_FIRE_008,153.0,LTG,L,1782668580000,1782680520000,GMT,BM,-1,MON,-1,0,-1,-1,ON     ,1785452863000,-88.4844080518906,54.791109594559735,338273057,Point,2026-07-31T04:59:30.982399+00:00,https://ws.lioservices.lrc.gov.on.ca/arcgis1061a/rest/services/MNRF/Ontario_Fires_Map/MapServer/0/query,COC_FIRE_008,ON,BM,,"Being Monitored (provisional, unconfirmed code)",Provisional,"Being Monitored (provisional, unconfirmed code)",True,LTG,L,MON,Monitored Response,153.0,54.7911,-88.48440000000001,2026-06-28 17:43:00+00:00,2026-06-28 21:02:00+00:00,2026-07-30 23:07:43+00:00,Lightning,High-confidence provisional,True,True,True,True,True
338273073,-1,53.603300000000004,-91.6315,SLK_FIRE_039,85.10000000000001,LTG,L,1782666960000,1785022080000,GMT,BM,-1,MNP,-1,0,-1,-1,ON     ,1785452863000,-91.63150882670462,53.60330921248819,338273073,Point,2026-07-31T04:59:30.982399+00:00,https://ws.lioservices.lrc.gov.on.ca/arcgis1061a/rest/services/MNRF/Ontario_Fires_Map/MapServer/0/query,SLK_FIRE_039,ON,BM,,"Being Monitored (provisional, unconfirmed code)",Provisional,"Being Monitored (provisional, unconfirmed code)",True,LTG,L,MNP,Unmapped,85.10000000000001,53.603300000000004,-91.6315,2026-06-28 17:16:00+00:00,2026-07-25 23:28:00+00:00,2026-07-30 23:07:43+00:00,Lightning,High-confidence provisional,True,True,True,True,True
338273089,-1,53.6775,-91.5216,SLK_FIRE_038,77.5,LTG,L,1782666660000,1785022020000,GMT,BM,-1,MNP,-1,0,-1,-1,ON     ,1785452863000,-91.52160880830886,53.67750922958729,338273089,Point,2026-07-31T04:59:30.982399+00:00,https://ws.lioservices.lrc.gov.on.ca/arcgis1061a/rest/services/MNRF/Ontario_Fires_Map/MapServer/0/query,SLK_FIRE_038,ON,BM,,"Being Monitored (provisional, unconfirmed code)",Provisional,"Being Monitored (provisional, unconfirmed code)",True,LTG,L,MNP,Unmapped,77.5,53.6775,-91.5216,2026-06-28 17:11:00+00:00,2026-07-25 23:27:00+00:00,2026-07-30 23:07:43+00:00,Lightning,High-confidence provisional,True,True,True,True,True
338273105,-1,53.676300000000005,-92.67370000000001,RED_FIRE_020,10.0,LTG,L,1782664500000,1782824400000,GMT,BM,-1,MNP,-1,0,-1,-1,ON     ,1785452863000,-92.6737091822439,53.67630913230543,338273105,Point,2026-07-31T04:59:30.982399+00:00,https://ws.lioservices.lrc.gov.on.ca/arcgis1061a/rest/services/MNRF/Ontario_Fires_Map/MapServer/0/query,RED_FIRE_020,ON,BM,,"Being Monitored (provisional, unconfirmed code)",Provisional,"Being Monitored (provisional, unconfirmed code)",True,LTG,L,MNP,Unmapped,10.0,53.676300000000005,-92.67370000000001,2026-06-28 16:35:00+00:00,2026-06-30 13:00:00+00:00,2026-07-30 23:07:43+00:00,Lightning,High-confidence provisional,True,True,True,True,True
338273121,-1,51.132200000000005,-86.7763,NIP_FIRE_019,1.5,LTG,L,1782657900000,1783876020000,GMT,EX,-1,MON,-1,0,-1,-1,ON     ,1785452863000,-86.7763067284471,51.1322092938513,338273121,Point,2026-07-31T04:59:30.982399+00:00,https://ws.lioservices.lrc.gov.on.ca/arcgis1061a/rest/services/MNRF/Ontario_Fires_Map/MapServer/0/query,NIP_FIRE_019,ON,EX,Out (Extinguished),,Confirmed,Out (Extinguished),False,LTG,L,MON,Monitored Response,1.5,51.132200000000005,-86.7763,2026-06-28 14:45:00+00:00,2026-07-12 17:07:00+00:00,2026-07-30 23:07:43+00:00,Lightning,High-confidence provisional,True,True,True,True,True
338273137,-1,51.3716,-91.87140000000001,SLK_FIRE_037,0.1,LTG,L,1782656400000,1782738000000,GMT,EX,-1,FUL,-1,0,-1,-1,ON     ,1785452863000,-91.87140841424288,51.371608941676506,338273137,Point,2026-07-31T04:59:30.982399+00:00,https://ws.lioservices.lrc.gov.on.ca/arcgis1061a/rest/services/MNRF/Ontario_Fires_Map/MapServer/0/query,SLK_FIRE_037,ON,EX,Out (Extinguished),,Confirmed,Out (Extinguished),False,LTG,L,FUL,Full Response,0.1,51.3716,-91.87140000000001,2026-06-28 14:20:00+00:00,2026-06-29 13:00:00+00:00,2026-07-30 23:07:43+00:00,Lightning,High-confidence provisional,True,True,True,True,True
338273153,-1,51.782500000000006,-90.13170000000001,SLK_FIRE_036,2.2,LTG,L,1782617400000,1783256400000,GMT,EX,-1,FUL,-1,0,-1,-1,ON     ,1785452863000,-90.1317079443478,51.78250912707016,338273153,Point,2026-07-31T04:59:30.982399+00:00,https://ws.lioservices.lrc.gov.on.ca/arcgis1061a/rest/services/MNRF/Ontario_Fires_Map/MapServer/0/query,SLK_FIRE_036,ON,EX,Out (Extinguished),,Confirmed,Out (Extinguished),False,LTG,L,FUL,Full Response,2.2,51.782500000000006,-90.13170000000001,2026-06-28 03:30:00+00:00,2026-07-05 13:00:00+00:00,2026-07-30 23:07:43+00:00,Lightning,High-confidence provisional,True,True,True,True,True
338273169,-1,53.7785,-89.5762,SLK_FIRE_035,20.0,LTG,L,1782609180000,1783184400000,GMT,EX,-1,MNP,-1,0,-1,-1,ON     ,1785452863000,-89.57620818824833,53.77850939880465,338273169,Point,2026-07-31T04:59:30.982399+00:00,https://ws.lioservices.lrc.gov.on.ca/arcgis1061a/rest/services/MNRF/Ontario_Fires_Map/MapServer/0/query,SLK_FIRE_035,ON,EX,Out (Extinguished),,Confirmed,Out (Extinguished),False,LTG,L,MNP,Unmapped,20.0,53.7785,-89.5762,2026-06-28 01:13:00+00:00,2026-07-04 17:00:00+00:00,2026-07-30 23:07:43+00:00,Lightning,High-confidence provisional,True,True,True,True,True
338273185,-1,53.398700000000005,-91.5087,SLK_FIRE_034,17.5,LTG,L,1782606060000,1785189600000,GMT,EX,-1,MNP,-1,0,-1,-1,ON     ,1785452863000,-91.50870873892576,53.398709200613666,338273185,Point,2026-07-31T04:59:30.982399+00:00,https://ws.lioservices.lrc.gov.on.ca/arcgis1061a/rest/services/MNRF/Ontario_Fires_Map/MapServer/0/query,SLK_FIRE_034,ON,EX,Out (Extinguished),,Confirmed,Out (Extinguished),False,LTG,L,MNP,Unmapped,17.5,53.398700000000005,-91.5087,2026-06-28 00:21:00+00:00,2026-07-27 22:00:00+00:00,2026-07-30 23:07:43+00:00,Lightning,High-confidence provisional,True,True,True,True,True
338273201,-1,53.032000000000004,-91.754,SLK_FIRE_033,0.3,LTG,L,1782605040000,1785103500000,GMT,EX,-1,MON,-1,0,-1,-1,ON     ,1785452863000,-91.75400873430858,53.032009140310116,338273201,Point,2026-07-31T04:59:30.982399+00:00,https://ws.lioservices.lrc.gov.on.ca/arcgis1061a/rest/services/MNRF/Ontario_Fires_Map/MapServer/0/query,SLK_FIRE_033,ON,EX,Out (Extinguished),,Confirmed,Out (Extinguished),False,LTG,L,MON,Monitored Response,0.3,53.032000000000004,-91.754,2026-06-28 00:04:00+00:00,2026-07-26 22:05:00+00:00,2026-07-30 23:07:43+00:00,Lightning,High-confidence provisional,True,True,True,True,True
338273217,-1,53.1665,-91.7202,SLK_FIRE_032,20.0,LTG,L,1782604740000,1785189600000,GMT,EX,-1,MON,-1,0,-1,-1,ON     ,1785452863000,-91.72020875407183,53.166509157840586,338273217,Point,2026-07-31T04:59:30.982399+00:00,https://ws.lioservices.lrc.gov.on.ca/arcgis1061a/rest/services/MNRF/Ontario_Fires_Map/MapServer/0/query,SLK_FIRE_032,ON,EX,Out (Extinguished),,Confirmed,Out (Extinguished),False,LTG,L,MON,Monitored Response,20.0,53.1665,-91.7202,2026-06-27 23:59:00+00:00,2026-07-27 22:00:00+00:00,2026-07-30 23:07:43+00:00,Lightning,High-confidence provisional,True,True,True,True,True
338273233,-1,53.1864,-91.62360000000001,SLK_FIRE_031,15.0,LTG,L,1782604200000,1785189600000,GMT,EX,-1,MON,-1,0,-1,-1,ON     ,1785452863000,-91.62360872736208,53.186409167999116,338273233,Point,2026-07-31T04:59:30.982399+00:00,https://ws.lioservices.lrc.gov.on.ca/arcgis1061a/rest/services/MNRF/Ontario_Fires_Map/MapServer/0/query,SLK_FIRE_031,ON,EX,Out (Extinguished),,Confirmed,Out (Extinguished),False,LTG,L,MON,Monitored Response,15.0,53.1864,-91.62360000000001,2026-06-27 23:50:00+00:00,2026-07-27 22:00:00+00:00,2026-07-30 23:07:43+00:00,Lightning,High-confidence provisional,True,True,True,True,True
338273249,-1,51.7393,-88.78790000000001,NIP_FIRE_018,24541.7,LTG,L,1782604020000,1784813400000,GMT,BM,-1,MOD,-1,0,-1,-1,ON     ,1785452863000,-88.78790750034233,51.7393092240209,338273249,Point,2026-07-31T04:59:30.982399+00:00,https://ws.lioservices.lrc.gov.on.ca/arcgis1061a/rest/services/MNRF/Ontario_Fires_Map/MapServer/0/query,NIP_FIRE_018,ON,BM,,"Being Monitored (provisional, unconfirmed code)",Provisional,"Being Monitored (provisional, unconfirmed code)",True,LTG,L,MOD,Modified Response,24541.7,51.7393,-88.78790000000001,2026-06-27 23:47:00+00:00,2026-07-23 13:30:00+00:00,2026-07-30 23:07:43+00:00,Lightning,High-confidence provisional,True,True,True,True,True
338273265,-1,51.8549,-90.2184,SLK_FIRE_030,0.1,LTG,L,1782602100000,1783357980000,GMT,EX,-1,MON,-1,0,-1,-1,ON     ,1785452863000,-90.21840798686345,51.85490912894159,338273265,Point,2026-07-31T04:59:30.982399+00:00,https://ws.lioservices.lrc.gov.on.ca/arcgis1061a/rest/services/MNRF/Ontario_Fires_Map/MapServer/0/query,SLK_FIRE_030,ON,EX,Out (Extinguished),,Confirmed,Out (Extinguished),False,LTG,L,MON,Monitored Response,0.1,51.8549,-90.2184,2026-06-27 23:15:00+00:00,2026-07-06 17:13:00+00:00,2026-07-30 23:07:43+00:00,Lightning,High-confidence provisional,True,True,True,True,True
338273281,-1,52.8153,-89.8587,SLK_FIRE_029,153.0,LTG,L,1782602040000,1783463280000,GMT,BM,-1,MON,-1,0,-1,-1,ON     ,1785452863000,-89.85870806978201,52.815309268673744,338273281,Point,2026-07-31T04:59:30.982399+00:00,https://ws.lioservices.lrc.gov.on.ca/arcgis1061a/rest/services/MNRF/Ontario_Fires_Map/MapServer/0/query,SLK_FIRE_029,ON,BM,,"Being Monitored (provisional, unconfirmed code)",Provisional,"Being Monitored (provisional, unconfirmed code)",True,LTG,L,MON,Monitored Response,153.0,52.8153,-89.8587,2026-06-27 23:14:00+00:00,2026-07-07 22:28:00+00:00,2026-07-30 23:07:43+00:00,Lightning,High-confidence provisional,True,True,True,True,True
338273297,-1,53.0427,-91.18690000000001,SLK_FIRE_028,82.0,LTG,L,1782600720000,1783463220000,GMT,BM,-1,MON,-1,0,-1,-1,ON     ,1785452863000,-91.18690855318185,53.04270918800233,338273297,Point,2026-07-31T04:59:30.982399+00:00,https://ws.lioservices.lrc.gov.on.ca/arcgis1061a/rest/services/MNRF/Ontario_Fires_Map/MapServer/0/query,SLK_FIRE_028,ON,BM,,"Being Monitored (provisional, unconfirmed code)",Provisional,"Being Monitored (provisional, unconfirmed code)",True,LTG,L,MON,Monitored Response,82.0,53.0427,-91.18690000000001,2026-06-27 22:52:00+00:00,2026-07-07 22:27:00+00:00,2026-07-30 23:07:43+00:00,Lightning,High-confidence provisional,True,True,True,True,True
338273313,-1,51.829100000000004,-90.64240000000001,SLK_FIRE_027,10.0,LTG,L,1782600120000,1783110300000,GMT,BM,-1,MON,-1,0,-1,-1,ON     ,1785452863000,-90.64240811780307,51.82910909282724,338273313,Point,2026-07-31T04:59:30.982399+00:00,https://ws.lioservices.lrc.gov.on.ca/arcgis1061a/rest/services/MNRF/Ontario_Fires_Map/MapServer/0/query,SLK_FIRE_027,ON,BM,,"Being Monitored (provisional, unconfirmed code)",Provisional,"Being Monitored (provisional, unconfirmed code)",True,LTG,L,MON,Monitored Response,10.0,51.829100000000004,-90.64240000000001,2026-06-27 22:42:00+00:00,2026-07-03 20:25:00+00:00,2026-07-30 23:07:43+00:00,Lightning,High-confidence provisional,True,True,True,True,True
338273329,-1,53.4645,-88.85950000000001,NIP_FIRE_017,0.7000000000000001,LTG,L,1782600000000,1782858600000,GMT,EX,-1,FUL,-1,0,-1,-1,ON     ,1785452863000,-88.85950787853491,53.46450942020151,338273329,Point,2026-07-31T04:59:30.982399+00:00,https://ws.lioservices.lrc.gov.on.ca/arcgis1061a/rest/services/MNRF/Ontario_Fires_Map/MapServer/0/query,NIP_FIRE_017,ON,EX,Out (Extinguished),,Confirmed,Out (Extinguished),False,LTG,L,FUL,Full Response,0.7000000000000001,53.4645,-88.85950000000001,2026-06-27 22:40:00+00:00,2026-06-30 22:30:00+00:00,2026-07-30 23:07:43+00:00,Lightning,High-confidence provisional,True,True,True,True,True
338273345,-1,52.7119,-90.77130000000001,SLK_FIRE_026,12.0,LTG,L,1782599820000,1782655380000,GMT,BM,-1,MON,-1,0,-1,-1,ON     ,1785452863000,-90.77130834527219,52.71190918454124,338273345,Point,2026-07-31T04:59:30.982399+00:00,https://ws.lioservices.lrc.gov.on.ca/arcgis1061a/rest/services/MNRF/Ontario_Fires_Map/MapServer/0/query,SLK_FIRE_026,ON,BM,,"Being Monitored (provisional, unconfirmed code)",Provisional,"Being Monitored (provisional, unconfirmed code)",True,LTG,L,MON,Monitored Response,12.0,52.7119,-90.77130000000001,2026-06-27 22:37:00+00:00,2026-06-28 14:03:00+00:00,2026-07-30 23:07:43+00:00,Lightning,High-confidence provisional,True,True,True,True,True
338273361,-1,53.167,-90.462,SLK_FIRE_025,134.5,LTG,L,1782599760000,1783183020000,GMT,BM,-1,MON,-1,0,-1,-1,ON     ,1785452863000,-90.4620083443831,53.167009260436636,338273361,Point,2026-07-31T04:59:30.982399+00:00,https://ws.lioservices.lrc.gov.on.ca/arcgis1061a/rest/services/MNRF/Ontario_Fires_Map/MapServer/0/query,SLK_FIRE_025,ON,BM,,"Being Monitored (provisional, unconfirmed code)",Provisional,"Being Monitored (provisional, unconfirmed code)",True,LTG,L,MON,Monitored Response,134.5,53.167,-90.462,2026-06-27 22:36:00+00:00,2026-07-04 16:37:00+00:00,2026-07-30 23:07:43+00:00,Lightning,High-confidence provisional,True,True,True,True,True
338273377,-1,53.441700000000004,-88.5725,NIP_FIRE_016,1474.2,LTG,L,1782596040000,1783602000000,GMT,BH,-1,FUL,-1,0,-1,-1,ON     ,1785452863000,-88.57250777728797,53.44170943980033,338273377,Point,2026-07-31T04:59:30.982399+00:00,https://ws.lioservices.lrc.gov.on.ca/arcgis1061a/rest/services/MNRF/Ontario_Fires_Map/MapServer/0/query,NIP_FIRE_016,ON,BH,Being Held,,Confirmed,Being Held,True,LTG,L,FUL,Full Response,1474.2,53.441700000000004,-88.5725,2026-06-27 21:34:00+00:00,2026-07-09 13:00:00+00:00,2026-07-30 23:07:43+00:00,Lightning,High-confidence provisional,True,True,True,True,True
338273393,-1,53.6094,-88.7329,NIP_FIRE_015,0.1,LTG,L,1782595980000,1783605600000,GMT,EX,-1,FUL,-1,0,-1,-1,ON     ,1785452863000,-88.73290786768538,53.60940944626975,338273393,Point,2026-07-31T04:59:30.982399+00:00,https://ws.lioservices.lrc.gov.on.ca/arcgis1061a/rest/services/MNRF/Ontario_Fires_Map/MapServer/0/query,NIP_FIRE_015,ON,EX,Out (Extinguished),,Confirmed,Out (Extinguished),False,LTG,L,FUL,Full Response,0.1,53.6094,-88.7329,2026-06-27 21:33:00+00:00,2026-07-09 14:00:00+00:00,2026-07-30 23:07:43+00:00,Lightning,High-confidence provisional,True,True,True,True,True
338273409,-1,51.592800000000004,-90.56660000000001,SLK_FIRE_024,507.7,LTG,L,1782595920000,1783721880000,GMT,BM,-1,MOD,-1,0,-1,-1,ON     ,1785452863000,-90.56660804573285,51.592809070763124,338273409,Point,2026-07-31T04:59:30.982399+00:00,https://ws.lioservices.lrc.gov.on.ca/arcgis1061a/rest/services/MNRF/Ontario_Fires_Map/MapServer/0/query,SLK_FIRE_024,ON,BM,,"Being Monitored (provisional, unconfirmed code)",Provisional,"Being Monitored (provisional, unconfirmed code)",True,LTG,L,MOD,Modified Response,507.7,51.592800000000004,-90.56660000000001,2026-06-27 21:32:00+00:00,2026-07-10 22:18:00+00:00,2026-07-30 23:07:43+00:00,Lightning,High-confidence provisional,True,True,True,True,True
338273425,-1,53.5944,-88.82900000000001,NIP_FIRE_014,2.0,LTG,L,1782591720000,1783605600000,GMT,EX,-1,FUL,-1,0,-1,-1,ON     ,1785452863000,-88.82900789670241,53.594409437134146,338273425,Point,2026-07-31T04:59:30.982399+00:00,https://ws.lioservices.lrc.gov.on.ca/arcgis1061a/rest/services/MNRF/Ontario_Fires_Map/MapServer/0/query,NIP_FIRE_014,ON,EX,Out (Extinguished),,Confirmed,Out (Extinguished),False,LTG,L,FUL,Full Response,2.0,53.5944,-88.82900000000001,2026-06-27 20:22:00+00:00,2026-07-09 14:00:00+00:00,2026-07-30 23:07:43+00:00,Lightning,High-confidence provisional,True,True,True,True,True
338273441,-1,53.6445,-88.66470000000001,NIP_FIRE_013,500.40000000000003,LTG,L,1782590460000,1783780200000,GMT,BH,-1,FUL,-1,0,-1,-1,ON     ,1785452863000,-88.66470785242454,53.64450945547962,338273441,Point,2026-07-31T04:59:30.982399+00:00,https://ws.lioservices.lrc.gov.on.ca/arcgis1061a/rest/services/MNRF/Ontario_Fires_Map/MapServer/0/query,NIP_FIRE_013,ON,BH,Being Held,,Confirmed,Being Held,True,LTG,L,FUL,Full Response,500.40000000000003,53.6445,-88.66470000000001,2026-06-27 20:01:00+00:00,2026-07-11 14:30:00+00:00,2026-07-30 23:07:43+00:00,Lightning,High-confidence provisional,True,True,True,True,True
338273457,-1,51.9619,-91.7402,SLK_FIRE_023,5.0,LTG,L,1782587880000,1785103260000,GMT,EX,-1,MON,-1,0,-1,-1,ON     ,1785452863000,-91.74020849537546,51.96190902100321,338273457,Point,2026-07-31T04:59:30.982399+00:00,https://ws.lioservices.lrc.gov.on.ca/arcgis1061a/rest/services/MNRF/Ontario_Fires_Map/MapServer/0/query,SLK_FIRE_023,ON,EX,Out (Extinguished),,Confirmed,Out (Extinguished),False,LTG,L,MON,Monitored Response,5.0,51.9619,-91.7402,2026-06-27 19:18:00+00:00,2026-07-26 22:01:00+00:00,2026-07-30 23:07:43+00:00,Lightning,High-confidence provisional,True,True,True,True,True
338273473,-1,51.767500000000005,-92.108,SLK_FIRE_022,0.1,LTG,L,1782586680000,1784217600000,GMT,EX,-1,MON,-1,0,-1,-1,ON     ,1785452863000,-92.10800857062587,51.7675089688473,338273473,Point,2026-07-31T04:59:30.982399+00:00,https://ws.lioservices.lrc.gov.on.ca/arcgis1061a/rest/services/MNRF/Ontario_Fires_Map/MapServer/0/query,SLK_FIRE_022,ON,EX,Out (Extinguished),,Confirmed,Out (Extinguished),False,LTG,L,MON,Monitored Response,0.1,51.767500000000005,-92.108,2026-06-27 18:58:00+00:00,2026-07-16 16:00:00+00:00,2026-07-30 23:07:43+00:00,Lightning,High-confidence provisional,True,True,True,True,True
338273489,-1,51.6711,-92.5437,RED_FIRE_019,8683.0,LTG,L,1782584700000,1784218140000,GMT,BM,-1,MON,-1,0,-1,-1,ON     ,1785452863000,-92.54370868708041,51.671108922298224,338273489,Point,2026-07-31T04:59:30.982399+00:00,https://ws.lioservices.lrc.gov.on.ca/arcgis1061a/rest/services/MNRF/Ontario_Fires_Map/MapServer/0/query,RED_FIRE_019,ON,BM,,"Being Monitored (provisional, unconfirmed code)",Provisional,"Being Monitored (provisional, unconfirmed code)",True,LTG,L,MON,Monitored Response,8683.0,51.6711,-92.5437,2026-06-27 18:25:00+00:00,2026-07-16 16:09:00+00:00,2026-07-30 23:07:43+00:00,Lightning,High-confidence provisional,True,True,True,True,True
338273505,-1,54.0629,-92.7471,RED_FIRE_018,40.0,LTG,L,1782582420000,1782824400000,GMT,BM,-1,MNP,-1,0,-1,-1,ON     ,1785452863000,-92.74710930102688,54.06290916623399,338273505,Point,2026-07-31T04:59:30.982399+00:00,https://ws.lioservices.lrc.gov.on.ca/arcgis1061a/rest/services/MNRF/Ontario_Fires_Map/MapServer/0/query,RED_FIRE_018,ON,BM,,"Being Monitored (provisional, unconfirmed code)",Provisional,"Being Monitored (provisional, unconfirmed code)",True,LTG,L,MNP,Unmapped,40.0,54.0629,-92.7471,2026-06-27 17:47:00+00:00,2026-06-30 13:00:00+00:00,2026-07-30 23:07:43+00:00,Lightning,High-confidence provisional,True,True,True,True,True
338273521,-1,46.7336,-81.58970000000001,SUD_FIRE_012,0.1,HUM,H,1782580500000,1782601200000,GMT,EX,-1,FUL,-1,0,-1,-1,ON     ,1785452863000,-81.58970440311948,46.73360898740329,338273521,Point,2026-07-31T04:59:30.982399+00:00,https://ws.lioservices.lrc.gov.on.ca/arcgis1061a/rest/services/MNRF/Ontario_Fires_Map/MapServer/0/query,SUD_FIRE_012,ON,EX,Out (Extinguished),,Confirmed,Out (Extinguished),False,HUM,H,FUL,Full Response,0.1,46.7336,-81.58970000000001,2026-06-27 17:15:00+00:00,2026-06-27 23:00:00+00:00,2026-07-30 23:07:43+00:00,Unmapped,Requires review,True,True,True,True,True
338273537,-1,53.9823,-92.93050000000001,RED_FIRE_017,15.0,LTG,L,1782580200000,1782824400000,GMT,BM,-1,MNP,-1,0,-1,-1,ON     ,1785452863000,-92.9305093403623,53.98230914208499,338273537,Point,2026-07-31T04:59:30.982399+00:00,https://ws.lioservices.lrc.gov.on.ca/arcgis1061a/rest/services/MNRF/Ontario_Fires_Map/MapServer/0/query,RED_FIRE_017,ON,BM,,"Being Monitored (provisional, unconfirmed code)",Provisional,"Being Monitored (provisional, unconfirmed code)",True,LTG,L,MNP,Unmapped,15.0,53.9823,-92.93050000000001,2026-06-27 17:10:00+00:00,2026-06-30 13:00:00+00:00,2026-07-30 23:07:43+00:00,Lightning,High-confidence provisional,True,True,True,True,True
338273553,-1,53.658500000000004,-93.2488,RED_FIRE_016,591.0,LTG,L,1782579840000,1782824400000,GMT,BM,-1,MNP,-1,0,-1,-1,ON     ,1785452863000,-93.24880936280944,53.65850908099122,338273553,Point,2026-07-31T04:59:30.982399+00:00,https://ws.lioservices.lrc.gov.on.ca/arcgis1061a/rest/services/MNRF/Ontario_Fires_Map/MapServer/0/query,RED_FIRE_016,ON,BM,,"Being Monitored (provisional, unconfirmed code)",Provisional,"Being Monitored (provisional, unconfirmed code)",True,LTG,L,MNP,Unmapped,591.0,53.658500000000004,-93.2488,2026-06-27 17:04:00+00:00,2026-06-30 13:00:00+00:00,2026-07-30 23:07:43+00:00,Lightning,High-confidence provisional,True,True,True,True,True
338273569,-1,51.261900000000004,-92.8803,RED_FIRE_015,85.0,LTG,L,1782575520000,1783440000000,GMT,EX,-1,FUL,-1,0,-1,-1,ON     ,1785452863000,-92.88030870632446,51.261908847423896,338273569,Point,2026-07-31T04:59:30.982399+00:00,https://ws.lioservices.lrc.gov.on.ca/arcgis1061a/rest/services/MNRF/Ontario_Fires_Map/MapServer/0/query,RED_FIRE_015,ON,EX,Out (Extinguished),,Confirmed,Out (Extinguished),False,LTG,L,FUL,Full Response,85.0,51.261900000000004,-92.8803,2026-06-27 15:52:00+00:00,2026-07-07 16:00:00+00:00,2026-07-30 23:07:43+00:00,Lightning,High-confidence provisional,True,True,True,True,True
338273585,-1,51.5593,-94.0595,RED_FIRE_014,8.9,LTG,L,1782525480000,1782916200000,GMT,EX,-1,FUL,-1,0,-1,-1,ON     ,1785452863000,-94.05950913284154,51.55930878388198,338273585,Point,2026-07-31T04:59:30.982399+00:00,https://ws.lioservices.lrc.gov.on.ca/arcgis1061a/rest/services/MNRF/Ontario_Fires_Map/MapServer/0/query,RED_FIRE_014,ON,EX,Out (Extinguished),,Confirmed,Out (Extinguished),False,LTG,L,FUL,Full Response,8.9,51.5593,-94.0595,2026-06-27 01:58:00+00:00,2026-07-01 14:30:00+00:00,2026-07-30 23:07:43+00:00,Lightning,High-confidence provisional,True,True,True,True,True
338273601,-1,50.2569,-90.03330000000001,THU_FIRE_029,0.1,LTG,L,1782518040000,1782594000000,GMT,EX,-1,FUL,-1,0,-1,-1,ON     ,1785452863000,-90.03330762165233,50.25690894726656,338273601,Point,2026-07-31T04:59:30.982399+00:00,https://ws.lioservices.lrc.gov.on.ca/arcgis1061a/rest/services/MNRF/Ontario_Fires_Map/MapServer/0/query,THU_FIRE_029,ON,EX,Out (Extinguished),,Confirmed,Out (Extinguished),False,LTG,L,FUL,Full Response,0.1,50.2569,-90.03330000000001,2026-06-26 23:54:00+00:00,2026-06-27 21:00:00+00:00,2026-07-30 23:07:43+00:00,Lightning,High-confidence provisional,True,True,True,True,True
338273617,-1,52.810500000000005,-89.247,SLK_FIRE_021,444.0,LTG,L,1782515700000,1783721940000,GMT,BM,-1,MOD,-1,0,-1,-1,ON     ,1785452863000,-89.24700786740057,52.81050931577666,338273617,Point,2026-07-31T04:59:30.982399+00:00,https://ws.lioservices.lrc.gov.on.ca/arcgis1061a/rest/services/MNRF/Ontario_Fires_Map/MapServer/0/query,SLK_FIRE_021,ON,BM,,"Being Monitored (provisional, unconfirmed code)",Provisional,"Being Monitored (provisional, unconfirmed code)",True,LTG,L,MOD,Modified Response,444.0,52.810500000000005,-89.247,2026-06-26 23:15:00+00:00,2026-07-10 22:19:00+00:00,2026-07-30 23:07:43+00:00,Lightning,High-confidence provisional,True,True,True,True,True
338273633,-1,50.4686,-90.846,SLK_FIRE_020,49.0,LTG,L,1782515580000,1783530000000,GMT,EX,-1,FUL,-1,0,-1,-1,ON     ,1785452863000,-90.84600791607551,50.468608912490296,338273633,Point,2026-07-31T04:59:30.982399+00:00,https://ws.lioservices.lrc.gov.on.ca/arcgis1061a/rest/services/MNRF/Ontario_Fires_Map/MapServer/0/query,SLK_FIRE_020,ON,EX,Out (Extinguished),,Confirmed,Out (Extinguished),False,LTG,L,FUL,Full Response,49.0,50.4686,-90.846,2026-06-26 23:13:00+00:00,2026-07-08 17:00:00+00:00,2026-07-30 23:07:43+00:00,Lightning,High-confidence provisional,True,True,True,True,True
338273649,-1,50.4628,-90.869,SLK_FIRE_019,0.1,LTG,L,1782515340000,1782738000000,GMT,EX,-1,FUL,-1,0,-1,-1,ON     ,1785452863000,-90.8690079221936,50.46280891001319,338273649,Point,2026-07-31T04:59:30.982399+00:00,https://ws.lioservices.lrc.gov.on.ca/arcgis1061a/rest/services/MNRF/Ontario_Fires_Map/MapServer/0/query,SLK_FIRE_019,ON,EX,Out (Extinguished),,Confirmed,Out (Extinguished),False,LTG,L,FUL,Full Response,0.1,50.4628,-90.869,2026-06-26 23:09:00+00:00,2026-06-29 13:00:00+00:00,2026-07-30 23:07:43+00:00,Lightning,High-confidence provisional,True,True,True,True,True
338273665,-1,52.463,-92.8255,RED_FIRE_013,1.0,LTG,L,1782514800000,1782666000000,GMT,EX,-1,FUL,-1,0,-1,-1,ON     ,1785452863000,-92.82550894790224,52.46300898850282,338273665,Point,2026-07-31T04:59:30.982399+00:00,https://ws.lioservices.lrc.gov.on.ca/arcgis1061a/rest/services/MNRF/Ontario_Fires_Map/MapServer/0/query,RED_FIRE_013,ON,EX,Out (Extinguished),,Confirmed,Out (Extinguished),False,LTG,L,FUL,Full Response,1.0,52.463,-92.8255,2026-06-26 23:00:00+00:00,2026-06-28 17:00:00+00:00,2026-07-30 23:07:43+00:00,Lightning,High-confidence provisional,True,True,True,True,True
338273681,-1,51.2425,-91.8187,SLK_FIRE_018,1.5,LTG,L,1782513480000,1782752400000,GMT,EX,-1,FUL,-1,0,-1,-1,ON     ,1785452863000,-91.8187083715244,51.24250893061057,338273681,Point,2026-07-31T04:59:30.982399+00:00,https://ws.lioservices.lrc.gov.on.ca/arcgis1061a/rest/services/MNRF/Ontario_Fires_Map/MapServer/0/query,SLK_FIRE_018,ON,EX,Out (Extinguished),,Confirmed,Out (Extinguished),False,LTG,L,FUL,Full Response,1.5,51.2425,-91.8187,2026-06-26 22:38:00+00:00,2026-06-29 17:00:00+00:00,2026-07-30 23:07:43+00:00,Lightning,High-confidence provisional,True,True,True,True,True
338273697,-1,50.529,-91.7054,SLK_FIRE_017,1.6,LTG,L,1782513360000,1782687600000,GMT,EX,-1,FUL,-1,0,-1,-1,ON     ,1785452863000,-91.70540819567624,50.529008853584614,338273697,Point,2026-07-31T04:59:30.982399+00:00,https://ws.lioservices.lrc.gov.on.ca/arcgis1061a/rest/services/MNRF/Ontario_Fires_Map/MapServer/0/query,SLK_FIRE_017,ON,EX,Out (Extinguished),,Confirmed,Out (Extinguished),False,LTG,L,FUL,Full Response,1.6,50.529,-91.7054,2026-06-26 22:36:00+00:00,2026-06-28 23:00:00+00:00,2026-07-30 23:07:43+00:00,Lightning,High-confidence provisional,True,True,True,True,True
338273713,-1,49.7229,-93.07130000000001,DRY_FIRE_019,0.1,HUM,H,1782511500000,1782591600000,GMT,EX,-1,FUL,-1,0,-1,-1,ON     ,1785452863000,-93.07130846128057,49.72290864722132,338273713,Point,2026-07-31T04:59:30.982399+00:00,https://ws.lioservices.lrc.gov.on.ca/arcgis1061a/rest/services/MNRF/Ontario_Fires_Map/MapServer/0/query,DRY_FIRE_019,ON,EX,Out (Extinguished),,Confirmed,Out (Extinguished),False,HUM,H,FUL,Full Response,0.1,49.7229,-93.07130000000001,2026-06-26 22:05:00+00:00,2026-06-27 20:20:00+00:00,2026-07-30 23:07:43+00:00,Unmapped,Requires review,True,True,True,True,True
338273729,-1,51.298300000000005,-91.3109,SLK_FIRE_016,0.2,LTG,L,1782508620000,1782594000000,GMT,EX,-1,FUL,-1,0,-1,-1,ON     ,1785452863000,-91.31090822303558,51.29830897741916,338273729,Point,2026-07-31T04:59:30.982399+00:00,https://ws.lioservices.lrc.gov.on.ca/arcgis1061a/rest/services/MNRF/Ontario_Fires_Map/MapServer/0/query,SLK_FIRE_016,ON,EX,Out (Extinguished),,Confirmed,Out (Extinguished),False,LTG,L,FUL,Full Response,0.2,51.298300000000005,-91.3109,2026-06-26 21:17:00+00:00,2026-06-27 21:00:00+00:00,2026-07-30 23:07:43+00:00,Lightning,High-confidence provisional,True,True,True,True,True
338273745,-1,51.325,-91.3545,SLK_FIRE_015,0.1,LTG,L,1782508260000,1782675000000,GMT,EX,-1,FUL,-1,0,-1,-1,ON     ,1785452863000,-91.3545082421455,51.32500897716628,338273745,Point,2026-07-31T04:59:30.982399+00:00,https://ws.lioservices.lrc.gov.on.ca/arcgis1061a/rest/services/MNRF/Ontario_Fires_Map/MapServer/0/query,SLK_FIRE_015,ON,EX,Out (Extinguished),,Confirmed,Out (Extinguished),False,LTG,L,FUL,Full Response,0.1,51.325,-91.3545,2026-06-26 21:11:00+00:00,2026-06-28 19:30:00+00:00,2026-07-30 23:07:43+00:00,Lightning,High-confidence provisional,True,True,True,True,True
338273761,-1,49.0773,-89.8519,THU_FIRE_028,1.0,HUM,H,1782508260000,1782680400000,GMT,EX,-1,FUL,-1,0,-1,-1,ON     ,1785452863000,-89.85190735946283,49.07730880757573,338273761,Point,2026-07-31T04:59:30.982399+00:00,https://ws.lioservices.lrc.gov.on.ca/arcgis1061a/rest/services/MNRF/Ontario_Fires_Map/MapServer/0/query,THU_FIRE_028,ON,EX,Out (Extinguished),,Confirmed,Out (Extinguished),False,HUM,H,FUL,Full Response,1.0,49.0773,-89.8519,2026-06-26 21:11:00+00:00,2026-06-28 21:00:00+00:00,2026-07-30 23:07:43+00:00,Unmapped,Requires review,True,True,True,True,True
338273777,-1,51.3941,-91.3405,SLK_FIRE_014,0.2,LTG,L,1782507900000,1782576000000,GMT,EX,-1,FUL,-1,0,-1,-1,ON     ,1785452863000,-91.34050825162984,51.39410898648468,338273777,Point,2026-07-31T04:59:30.982399+00:00,https://ws.lioservices.lrc.gov.on.ca/arcgis1061a/rest/services/MNRF/Ontario_Fires_Map/MapServer/0/query,SLK_FIRE_014,ON,EX,Out (Extinguished),,Confirmed,Out (Extinguished),False,LTG,L,FUL,Full Response,0.2,51.3941,-91.3405,2026-06-26 21:05:00+00:00,2026-06-27 16:00:00+00:00,2026-07-30 23:07:43+00:00,Lightning,High-confidence provisional,True,True,True,True,True
338273793,-1,51.6013,-90.1885,SLK_FIRE_013,0.2,LTG,L,1782507660000,1782819000000,GMT,EX,-1,FUL,-1,0,-1,-1,ON     ,1785452863000,-90.1885079263738,51.60130910107107,338273793,Point,2026-07-31T04:59:30.982399+00:00,https://ws.lioservices.lrc.gov.on.ca/arcgis1061a/rest/services/MNRF/Ontario_Fires_Map/MapServer/0/query,SLK_FIRE_013,ON,EX,Out (Extinguished),,Confirmed,Out (Extinguished),False,LTG,L,FUL,Full Response,0.2,51.6013,-90.1885,2026-06-26 21:01:00+00:00,2026-06-30 11:30:00+00:00,2026-07-30 23:07:43+00:00,Lightning,High-confidence provisional,True,True,True,True,True
338273809,-1,51.4249,-91.35810000000001,SLK_FIRE_012,0.1,LTG,L,1782507600000,1782568080000,GMT,EX,-1,FUL,-1,0,-1,-1,ON     ,1785452863000,-91.35810826340825,51.42490898874859,338273809,Point,2026-07-31T04:59:30.982399+00:00,https://ws.lioservices.lrc.gov.on.ca/arcgis1061a/rest/services/MNRF/Ontario_Fires_Map/MapServer/0/query,SLK_FIRE_012,ON,EX,Out (Extinguished),,Confirmed,Out (Extinguished),False,LTG,L,FUL,Full Response,0.1,51.4249,-91.35810000000001,2026-06-26 21:00:00+00:00,2026-06-27 13:48:00+00:00,2026-07-30 23:07:43+00:00,Lightning,High-confidence provisional,True,True,True,True,True
338273825,-1,51.574600000000004,-89.9624,SLK_FIRE_011,24.3,LTG,L,1782507000000,1783558800000,GMT,EX,-1,FUL,-1,0,-1,-1,ON     ,1785452863000,-89.96240784847022,51.57460911525361,338273825,Point,2026-07-31T04:59:30.982399+00:00,https://ws.lioservices.lrc.gov.on.ca/arcgis1061a/rest/services/MNRF/Ontario_Fires_Map/MapServer/0/query,SLK_FIRE_011,ON,EX,Out (Extinguished),,Confirmed,Out (Extinguished),False,LTG,L,FUL,Full Response,24.3,51.574600000000004,-89.9624,2026-06-26 20:50:00+00:00,2026-07-09 01:00:00+00:00,2026-07-30 23:07:43+00:00,Lightning,High-confidence provisional,True,True,True,True,True
338273841,-1,51.6107,-89.5657,SLK_FIRE_010,1.3,LTG,L,1782506160000,1783096200000,GMT,EX,-1,FUL,-1,0,-1,-1,ON     ,1785452863000,-89.56570772774373,51.61070914987306,338273841,Point,2026-07-31T04:59:30.982399+00:00,https://ws.lioservices.lrc.gov.on.ca/arcgis1061a/rest/services/MNRF/Ontario_Fires_Map/MapServer/0/query,SLK_FIRE_010,ON,EX,Out (Extinguished),,Confirmed,Out (Extinguished),False,LTG,L,FUL,Full Response,1.3,51.6107,-89.5657,2026-06-26 20:36:00+00:00,2026-07-03 16:30:00+00:00,2026-07-30 23:07:43+00:00,Lightning,High-confidence provisional,True,True,True,True,True
338273857,-1,51.1584,-90.88990000000001,SLK_FIRE_009,58.0,LTG,L,1782505740000,1783778400000,GMT,EX,-1,FUL,-1,0,-1,-1,ON     ,1785452863000,-90.88990806228367,51.1584089935519,338273857,Point,2026-07-31T04:59:30.982399+00:00,https://ws.lioservices.lrc.gov.on.ca/arcgis1061a/rest/services/MNRF/Ontario_Fires_Map/MapServer/0/query,SLK_FIRE_009,ON,EX,Out (Extinguished),,Confirmed,Out (Extinguished),False,LTG,L,FUL,Full Response,58.0,51.1584,-90.88990000000001,2026-06-26 20:29:00+00:00,2026-07-11 14:00:00+00:00,2026-07-30 23:07:43+00:00,Lightning,High-confidence provisional,True,True,True,True,True
338273873,-1,51.615500000000004,-89.5723,SLK_FIRE_008,2.5,LTG,L,1782505560000,1783096200000,GMT,EX,-1,FUL,-1,0,-1,-1,ON     ,1785452863000,-89.5723077308162,51.61550914995078,338273873,Point,2026-07-31T04:59:30.982399+00:00,https://ws.lioservices.lrc.gov.on.ca/arcgis1061a/rest/services/MNRF/Ontario_Fires_Map/MapServer/0/query,SLK_FIRE_008,ON,EX,Out (Extinguished),,Confirmed,Out (Extinguished),False,LTG,L,FUL,Full Response,2.5,51.615500000000004,-89.5723,2026-06-26 20:26:00+00:00,2026-07-03 16:30:00+00:00,2026-07-30 23:07:43+00:00,Lightning,High-confidence provisional,True,True,True,True,True
338273889,-1,51.3436,-89.5266,SLK_FIRE_007,0.5,LTG,L,1782505200000,1784222100000,GMT,EX,-1,FUL,-1,0,-1,-1,ON     ,1785452863000,-89.52660766328239,51.343609120413056,338273889,Point,2026-07-31T04:59:30.982399+00:00,https://ws.lioservices.lrc.gov.on.ca/arcgis1061a/rest/services/MNRF/Ontario_Fires_Map/MapServer/0/query,SLK_FIRE_007,ON,EX,Out (Extinguished),,Confirmed,Out (Extinguished),False,LTG,L,FUL,Full Response,0.5,51.3436,-89.5266,2026-06-26 20:20:00+00:00,2026-07-16 17:15:00+00:00,2026-07-30 23:07:43+00:00,Lightning,High-confidence provisional,True,True,True,True,True
338273905,-1,52.703,-94.4762,RED_FIRE_012,30.0,LTG,L,1782504240000,1782685500000,GMT,BM,-1,MON,-1,0,-1,-1,ON     ,1785452863000,-94.4762095201332,52.7030088737234,338273905,Point,2026-07-31T04:59:30.982399+00:00,https://ws.lioservices.lrc.gov.on.ca/arcgis1061a/rest/services/MNRF/Ontario_Fires_Map/MapServer/0/query,RED_FIRE_012,ON,BM,,"Being Monitored (provisional, unconfirmed code)",Provisional,"Being Monitored (provisional, unconfirmed code)",True,LTG,L,MON,Monitored Response,30.0,52.703,-94.4762,2026-06-26 20:04:00+00:00,2026-06-28 22:25:00+00:00,2026-07-30 23:07:43+00:00,Lightning,High-confidence provisional,True,True,True,True,True
338273921,-1,51.362,-89.7069,SLK_FIRE_006,0.1,LTG,L,1782503880000,1784222100000,GMT,EX,-1,FUL,-1,0,-1,-1,ON     ,1785452863000,-89.70690772480818,51.36200910901957,338273921,Point,2026-07-31T04:59:30.982399+00:00,https://ws.lioservices.lrc.gov.on.ca/arcgis1061a/rest/services/MNRF/Ontario_Fires_Map/MapServer/0/query,SLK_FIRE_006,ON,EX,Out (Extinguished),,Confirmed,Out (Extinguished),False,LTG,L,FUL,Full Response,0.1,51.362,-89.7069,2026-06-26 19:58:00+00:00,2026-07-16 17:15:00+00:00,2026-07-30 23:07:43+00:00,Lightning,High-confidence provisional,True,True,True,True,True
338273937,-1,51.805400000000006,-94.82770000000001,RED_FIRE_011,3.6,LTG,L,1782503400000,1782752400000,GMT,EX,-1,FUL,-1,0,-1,-1,ON     ,1785452863000,-94.82770942201356,51.805408745979236,338273937,Point,2026-07-31T04:59:30.982399+00:00,https://ws.lioservices.lrc.gov.on.ca/arcgis1061a/rest/services/MNRF/Ontario_Fires_Map/MapServer/0/query,RED_FIRE_011,ON,EX,Out (Extinguished),,Confirmed,Out (Extinguished),False,LTG,L,FUL,Full Response,3.6,51.805400000000006,-94.82770000000001,2026-06-26 19:50:00+00:00,2026-06-29 17:00:00+00:00,2026-07-30 23:07:43+00:00,Lightning,High-confidence provisional,True,True,True,True,True
338273953,-1,51.3787,-89.7245,SLK_FIRE_005,38305.700000000004,LTG,L,1782503280000,1784388960000,GMT,BM,-1,MON,-1,0,-1,-1,ON     ,1785452863000,-89.72450773369626,51.3787091097159,338273953,Point,2026-07-31T04:59:30.982399+00:00,https://ws.lioservices.lrc.gov.on.ca/arcgis1061a/rest/services/MNRF/Ontario_Fires_Map/MapServer/0/query,SLK_FIRE_005,ON,BM,,"Being Monitored (provisional, unconfirmed code)",Provisional,"Being Monitored (provisional, unconfirmed code)",True,LTG,L,MON,Monitored Response,38305.700000000004,51.3787,-89.7245,2026-06-26 19:48:00+00:00,2026-07-18 15:36:00+00:00,2026-07-30 23:07:43+00:00,Lightning,High-confidence provisional,True,True,True,True,True
338273969,-1,50.7783,-90.1821,SLK_FIRE_004,0.3,LTG,L,1782495420000,1782565200000,GMT,EX,-1,FUL,-1,0,-1,-1,ON     ,1785452863000,-90.18210776504118,50.77830900137211,338273969,Point,2026-07-31T04:59:30.982399+00:00,https://ws.lioservices.lrc.gov.on.ca/arcgis1061a/rest/services/MNRF/Ontario_Fires_Map/MapServer/0/query,SLK_FIRE_004,ON,EX,Out (Extinguished),,Confirmed,Out (Extinguished),False,LTG,L,FUL,Full Response,0.3,50.7783,-90.1821,2026-06-26 17:37:00+00:00,2026-06-27 13:00:00+00:00,2026-07-30 23:07:43+00:00,Lightning,High-confidence provisional,True,True,True,True,True
338273985,-1,50.3417,-94.69460000000001,KEN_FIRE_016,0.1,LTG,L,1782426840000,1782435600000,GMT,EX,-1,MOD,-1,0,-1,-1,ON     ,1785452863000,-94.69460907018899,50.34170859052275,338273985,Point,2026-07-31T04:59:30.982399+00:00,https://ws.lioservices.lrc.gov.on.ca/arcgis1061a/rest/services/MNRF/Ontario_Fires_Map/MapServer/0/query,KEN_FIRE_016,ON,EX,Out (Extinguished),,Confirmed,Out (Extinguished),False,LTG,L,MOD,Modified Response,0.1,50.3417,-94.69460000000001,2026-06-25 22:34:00+00:00,2026-06-26 01:00:00+00:00,2026-07-30 23:07:43+00:00,Lightning,High-confidence provisional,True,True,True,True,True
338274001,-1,52.363600000000005,-94.7116,RED_FIRE_010,1.0,LTG,L,1782425100000,1782577020000,GMT,BM,-1,MON,-1,0,-1,-1,ON     ,1785452863000,-94.71160951357118,52.36360881686889,338274001,Point,2026-07-31T04:59:30.982399+00:00,https://ws.lioservices.lrc.gov.on.ca/arcgis1061a/rest/services/MNRF/Ontario_Fires_Map/MapServer/0/query,RED_FIRE_010,ON,BM,,"Being Monitored (provisional, unconfirmed code)",Provisional,"Being Monitored (provisional, unconfirmed code)",True,LTG,L,MON,Monitored Response,1.0,52.363600000000005,-94.7116,2026-06-25 22:05:00+00:00,2026-06-27 16:17:00+00:00,2026-07-30 23:07:43+00:00,Lightning,High-confidence provisional,True,True,True,True,True
338274017,-1,52.3615,-94.66600000000001,RED_FIRE_009,177.20000000000002,LTG,L,1782424620000,1784757300000,GMT,BM,-1,MON,-1,0,-1,-1,ON     ,1785452863000,-94.66600949903243,52.361508820601934,338274017,Point,2026-07-31T04:59:30.982399+00:00,https://ws.lioservices.lrc.gov.on.ca/arcgis1061a/rest/services/MNRF/Ontario_Fires_Map/MapServer/0/query,RED_FIRE_009,ON,BM,,"Being Monitored (provisional, unconfirmed code)",Provisional,"Being Monitored (provisional, unconfirmed code)",True,LTG,L,MON,Monitored Response,177.20000000000002,52.3615,-94.66600000000001,2026-06-25 21:57:00+00:00,2026-07-22 21:55:00+00:00,2026-07-30 23:07:43+00:00,Lightning,High-confidence provisional,True,True,True,True,True
338274033,-1,53.5811,-88.93570000000001,NIP_FIRE_012,2119.0,LTG,L,1782423720000,1783688400000,GMT,BH,-1,FUL,-1,0,-1,-1,ON     ,1785452863000,-88.93570792960571,53.581109427347705,338274033,Point,2026-07-31T04:59:30.982399+00:00,https://ws.lioservices.lrc.gov.on.ca/arcgis1061a/rest/services/MNRF/Ontario_Fires_Map/MapServer/0/query,NIP_FIRE_012,ON,BH,Being Held,,Confirmed,Being Held,True,LTG,L,FUL,Full Response,2119.0,53.5811,-88.93570000000001,2026-06-25 21:42:00+00:00,2026-07-10 13:00:00+00:00,2026-07-30 23:07:43+00:00,Lightning,High-confidence provisional,True,True,True,True,True
338274049,-1,50.0233,-88.05040000000001,NIP_FIRE_011,0.5,LTG,L,1782421080000,1782606720000,GMT,EX,-1,FUL,-1,0,-1,-1,ON     ,1785452863000,-88.05040695042784,50.02330906097406,338274049,Point,2026-07-31T04:59:30.982399+00:00,https://ws.lioservices.lrc.gov.on.ca/arcgis1061a/rest/services/MNRF/Ontario_Fires_Map/MapServer/0/query,NIP_FIRE_011,ON,EX,Out (Extinguished),,Confirmed,Out (Extinguished),False,LTG,L,FUL,Full Response,0.5,50.0233,-88.05040000000001,2026-06-25 20:58:00+00:00,2026-06-28 00:32:00+00:00,2026-07-30 23:07:43+00:00,Lightning,High-confidence provisional,True,True,True,True,True
338274065,-1,52.140100000000004,-94.4093,RED_FIRE_008,0.7000000000000001,LTG,L,1782419280000,1782583380000,GMT,EX,-1,FUL,-1,0,-1,-1,ON     ,1785452863000,-94.40930936916641,52.140108818708946,338274065,Point,2026-07-31T04:59:30.982399+00:00,https://ws.lioservices.lrc.gov.on.ca/arcgis1061a/rest/services/MNRF/Ontario_Fires_Map/MapServer/0/query,RED_FIRE_008,ON,EX,Out (Extinguished),,Confirmed,Out (Extinguished),False,LTG,L,FUL,Full Response,0.7000000000000001,52.140100000000004,-94.4093,2026-06-25 20:28:00+00:00,2026-06-27 18:03:00+00:00,2026-07-30 23:07:43+00:00,Lightning,High-confidence provisional,True,True,True,True,True
338274081,-1,52.6231,-94.0466,RED_FIRE_007,0.2,HUM,H,1782341160000,1782392400000,GMT,EX,-1,FUL,-1,0,-1,-1,ON     ,1785452863000,-94.04660936768094,52.623108902369836,338274081,Point,2026-07-31T04:59:30.982399+00:00,https://ws.lioservices.lrc.gov.on.ca/arcgis1061a/rest/services/MNRF/Ontario_Fires_Map/MapServer/0/query,RED_FIRE_007,ON,EX,Out (Extinguished),,Confirmed,Out (Extinguished),False,HUM,H,FUL,Full Response,0.2,52.6231,-94.0466,2026-06-24 22:46:00+00:00,2026-06-25 13:00:00+00:00,2026-07-30 23:07:43+00:00,Unmapped,Requires review,True,True,True,True,True
338274097,-1,50.1007,-86.3844,NIP_FIRE_010,0.1,LTG,L,1782336600000,1782394200000,GMT,EX,-1,FUL,-1,0,-1,-1,ON     ,1785452863000,-86.38440642495047,50.10070918621934,338274097,Point,2026-07-31T04:59:30.982399+00:00,https://ws.lioservices.lrc.gov.on.ca/arcgis1061a/rest/services/MNRF/Ontario_Fires_Map/MapServer/0/query,NIP_FIRE_010,ON,EX,Out (Extinguished),,Confirmed,Out (Extinguished),False,LTG,L,FUL,Full Response,0.1,50.1007,-86.3844,2026-06-24 21:30:00+00:00,2026-06-25 13:30:00+00:00,2026-07-30 23:07:43+00:00,Lightning,High-confidence provisional,True,True,True,True,True
338274113,-1,48.552800000000005,-89.6448,THU_FIRE_027,0.1,HUM,H,1782240180000,1782307800000,GMT,EX,-1,FUL,-1,0,-1,-1,ON     ,1785452863000,-89.6448072092671,48.55280875197576,338274113,Point,2026-07-31T04:59:30.982399+00:00,https://ws.lioservices.lrc.gov.on.ca/arcgis1061a/rest/services/MNRF/Ontario_Fires_Map/MapServer/0/query,THU_FIRE_027,ON,EX,Out (Extinguished),,Confirmed,Out (Extinguished),False,HUM,H,FUL,Full Response,0.1,48.552800000000005,-89.6448,2026-06-23 18:43:00+00:00,2026-06-24 13:30:00+00:00,2026-07-30 23:07:43+00:00,Unmapped,Requires review,True,True,True,True,True
338274129,-1,48.2768,-91.3078,FOR_FIRE_013,25279.0,LTG,L,1781982540000,1784498580000,GMT,BM,-1,MOD,-1,0,-1,-1,ON     ,1785452863000,-91.30780767345186,48.27680859497379,338274129,Point,2026-07-31T04:59:30.982399+00:00,https://ws.lioservices.lrc.gov.on.ca/arcgis1061a/rest/services/MNRF/Ontario_Fires_Map/MapServer/0/query,FOR_FIRE_013,ON,BM,,"Being Monitored (provisional, unconfirmed code)",Provisional,"Being Monitored (provisional, unconfirmed code)",True,LTG,L,MOD,Modified Response,25279.0,48.2768,-91.3078,2026-06-20 19:09:00+00:00,2026-07-19 22:03:00+00:00,2026-07-30 23:07:43+00:00,Lightning,High-confidence provisional,True,True,True,True,True
338274145,-1,46.1597,-81.053,SUD_FIRE_011,0.1,HUM,H,1781646900000,1781712000000,GMT,EX,-1,FUL,-1,0,-1,-1,ON     ,1785452863000,-81.05300416534992,46.15970892460773,338274145,Point,2026-07-31T04:59:30.982399+00:00,https://ws.lioservices.lrc.gov.on.ca/arcgis1061a/rest/services/MNRF/Ontario_Fires_Map/MapServer/0/query,SUD_FIRE_011,ON,EX,Out (Extinguished),,Confirmed,Out (Extinguished),False,HUM,H,FUL,Full Response,0.1,46.1597,-81.053,2026-06-16 21:55:00+00:00,2026-06-17 16:00:00+00:00,2026-07-30 23:07:43+00:00,Unmapped,Requires review,True,True,True,True,True
338274161,-1,48.522000000000006,-89.02040000000001,THU_FIRE_026,0.2,HUM,H,1781552100000,1781565000000,GMT,EX,-1,FUL,-1,0,-1,-1,ON     ,1785452863000,-89.02040701064661,48.52200879166719,338274161,Point,2026-07-31T04:59:30.982399+00:00,https://ws.lioservices.lrc.gov.on.ca/arcgis1061a/rest/services/MNRF/Ontario_Fires_Map/MapServer/0/query,THU_FIRE_026,ON,EX,Out (Extinguished),,Confirmed,Out (Extinguished),False,HUM,H,FUL,Full Response,0.2,48.522000000000006,-89.02040000000001,2026-06-15 19:35:00+00:00,2026-06-15 23:10:00+00:00,2026-07-30 23:07:43+00:00,Unmapped,Requires review,True,True,True,True,True
338274177,-1,48.1657,-91.3383,FOR_FIRE_012,0.1,LTG,L,1781551320000,1784140140000,GMT,EX,-1,MON,-1,0,-1,-1,ON     ,1785452863000,-91.33830766449647,48.16570857782924,338274177,Point,2026-07-31T04:59:30.982399+00:00,https://ws.lioservices.lrc.gov.on.ca/arcgis1061a/rest/services/MNRF/Ontario_Fires_Map/MapServer/0/query,FOR_FIRE_012,ON,EX,Out (Extinguished),,Confirmed,Out (Extinguished),False,LTG,L,MON,Monitored Response,0.1,48.1657,-91.3383,2026-06-15 19:22:00+00:00,2026-07-15 18:29:00+00:00,2026-07-30 23:07:43+00:00,Lightning,High-confidence provisional,True,True,True,True,True
338274193,-1,47.765800000000006,-83.37310000000001,CHA_FIRE_007,0.6,HUM,H,1781385720000,1781452800000,GMT,EX,-1,FUL,-1,0,-1,-1,ON     ,1785452863000,-83.37310510686284,47.76580904549263,338274193,Point,2026-07-31T04:59:30.982399+00:00,https://ws.lioservices.lrc.gov.on.ca/arcgis1061a/rest/services/MNRF/Ontario_Fires_Map/MapServer/0/query,CHA_FIRE_007,ON,EX,Out (Extinguished),,Confirmed,Out (Extinguished),False,HUM,H,FUL,Full Response,0.6,47.765800000000006,-83.37310000000001,2026-06-13 21:22:00+00:00,2026-06-14 16:00:00+00:00,2026-07-30 23:07:43+00:00,Unmapped,Requires review,True,True,True,True,True
338274209,-1,48.5233,-89.5158,THU_FIRE_025,0.1,HUM,H,1781192700000,1781195400000,GMT,EX,-1,FUL,-1,0,-1,-1,ON     ,1785452863000,-89.51580716461632,48.52330875708977,338274209,Point,2026-07-31T04:59:30.982399+00:00,https://ws.lioservices.lrc.gov.on.ca/arcgis1061a/rest/services/MNRF/Ontario_Fires_Map/MapServer/0/query,THU_FIRE_025,ON,EX,Out (Extinguished),,Confirmed,Out (Extinguished),False,HUM,H,FUL,Full Response,0.1,48.5233,-89.5158,2026-06-11 15:45:00+00:00,2026-06-11 16:30:00+00:00,2026-07-30 23:07:43+00:00,Unmapped,Requires review,True,True,True,True,True
338274225,-1,46.714200000000005,-84.34320000000001,CHA_FIRE_006,0.1,HUM,H,1781137980000,1781212140000,GMT,EX,-1,FUL,-1,0,-1,-1,ON     ,1785452863000,-84.3432052851343,46.714208829168406,338274225,Point,2026-07-31T04:59:30.982399+00:00,https://ws.lioservices.lrc.gov.on.ca/arcgis1061a/rest/services/MNRF/Ontario_Fires_Map/MapServer/0/query,CHA_FIRE_006,ON,EX,Out (Extinguished),,Confirmed,Out (Extinguished),False,HUM,H,FUL,Full Response,0.1,46.714200000000005,-84.34320000000001,2026-06-11 00:33:00+00:00,2026-06-11 21:09:00+00:00,2026-07-30 23:07:43+00:00,Unmapped,Requires review,True,True,True,True,True
338274241,-1,50.2215,-87.6088,NIP_FIRE_009,4.7,HUM,H,1781131620000,1781707920000,GMT,EX,-1,FUL,-1,0,-1,-1,ON     ,1785452863000,-87.60880684211763,50.22150911796625,338274241,Point,2026-07-31T04:59:30.982399+00:00,https://ws.lioservices.lrc.gov.on.ca/arcgis1061a/rest/services/MNRF/Ontario_Fires_Map/MapServer/0/query,NIP_FIRE_009,ON,EX,Out (Extinguished),,Confirmed,Out (Extinguished),False,HUM,H,FUL,Full Response,4.7,50.2215,-87.6088,2026-06-10 22:47:00+00:00,2026-06-17 14:52:00+00:00,2026-07-30 23:07:43+00:00,Unmapped,Requires review,True,True,True,True,True
338274257,-1,48.936600000000006,-90.4156,THU_FIRE_024,0.8,LTG,L,1781031900000,1781294400000,GMT,EX,-1,FUL,-1,0,-1,-1,ON     ,1785452863000,-90.41560751037575,48.936608748042914,338274257,Point,2026-07-31T04:59:30.982399+00:00,https://ws.lioservices.lrc.gov.on.ca/arcgis1061a/rest/services/MNRF/Ontario_Fires_Map/MapServer/0/query,THU_FIRE_024,ON,EX,Out (Extinguished),,Confirmed,Out (Extinguished),False,LTG,L,FUL,Full Response,0.8,48.936600000000006,-90.4156,2026-06-09 19:05:00+00:00,2026-06-12 20:00:00+00:00,2026-07-30 23:07:43+00:00,Lightning,High-confidence provisional,True,True,True,True,True
338274273,-1,54.493300000000005,-91.3665,SLK_FIRE_003,25.0,LTG,L,1781031120000,1781098440000,GMT,BM,-1,MON,-1,0,-1,-1,ON     ,1785452863000,-91.36650895483015,54.49330932834608,338274273,Point,2026-07-31T04:59:30.982399+00:00,https://ws.lioservices.lrc.gov.on.ca/arcgis1061a/rest/services/MNRF/Ontario_Fires_Map/MapServer/0/query,SLK_FIRE_003,ON,BM,,"Being Monitored (provisional, unconfirmed code)",Provisional,"Being Monitored (provisional, unconfirmed code)",True,LTG,L,MON,Monitored Response,25.0,54.493300000000005,-91.3665,2026-06-09 18:52:00+00:00,2026-06-10 13:34:00+00:00,2026-07-30 23:07:43+00:00,Lightning,High-confidence provisional,True,True,True,True,True
338274289,-1,55.5315,-88.1636,COC_FIRE_007,30.0,LTG,L,1781027880000,1781027940000,GMT,BM,-1,MON,-1,0,-1,-1,ON     ,1785452863000,-88.16360811893209,55.5315096972923,338274289,Point,2026-07-31T04:59:30.982399+00:00,https://ws.lioservices.lrc.gov.on.ca/arcgis1061a/rest/services/MNRF/Ontario_Fires_Map/MapServer/0/query,COC_FIRE_007,ON,BM,,"Being Monitored (provisional, unconfirmed code)",Provisional,"Being Monitored (provisional, unconfirmed code)",True,LTG,L,MON,Monitored Response,30.0,55.5315,-88.1636,2026-06-09 17:58:00+00:00,2026-06-09 17:59:00+00:00,2026-07-30 23:07:43+00:00,Lightning,High-confidence provisional,True,True,True,True,True
338274305,-1,47.967800000000004,-81.94380000000001,TIM_FIRE_013,1.7,HUM,H,1780952820000,1781194320000,GMT,EX,-1,FUL,-1,0,-1,-1,ON     ,1785452863000,-81.9438046660499,47.96780915787108,338274305,Point,2026-07-31T04:59:30.982399+00:00,https://ws.lioservices.lrc.gov.on.ca/arcgis1061a/rest/services/MNRF/Ontario_Fires_Map/MapServer/0/query,TIM_FIRE_013,ON,EX,Out (Extinguished),,Confirmed,Out (Extinguished),False,HUM,H,FUL,Full Response,1.7,47.967800000000004,-81.94380000000001,2026-06-08 21:07:00+00:00,2026-06-11 16:12:00+00:00,2026-07-30 23:07:43+00:00,Unmapped,Requires review,True,True,True,True,True
338274321,-1,46.759,-84.36070000000001,CHA_FIRE_005,0.1,HUM,H,1780936320000,1781030700000,GMT,EX,-1,FUL,-1,0,-1,-1,ON     ,1785452863000,-84.36070529626608,46.759008835011855,338274321,Point,2026-07-31T04:59:30.982399+00:00,https://ws.lioservices.lrc.gov.on.ca/arcgis1061a/rest/services/MNRF/Ontario_Fires_Map/MapServer/0/query,CHA_FIRE_005,ON,EX,Out (Extinguished),,Confirmed,Out (Extinguished),False,HUM,H,FUL,Full Response,0.1,46.759,-84.36070000000001,2026-06-08 16:32:00+00:00,2026-06-09 18:45:00+00:00,2026-07-30 23:07:43+00:00,Unmapped,Requires review,True,True,True,True,True
338274337,-1,48.030300000000004,-81.9817,TIM_FIRE_012,0.5,HUM,H,1780866120000,1781044200000,GMT,EX,-1,FUL,-1,0,-1,-1,ON     ,1785452863000,-81.9817046863171,48.03030916513433,338274337,Point,2026-07-31T04:59:30.982399+00:00,https://ws.lioservices.lrc.gov.on.ca/arcgis1061a/rest/services/MNRF/Ontario_Fires_Map/MapServer/0/query,TIM_FIRE_012,ON,EX,Out (Extinguished),,Confirmed,Out (Extinguished),False,HUM,H,FUL,Full Response,0.5,48.030300000000004,-81.9817,2026-06-07 21:02:00+00:00,2026-06-09 22:30:00+00:00,2026-07-30 23:07:43+00:00,Unmapped,Requires review,True,True,True,True,True
338274353,-1,46.3667,-81.7072,SUD_FIRE_010,0.2,HUM,H,1780865880000,1780941600000,GMT,EX,-1,FUL,-1,0,-1,-1,ON     ,1785452863000,-81.7072043996487,46.36670892304794,338274353,Point,2026-07-31T04:59:30.982399+00:00,https://ws.lioservices.lrc.gov.on.ca/arcgis1061a/rest/services/MNRF/Ontario_Fires_Map/MapServer/0/query,SUD_FIRE_010,ON,EX,Out (Extinguished),,Confirmed,Out (Extinguished),False,HUM,H,FUL,Full Response,0.2,46.3667,-81.7072,2026-06-07 20:58:00+00:00,2026-06-08 18:00:00+00:00,2026-07-30 23:07:43+00:00,Unmapped,Requires review,True,True,True,True,True
338274369,-1,48.4089,-91.63170000000001,FOR_FIRE_011,4.0,LTG,L,1780783680000,1784995200000,GMT,EX,-1,FUL,-1,0,-1,-1,ON     ,1785452863000,-91.63170779331806,48.408908588766245,338274369,Point,2026-07-31T04:59:30.982399+00:00,https://ws.lioservices.lrc.gov.on.ca/arcgis1061a/rest/services/MNRF/Ontario_Fires_Map/MapServer/0/query,FOR_FIRE_011,ON,EX,Out (Extinguished),,Confirmed,Out (Extinguished),False,LTG,L,FUL,Full Response,4.0,48.4089,-91.63170000000001,2026-06-06 22:08:00+00:00,2026-07-25 16:00:00+00:00,2026-07-30 23:07:43+00:00,Lightning,High-confidence provisional,True,True,True,True,True
338274385,-1,48.3577,-92.4646,FOR_FIRE_010,0.1,LTG,L,1780781100000,1780794000000,GMT,EX,-1,FUL,-1,0,-1,-1,ON     ,1785452863000,-92.46460803521626,48.35770851986641,338274385,Point,2026-07-31T04:59:30.982399+00:00,https://ws.lioservices.lrc.gov.on.ca/arcgis1061a/rest/services/MNRF/Ontario_Fires_Map/MapServer/0/query,FOR_FIRE_010,ON,EX,Out (Extinguished),,Confirmed,Out (Extinguished),False,LTG,L,FUL,Full Response,0.1,48.3577,-92.4646,2026-06-06 21:25:00+00:00,2026-06-07 01:00:00+00:00,2026-07-30 23:07:43+00:00,Lightning,High-confidence provisional,True,True,True,True,True
338274401,-1,49.806000000000004,-94.02120000000001,KEN_FIRE_015,0.5,HUM,H,1780697700000,1780783200000,GMT,EX,-1,FUL,-1,0,-1,-1,ON     ,1785452863000,-94.02120876291129,49.8060085816029,338274401,Point,2026-07-31T04:59:30.982399+00:00,https://ws.lioservices.lrc.gov.on.ca/arcgis1061a/rest/services/MNRF/Ontario_Fires_Map/MapServer/0/query,KEN_FIRE_015,ON,EX,Out (Extinguished),,Confirmed,Out (Extinguished),False,HUM,H,FUL,Full Response,0.5,49.806000000000004,-94.02120000000001,2026-06-05 22:15:00+00:00,2026-06-06 22:00:00+00:00,2026-07-30 23:07:43+00:00,Unmapped,Requires review,True,True,True,True,True
338274417,-1,49.4337,-92.63380000000001,DRY_FIRE_018,1.1,LTG,L,1780614780000,1780706940000,GMT,EX,-1,FUL,-1,0,-1,-1,ON     ,1785452863000,-92.6338082753541,49.43370864537015,338274417,Point,2026-07-31T04:59:30.982399+00:00,https://ws.lioservices.lrc.gov.on.ca/arcgis1061a/rest/services/MNRF/Ontario_Fires_Map/MapServer/0/query,DRY_FIRE_018,ON,EX,Out (Extinguished),,Confirmed,Out (Extinguished),False,LTG,L,FUL,Full Response,1.1,49.4337,-92.63380000000001,2026-06-04 23:13:00+00:00,2026-06-06 00:49:00+00:00,2026-07-30 23:07:43+00:00,Lightning,High-confidence provisional,True,True,True,True,True
338274433,-1,48.917100000000005,-80.1572,COC_FIRE_006,0.3,HUM,H,1780542240000,1780594200000,GMT,EX,-1,FUL,-1,0,-1,-1,ON     ,1785452863000,-80.15720419019891,48.9171093981271,338274433,Point,2026-07-31T04:59:30.982399+00:00,https://ws.lioservices.lrc.gov.on.ca/arcgis1061a/rest/services/MNRF/Ontario_Fires_Map/MapServer/0/query,COC_FIRE_006,ON,EX,Out (Extinguished),,Confirmed,Out (Extinguished),False,HUM,H,FUL,Full Response,0.3,48.917100000000005,-80.1572,2026-06-04 03:04:00+00:00,2026-06-04 17:30:00+00:00,2026-07-30 23:07:43+00:00,Unmapped,Requires review,True,True,True,True,True
338274449,-1,46.6445,-81.5728,SUD_FIRE_008,14.200000000000001,HUM,H,1780525860000,1781208000000,GMT,EX,-1,FUL,-1,0,-1,-1,ON     ,1785452863000,-81.57280438749325,46.64450897427723,338274449,Point,2026-07-31T04:59:30.982399+00:00,https://ws.lioservices.lrc.gov.on.ca/arcgis1061a/rest/services/MNRF/Ontario_Fires_Map/MapServer/0/query,SUD_FIRE_008,ON,EX,Out (Extinguished),,Confirmed,Out (Extinguished),False,HUM,H,FUL,Full Response,14.200000000000001,46.6445,-81.5728,2026-06-03 22:31:00+00:00,2026-06-11 20:00:00+00:00,2026-07-30 23:07:43+00:00,Unmapped,Requires review,True,True,True,True,True
338274465,-1,46.1542,-80.5266,SUD_FIRE_009,0.2,HUM,H,1780525440000,1780619100000,GMT,EX,-1,FUL,-1,0,-1,-1,ON     ,1785452863000,-80.5266039940834,46.15420895100893,338274465,Point,2026-07-31T04:59:30.982399+00:00,https://ws.lioservices.lrc.gov.on.ca/arcgis1061a/rest/services/MNRF/Ontario_Fires_Map/MapServer/0/query,SUD_FIRE_009,ON,EX,Out (Extinguished),,Confirmed,Out (Extinguished),False,HUM,H,FUL,Full Response,0.2,46.1542,-80.5266,2026-06-03 22:24:00+00:00,2026-06-05 00:25:00+00:00,2026-07-30 23:07:43+00:00,Unmapped,Requires review,True,True,True,True,True
338274481,-1,45.5768,-78.7086,HAL_FIRE_020,0.1,HUM,H,1780516020000,1780528800000,GMT,EX,-1,FUL,-1,0,-1,-1,ON     ,1785452863000,-78.70860334342268,45.57680894609931,338274481,Point,2026-07-31T04:59:30.982399+00:00,https://ws.lioservices.lrc.gov.on.ca/arcgis1061a/rest/services/MNRF/Ontario_Fires_Map/MapServer/0/query,HAL_FIRE_020,ON,EX,Out (Extinguished),,Confirmed,Out (Extinguished),False,HUM,H,FUL,Full Response,0.1,45.5768,-78.7086,2026-06-03 19:47:00+00:00,2026-06-03 23:20:00+00:00,2026-07-30 23:07:43+00:00,Unmapped,Requires review,True,True,True,True,True
338274497,-1,48.152,-79.66550000000001,TIM_FIRE_011,4.3,HUM,H,1780511340000,1780874700000,GMT,EX,-1,FUL,-1,0,-1,-1,ON     ,1785452863000,-79.66550393298827,48.15200930938639,338274497,Point,2026-07-31T04:59:30.982399+00:00,https://ws.lioservices.lrc.gov.on.ca/arcgis1061a/rest/services/MNRF/Ontario_Fires_Map/MapServer/0/query,TIM_FIRE_011,ON,EX,Out (Extinguished),,Confirmed,Out (Extinguished),False,HUM,H,FUL,Full Response,4.3,48.152,-79.66550000000001,2026-06-03 18:29:00+00:00,2026-06-07 23:25:00+00:00,2026-07-30 23:07:43+00:00,Unmapped,Requires review,True,True,True,True,True
338274513,-1,49.9703,-86.4895,NIP_FIRE_008,69.3,HUM,H,1780506660000,1781724600000,GMT,EX,-1,FUL,-1,0,-1,-1,ON     ,1785452863000,-86.48950643791909,49.97030916169831,338274513,Point,2026-07-31T04:59:30.982399+00:00,https://ws.lioservices.lrc.gov.on.ca/arcgis1061a/rest/services/MNRF/Ontario_Fires_Map/MapServer/0/query,NIP_FIRE_008,ON,EX,Out (Extinguished),,Confirmed,Out (Extinguished),False,HUM,H,FUL,Full Response,69.3,49.9703,-86.4895,2026-06-03 17:11:00+00:00,2026-06-17 19:30:00+00:00,2026-07-30 23:07:43+00:00,Unmapped,Requires review,True,True,True,True,True
338274529,-1,46.185700000000004,-78.9166,NOR_FIRE_014,0.4,HUM,H,1780503780000,1780518000000,GMT,EX,-1,FUL,-1,0,-1,-1,ON     ,1785452863000,-78.91660347153635,46.18570903661778,338274529,Point,2026-07-31T04:59:30.982399+00:00,https://ws.lioservices.lrc.gov.on.ca/arcgis1061a/rest/services/MNRF/Ontario_Fires_Map/MapServer/0/query,NOR_FIRE_014,ON,EX,Out (Extinguished),,Confirmed,Out (Extinguished),False,HUM,H,FUL,Full Response,0.4,46.185700000000004,-78.9166,2026-06-03 16:23:00+00:00,2026-06-03 20:20:00+00:00,2026-07-30 23:07:43+00:00,Unmapped,Requires review,True,True,True,True,True
338274545,-1,47.002500000000005,-81.1616,SUD_FIRE_007,0.1,HUM,H,1780496640000,1780520400000,GMT,EX,-1,FUL,-1,0,-1,-1,ON     ,1785452863000,-81.16160429451061,47.002509052619274,338274545,Point,2026-07-31T04:59:30.982399+00:00,https://ws.lioservices.lrc.gov.on.ca/arcgis1061a/rest/services/MNRF/Ontario_Fires_Map/MapServer/0/query,SUD_FIRE_007,ON,EX,Out (Extinguished),,Confirmed,Out (Extinguished),False,HUM,H,FUL,Full Response,0.1,47.002500000000005,-81.1616,2026-06-03 14:24:00+00:00,2026-06-03 21:00:00+00:00,2026-07-30 23:07:43+00:00,Unmapped,Requires review,True,True,True,True,True
338274561,-1,48.662400000000005,-90.3596,THU_FIRE_023,2.4,HUM,H,1780443780000,1780677000000,GMT,EX,-1,FUL,-1,0,-1,-1,ON     ,1785452863000,-90.35960744753349,48.66240871559206,338274561,Point,2026-07-31T04:59:30.982399+00:00,https://ws.lioservices.lrc.gov.on.ca/arcgis1061a/rest/services/MNRF/Ontario_Fires_Map/MapServer/0/query,THU_FIRE_023,ON,EX,Out (Extinguished),,Confirmed,Out (Extinguished),False,HUM,H,FUL,Full Response,2.4,48.662400000000005,-90.3596,2026-06-02 23:43:00+00:00,2026-06-05 16:30:00+00:00,2026-07-30 23:07:43+00:00,Unmapped,Requires review,True,True,True,True,True
338274577,-1,54.979800000000004,-85.46180000000001,COC_FIRE_005,135.0,HUM,H,1780440480000,1781269200000,GMT,EX,-1,FUL,-1,0,-1,-1,ON     ,1785452863000,-85.46180703702684,54.97980984374623,338274577,Point,2026-07-31T04:59:30.982399+00:00,https://ws.lioservices.lrc.gov.on.ca/arcgis1061a/rest/services/MNRF/Ontario_Fires_Map/MapServer/0/query,COC_FIRE_005,ON,EX,Out (Extinguished),,Confirmed,Out (Extinguished),False,HUM,H,FUL,Full Response,135.0,54.979800000000004,-85.46180000000001,2026-06-02 22:48:00+00:00,2026-06-12 13:00:00+00:00,2026-07-30 23:07:43+00:00,Unmapped,Requires review,True,True,True,True,True
338274593,-1,52.9502,-91.2859,SLK_FIRE_002,0.3,HUM,H,1780432980000,1780774200000,GMT,EX,-1,FUL,-1,0,-1,-1,ON     ,1785452863000,-91.2859085645765,52.95020916967253,338274593,Point,2026-07-31T04:59:30.982399+00:00,https://ws.lioservices.lrc.gov.on.ca/arcgis1061a/rest/services/MNRF/Ontario_Fires_Map/MapServer/0/query,SLK_FIRE_002,ON,EX,Out (Extinguished),,Confirmed,Out (Extinguished),False,HUM,H,FUL,Full Response,0.3,52.9502,-91.2859,2026-06-02 20:43:00+00:00,2026-06-06 19:30:00+00:00,2026-07-30 23:07:43+00:00,Unmapped,Requires review,True,True,True,True,True
338274609,-1,48.411300000000004,-89.5376,THU_FIRE_022,0.1,HUM,H,1780432080000,1780441200000,GMT,EX,-1,FUL,-1,0,-1,-1,ON     ,1785452863000,-89.53760715350485,48.41130874028303,338274609,Point,2026-07-31T04:59:30.982399+00:00,https://ws.lioservices.lrc.gov.on.ca/arcgis1061a/rest/services/MNRF/Ontario_Fires_Map/MapServer/0/query,THU_FIRE_022,ON,EX,Out (Extinguished),,Confirmed,Out (Extinguished),False,HUM,H,FUL,Full Response,0.1,48.411300000000004,-89.5376,2026-06-02 20:28:00+00:00,2026-06-02 23:00:00+00:00,2026-07-30 23:07:43+00:00,Unmapped,Requires review,True,True,True,True,True
338274625,-1,49.7299,-95.0446,KEN_FIRE_014,2.7,HUM,H,1780428780000,1780682400000,GMT,EX,-1,FUL,-1,0,-1,-1,ON     ,1785452863000,-95.04460905240312,49.729908489047624,338274625,Point,2026-07-31T04:59:30.982399+00:00,https://ws.lioservices.lrc.gov.on.ca/arcgis1061a/rest/services/MNRF/Ontario_Fires_Map/MapServer/0/query,KEN_FIRE_014,ON,EX,Out (Extinguished),,Confirmed,Out (Extinguished),False,HUM,H,FUL,Full Response,2.7,49.7299,-95.0446,2026-06-02 19:33:00+00:00,2026-06-05 18:00:00+00:00,2026-07-30 23:07:43+00:00,Unmapped,Requires review,True,True,True,True,True
338274641,-1,47.898500000000006,-81.9195,TIM_FIRE_010,1.5,HUM,H,1780425840000,1780683300000,GMT,EX,-1,FUL,-1,0,-1,-1,ON     ,1785452863000,-81.91950464945,47.898509148789714,338274641,Point,2026-07-31T04:59:30.982399+00:00,https://ws.lioservices.lrc.gov.on.ca/arcgis1061a/rest/services/MNRF/Ontario_Fires_Map/MapServer/0/query,TIM_FIRE_010,ON,EX,Out (Extinguished),,Confirmed,Out (Extinguished),False,HUM,H,FUL,Full Response,1.5,47.898500000000006,-81.9195,2026-06-02 18:44:00+00:00,2026-06-05 18:15:00+00:00,2026-07-30 23:07:43+00:00,Unmapped,Requires review,True,True,True,True,True
338274657,-1,49.6987,-86.32730000000001,WAW_FIRE_003,6.0,HUM,H,1780409280000,1780763100000,GMT,EX,-1,FUL,-1,0,-1,-1,ON     ,1785452863000,-86.32730634166684,49.69870913601621,338274657,Point,2026-07-31T04:59:30.982399+00:00,https://ws.lioservices.lrc.gov.on.ca/arcgis1061a/rest/services/MNRF/Ontario_Fires_Map/MapServer/0/query,WAW_FIRE_003,ON,EX,Out (Extinguished),,Confirmed,Out (Extinguished),False,HUM,H,FUL,Full Response,6.0,49.6987,-86.32730000000001,2026-06-02 14:08:00+00:00,2026-06-06 16:25:00+00:00,2026-07-30 23:07:43+00:00,Unmapped,Requires review,True,True,True,True,True
338274673,-1,50.2505,-89.8061,THU_FIRE_021,0.1,HUM,H,1780358220000,1780536540000,GMT,EX,-1,FUL,-1,0,-1,-1,ON     ,1785452863000,-89.80610754881627,50.25050896334095,338274673,Point,2026-07-31T04:59:30.982399+00:00,https://ws.lioservices.lrc.gov.on.ca/arcgis1061a/rest/services/MNRF/Ontario_Fires_Map/MapServer/0/query,THU_FIRE_021,ON,EX,Out (Extinguished),,Confirmed,Out (Extinguished),False,HUM,H,FUL,Full Response,0.1,50.2505,-89.8061,2026-06-01 23:57:00+00:00,2026-06-04 01:29:00+00:00,2026-07-30 23:07:43+00:00,Unmapped,Requires review,True,True,True,True,True
338274689,-1,49.8616,-92.9599,DRY_FIRE_017,0.2,HUM,H,1780355220000,1780414200000,GMT,EX,-1,FUL,-1,0,-1,-1,ON     ,1785452863000,-92.9599084536634,49.86160867313757,338274689,Point,2026-07-31T04:59:30.982399+00:00,https://ws.lioservices.lrc.gov.on.ca/arcgis1061a/rest/services/MNRF/Ontario_Fires_Map/MapServer/0/query,DRY_FIRE_017,ON,EX,Out (Extinguished),,Confirmed,Out (Extinguished),False,HUM,H,FUL,Full Response,0.2,49.8616,-92.9599,2026-06-01 23:07:00+00:00,2026-06-02 15:30:00+00:00,2026-07-30 23:07:43+00:00,Unmapped,Requires review,True,True,True,True,True
338274705,-1,49.715,-94.5292,KEN_FIRE_013,0.5,HUM,H,1780354560000,1780421400000,GMT,EX,-1,FUL,-1,0,-1,-1,ON     ,1785452863000,-94.52920889684474,49.71500852941918,338274705,Point,2026-07-31T04:59:30.982399+00:00,https://ws.lioservices.lrc.gov.on.ca/arcgis1061a/rest/services/MNRF/Ontario_Fires_Map/MapServer/0/query,KEN_FIRE_013,ON,EX,Out (Extinguished),,Confirmed,Out (Extinguished),False,HUM,H,FUL,Full Response,0.5,49.715,-94.5292,2026-06-01 22:56:00+00:00,2026-06-02 17:30:00+00:00,2026-07-30 23:07:43+00:00,Unmapped,Requires review,True,True,True,True,True
338274721,-1,50.2466,-89.855,DRY_FIRE_016,0.1,HUM,H,1780353720000,1780508220000,GMT,EX,-1,FUL,-1,0,-1,-1,ON     ,1785452863000,-89.85500756355351,50.24660895921949,338274721,Point,2026-07-31T04:59:30.982399+00:00,https://ws.lioservices.lrc.gov.on.ca/arcgis1061a/rest/services/MNRF/Ontario_Fires_Map/MapServer/0/query,DRY_FIRE_016,ON,EX,Out (Extinguished),,Confirmed,Out (Extinguished),False,HUM,H,FUL,Full Response,0.1,50.2466,-89.855,2026-06-01 22:42:00+00:00,2026-06-03 17:37:00+00:00,2026-07-30 23:07:43+00:00,Unmapped,Requires review,True,True,True,True,True
338274737,-1,50.261,-89.77430000000001,THU_FIRE_020,0.1,HUM,H,1780350420000,1780517940000,GMT,EX,-1,FUL,-1,0,-1,-1,ON     ,1785452863000,-89.7743075406626,50.261008967031124,338274737,Point,2026-07-31T04:59:30.982399+00:00,https://ws.lioservices.lrc.gov.on.ca/arcgis1061a/rest/services/MNRF/Ontario_Fires_Map/MapServer/0/query,THU_FIRE_020,ON,EX,Out (Extinguished),,Confirmed,Out (Extinguished),False,HUM,H,FUL,Full Response,0.1,50.261,-89.77430000000001,2026-06-01 21:47:00+00:00,2026-06-03 20:19:00+00:00,2026-07-30 23:07:43+00:00,Unmapped,Requires review,True,True,True,True,True
338274753,-1,50.289,-89.4945,THU_FIRE_019,1.3,HUM,H,1780350360000,1780599600000,GMT,EX,-1,FUL,-1,0,-1,-1,ON     ,1785452863000,-89.494507457135,50.28900899125406,338274753,Point,2026-07-31T04:59:30.982399+00:00,https://ws.lioservices.lrc.gov.on.ca/arcgis1061a/rest/services/MNRF/Ontario_Fires_Map/MapServer/0/query,THU_FIRE_019,ON,EX,Out (Extinguished),,Confirmed,Out (Extinguished),False,HUM,H,FUL,Full Response,1.3,50.289,-89.4945,2026-06-01 21:46:00+00:00,2026-06-04 19:00:00+00:00,2026-07-30 23:07:43+00:00,Unmapped,Requires review,True,True,True,True,True
338274769,-1,48.5399,-89.61250000000001,THU_FIRE_018,0.1,HUM,H,1780347840000,1780422060000,GMT,EX,-1,FUL,-1,0,-1,-1,ON     ,1785452863000,-89.61250719720326,48.53990875251178,338274769,Point,2026-07-31T04:59:30.982399+00:00,https://ws.lioservices.lrc.gov.on.ca/arcgis1061a/rest/services/MNRF/Ontario_Fires_Map/MapServer/0/query,THU_FIRE_018,ON,EX,Out (Extinguished),,Confirmed,Out (Extinguished),False,HUM,H,FUL,Full Response,0.1,48.5399,-89.61250000000001,2026-06-01 21:04:00+00:00,2026-06-02 17:41:00+00:00,2026-07-30 23:07:43+00:00,Unmapped,Requires review,True,True,True,True,True
338274785,-1,46.0719,-80.56020000000001,SUD_FIRE_006,0.2,HUM,H,1780346340000,1780416600000,GMT,EX,-1,FUL,-1,0,-1,-1,ON     ,1785452863000,-80.56020399625244,46.0719089359666,338274785,Point,2026-07-31T04:59:30.982399+00:00,https://ws.lioservices.lrc.gov.on.ca/arcgis1061a/rest/services/MNRF/Ontario_Fires_Map/MapServer/0/query,SUD_FIRE_006,ON,EX,Out (Extinguished),,Confirmed,Out (Extinguished),False,HUM,H,FUL,Full Response,0.2,46.0719,-80.56020000000001,2026-06-01 20:39:00+00:00,2026-06-02 16:10:00+00:00,2026-07-30 23:07:43+00:00,Unmapped,Requires review,True,True,True,True,True
338274801,-1,52.189,-94.13,RED_FIRE_006,235.0,LTG,L,1780345500000,1783288500000,GMT,EX,-1,MDP,-1,0,-1,-1,ON     ,1785452863000,-94.13000929399311,52.18900884800176,338274801,Point,2026-07-31T04:59:30.982399+00:00,https://ws.lioservices.lrc.gov.on.ca/arcgis1061a/rest/services/MNRF/Ontario_Fires_Map/MapServer/0/query,RED_FIRE_006,ON,EX,Out (Extinguished),,Confirmed,Out (Extinguished),False,LTG,L,MDP,Unmapped,235.0,52.189,-94.13,2026-06-01 20:25:00+00:00,2026-07-05 21:55:00+00:00,2026-07-30 23:07:43+00:00,Lightning,High-confidence provisional,True,True,True,True,True
338274817,-1,46.2166,-82.3957,SUD_FIRE_005,0.5,HUM,H,1780345020000,1780421400000,GMT,EX,-1,FUL,-1,0,-1,-1,ON     ,1785452863000,-82.39570460429896,46.21660886187983,338274817,Point,2026-07-31T04:59:30.982399+00:00,https://ws.lioservices.lrc.gov.on.ca/arcgis1061a/rest/services/MNRF/Ontario_Fires_Map/MapServer/0/query,SUD_FIRE_005,ON,EX,Out (Extinguished),,Confirmed,Out (Extinguished),False,HUM,H,FUL,Full Response,0.5,46.2166,-82.3957,2026-06-01 20:17:00+00:00,2026-06-02 17:30:00+00:00,2026-07-30 23:07:43+00:00,Unmapped,Requires review,True,True,True,True,True
338274833,-1,50.0317,-92.9406,DRY_FIRE_015,0.1,HUM,H,1780323540000,1780326000000,GMT,EX,-1,FUL,-1,0,-1,-1,ON     ,1785452863000,-92.94060848012509,50.03170869555712,338274833,Point,2026-07-31T04:59:30.982399+00:00,https://ws.lioservices.lrc.gov.on.ca/arcgis1061a/rest/services/MNRF/Ontario_Fires_Map/MapServer/0/query,DRY_FIRE_015,ON,EX,Out (Extinguished),,Confirmed,Out (Extinguished),False,HUM,H,FUL,Full Response,0.1,50.0317,-92.9406,2026-06-01 14:19:00+00:00,2026-06-01 15:00:00+00:00,2026-07-30 23:07:43+00:00,Unmapped,Requires review,True,True,True,True,True
338274849,-1,46.7025,-84.5707,CHA_FIRE_004,0.1,HUM,H,1780275060000,1780340400000,GMT,EX,-1,FUL,-1,0,-1,-1,ON     ,1785452863000,-84.5707053558786,46.70250881396962,338274849,Point,2026-07-31T04:59:30.982399+00:00,https://ws.lioservices.lrc.gov.on.ca/arcgis1061a/rest/services/MNRF/Ontario_Fires_Map/MapServer/0/query,CHA_FIRE_004,ON,EX,Out (Extinguished),,Confirmed,Out (Extinguished),False,HUM,H,FUL,Full Response,0.1,46.7025,-84.5707,2026-06-01 00:51:00+00:00,2026-06-01 19:00:00+00:00,2026-07-30 23:07:43+00:00,Unmapped,Requires review,True,True,True,True,True
338274865,-1,46.4981,-79.01870000000001,NOR_FIRE_013,0.1,HUM,H,1780270380000,1780275300000,GMT,EX,-1,FUL,-1,0,-1,-1,ON     ,1785452863000,-79.01870353693683,46.498109082407666,338274865,Point,2026-07-31T04:59:30.982399+00:00,https://ws.lioservices.lrc.gov.on.ca/arcgis1061a/rest/services/MNRF/Ontario_Fires_Map/MapServer/0/query,NOR_FIRE_013,ON,EX,Out (Extinguished),,Confirmed,Out (Extinguished),False,HUM,H,FUL,Full Response,0.1,46.4981,-79.01870000000001,2026-05-31 23:33:00+00:00,2026-06-01 00:55:00+00:00,2026-07-30 23:07:43+00:00,Unmapped,Requires review,True,True,True,True,True
338274881,-1,45.2915,-77.83200000000001,HAL_FIRE_019,0.1,HUM,H,1780269720000,1780336800000,GMT,EX,-1,FUL,-1,0,-1,-1,ON     ,1785452863000,-77.83200302999481,45.29150893904222,338274881,Point,2026-07-31T04:59:30.982399+00:00,https://ws.lioservices.lrc.gov.on.ca/arcgis1061a/rest/services/MNRF/Ontario_Fires_Map/MapServer/0/query,HAL_FIRE_019,ON,EX,Out (Extinguished),,Confirmed,Out (Extinguished),False,HUM,H,FUL,Full Response,0.1,45.2915,-77.83200000000001,2026-05-31 23:22:00+00:00,2026-06-01 18:00:00+00:00,2026-07-30 23:07:43+00:00,Unmapped,Requires review,True,True,True,True,True
338274897,-1,52.502700000000004,-93.0257,RED_FIRE_005,1.2,HUM,H,1780264800000,1780437600000,GMT,EX,-1,FUL,-1,0,-1,-1,ON     ,1785452863000,-93.02570901998216,52.50270897611222,338274897,Point,2026-07-31T04:59:30.982399+00:00,https://ws.lioservices.lrc.gov.on.ca/arcgis1061a/rest/services/MNRF/Ontario_Fires_Map/MapServer/0/query,RED_FIRE_005,ON,EX,Out (Extinguished),,Confirmed,Out (Extinguished),False,HUM,H,FUL,Full Response,1.2,52.502700000000004,-93.0257,2026-05-31 22:00:00+00:00,2026-06-02 22:00:00+00:00,2026-07-30 23:07:43+00:00,Unmapped,Requires review,True,True,True,True,True
338274913,-1,49.8328,-93.65180000000001,DRY_FIRE_014,0.8,HUM,H,1780260960000,1780274100000,GMT,EX,-1,FUL,-1,0,-1,-1,ON     ,1785452863000,-93.6518086572104,49.83280861456514,338274913,Point,2026-07-31T04:59:30.982399+00:00,https://ws.lioservices.lrc.gov.on.ca/arcgis1061a/rest/services/MNRF/Ontario_Fires_Map/MapServer/0/query,DRY_FIRE_014,ON,EX,Out (Extinguished),,Confirmed,Out (Extinguished),False,HUM,H,FUL,Full Response,0.8,49.8328,-93.65180000000001,2026-05-31 20:56:00+00:00,2026-06-01 00:35:00+00:00,2026-07-30 23:07:43+00:00,Unmapped,Requires review,True,True,True,True,True
338274929,-1,50.242000000000004,-89.89540000000001,DRY_FIRE_013,0.1,HUM,H,1780259640000,1784135400000,GMT,EX,-1,MOD,-1,0,-1,-1,ON     ,1785452863000,-89.89540757547326,50.242008955636756,338274929,Point,2026-07-31T04:59:30.982399+00:00,https://ws.lioservices.lrc.gov.on.ca/arcgis1061a/rest/services/MNRF/Ontario_Fires_Map/MapServer/0/query,DRY_FIRE_013,ON,EX,Out (Extinguished),,Confirmed,Out (Extinguished),False,HUM,H,MOD,Modified Response,0.1,50.242000000000004,-89.89540000000001,2026-05-31 20:34:00+00:00,2026-07-15 17:10:00+00:00,2026-07-30 23:07:43+00:00,Unmapped,Requires review,True,True,True,True,True
338274945,-1,47.7841,-81.7268,TIM_FIRE_009,3151.0,HUM,H,1780259580000,1782411300000,GMT,UC,-1,FUL,-1,0,-1,-1,ON     ,1785452863000,-81.72680457209412,47.78410914223873,338274945,Point,2026-07-31T04:59:30.982399+00:00,https://ws.lioservices.lrc.gov.on.ca/arcgis1061a/rest/services/MNRF/Ontario_Fires_Map/MapServer/0/query,TIM_FIRE_009,ON,UC,Under Control,,Confirmed,Under Control,True,HUM,H,FUL,Full Response,3151.0,47.7841,-81.7268,2026-05-31 20:33:00+00:00,2026-06-25 18:15:00+00:00,2026-07-30 23:07:43+00:00,Unmapped,Requires review,True,True,True,True,True
338274961,-1,52.4921,-94.3923,RED_FIRE_004,0.6,LTG,L,1780258380000,1780413060000,GMT,EX,-1,FUL,-1,0,-1,-1,ON     ,1785452863000,-94.39230944472058,52.492108858403164,338274961,Point,2026-07-31T04:59:30.982399+00:00,https://ws.lioservices.lrc.gov.on.ca/arcgis1061a/rest/services/MNRF/Ontario_Fires_Map/MapServer/0/query,RED_FIRE_004,ON,EX,Out (Extinguished),,Confirmed,Out (Extinguished),False,LTG,L,FUL,Full Response,0.6,52.4921,-94.3923,2026-05-31 20:13:00+00:00,2026-06-02 15:11:00+00:00,2026-07-30 23:07:43+00:00,Lightning,High-confidence provisional,True,True,True,True,True
338274977,-1,48.941,-89.3031,THU_FIRE_017,2.3000000000000003,LTG,L,1780257840000,1780764600000,GMT,EX,-1,FUL,-1,0,-1,-1,ON     ,1785452863000,-89.30310716606692,48.94100882863264,338274977,Point,2026-07-31T04:59:30.982399+00:00,https://ws.lioservices.lrc.gov.on.ca/arcgis1061a/rest/services/MNRF/Ontario_Fires_Map/MapServer/0/query,THU_FIRE_017,ON,EX,Out (Extinguished),,Confirmed,Out (Extinguished),False,LTG,L,FUL,Full Response,2.3000000000000003,48.941,-89.3031,2026-05-31 20:04:00+00:00,2026-06-06 16:50:00+00:00,2026-07-30 23:07:43+00:00,Lightning,High-confidence provisional,True,True,True,True,True
338274993,-1,49.3877,-94.07430000000001,KEN_FIRE_012,0.6,HUM,H,1780255200000,1780363200000,GMT,EX,-1,FUL,-1,0,-1,-1,ON     ,1785452863000,-94.07430869923458,49.38770852615495,338274993,Point,2026-07-31T04:59:30.982399+00:00,https://ws.lioservices.lrc.gov.on.ca/arcgis1061a/rest/services/MNRF/Ontario_Fires_Map/MapServer/0/query,KEN_FIRE_012,ON,EX,Out (Extinguished),,Confirmed,Out (Extinguished),False,HUM,H,FUL,Full Response,0.6,49.3877,-94.07430000000001,2026-05-31 19:20:00+00:00,2026-06-02 01:20:00+00:00,2026-07-30 23:07:43+00:00,Unmapped,Requires review,True,True,True,True,True
338275009,-1,49.6946,-83.6907,COC_FIRE_004,0.2,HUM,H,1780251180000,1780263900000,GMT,EX,-1,FUL,-1,0,-1,-1,ON     ,1785452863000,-83.6907054765002,49.69460930508249,338275009,Point,2026-07-31T04:59:30.982399+00:00,https://ws.lioservices.lrc.gov.on.ca/arcgis1061a/rest/services/MNRF/Ontario_Fires_Map/MapServer/0/query,COC_FIRE_004,ON,EX,Out (Extinguished),,Confirmed,Out (Extinguished),False,HUM,H,FUL,Full Response,0.2,49.6946,-83.6907,2026-05-31 18:13:00+00:00,2026-05-31 21:45:00+00:00,2026-07-30 23:07:43+00:00,Unmapped,Requires review,True,True,True,True,True
338275025,-1,48.756,-91.1502,FOR_FIRE_009,0.5,HUM,H,1780244100000,1780326000000,GMT,EX,-1,FUL,-1,0,-1,-1,ON     ,1785452863000,-91.15020770532543,48.75600867028848,338275025,Point,2026-07-31T04:59:30.982399+00:00,https://ws.lioservices.lrc.gov.on.ca/arcgis1061a/rest/services/MNRF/Ontario_Fires_Map/MapServer/0/query,FOR_FIRE_009,ON,EX,Out (Extinguished),,Confirmed,Out (Extinguished),False,HUM,H,FUL,Full Response,0.5,48.756,-91.1502,2026-05-31 16:15:00+00:00,2026-06-01 15:00:00+00:00,2026-07-30 23:07:43+00:00,Unmapped,Requires review,True,True,True,True,True
338275041,-1,45.504000000000005,-77.9629,HAL_FIRE_018,0.1,HUM,H,1780184220000,1780239600000,GMT,EX,-1,FUL,-1,0,-1,-1,ON     ,1785452863000,-77.96290309253584,45.50400896885152,338275041,Point,2026-07-31T04:59:30.982399+00:00,https://ws.lioservices.lrc.gov.on.ca/arcgis1061a/rest/services/MNRF/Ontario_Fires_Map/MapServer/0/query,HAL_FIRE_018,ON,EX,Out (Extinguished),,Confirmed,Out (Extinguished),False,HUM,H,FUL,Full Response,0.1,45.504000000000005,-77.9629,2026-05-30 23:37:00+00:00,2026-05-31 15:00:00+00:00,2026-07-30 23:07:43+00:00,Unmapped,Requires review,True,True,True,True,True
338275057,-1,45.2442,-77.6252,HAL_FIRE_017,0.4,HUM,H,1780182600000,1780244400000,GMT,EX,-1,FUL,-1,0,-1,-1,ON     ,1785452863000,-77.62520295797034,45.244208940438334,338275057,Point,2026-07-31T04:59:30.982399+00:00,https://ws.lioservices.lrc.gov.on.ca/arcgis1061a/rest/services/MNRF/Ontario_Fires_Map/MapServer/0/query,HAL_FIRE_017,ON,EX,Out (Extinguished),,Confirmed,Out (Extinguished),False,HUM,H,FUL,Full Response,0.4,45.2442,-77.6252,2026-05-30 23:10:00+00:00,2026-05-31 16:20:00+00:00,2026-07-30 23:07:43+00:00,Unmapped,Requires review,True,True,True,True,True
338275073,-1,47.191500000000005,-79.5336,NOR_FIRE_012,1.3,HUM,H,1780174860000,1780236000000,GMT,EX,-1,FUL,-1,0,-1,-1,ON     ,1785452863000,-79.53360378054455,47.19150916733363,338275073,Point,2026-07-31T04:59:30.982399+00:00,https://ws.lioservices.lrc.gov.on.ca/arcgis1061a/rest/services/MNRF/Ontario_Fires_Map/MapServer/0/query,NOR_FIRE_012,ON,EX,Out (Extinguished),,Confirmed,Out (Extinguished),False,HUM,H,FUL,Full Response,1.3,47.191500000000005,-79.5336,2026-05-30 21:01:00+00:00,2026-05-31 14:00:00+00:00,2026-07-30 23:07:43+00:00,Unmapped,Requires review,True,True,True,True,True
338275089,-1,47.995400000000004,-80.0284,TIM_FIRE_008,1.0,HUM,H,1780173000000,1780185600000,GMT,EX,-1,FUL,-1,0,-1,-1,ON     ,1785452863000,-80.02840403580367,47.9954092664399,338275089,Point,2026-07-31T04:59:30.982399+00:00,https://ws.lioservices.lrc.gov.on.ca/arcgis1061a/rest/services/MNRF/Ontario_Fires_Map/MapServer/0/query,TIM_FIRE_008,ON,EX,Out (Extinguished),,Confirmed,Out (Extinguished),False,HUM,H,FUL,Full Response,1.0,47.995400000000004,-80.0284,2026-05-30 20:30:00+00:00,2026-05-31 00:00:00+00:00,2026-07-30 23:07:43+00:00,Unmapped,Requires review,True,True,True,True,True
338275105,-1,47.8417,-81.8512,TIM_FIRE_007,0.1,HUM,H,1780171200000,1780236720000,GMT,EX,-1,FUL,-1,0,-1,-1,ON     ,1785452863000,-81.85120462000462,47.84170914403122,338275105,Point,2026-07-31T04:59:30.982399+00:00,https://ws.lioservices.lrc.gov.on.ca/arcgis1061a/rest/services/MNRF/Ontario_Fires_Map/MapServer/0/query,TIM_FIRE_007,ON,EX,Out (Extinguished),,Confirmed,Out (Extinguished),False,HUM,H,FUL,Full Response,0.1,47.8417,-81.8512,2026-05-30 20:00:00+00:00,2026-05-31 14:12:00+00:00,2026-07-30 23:07:43+00:00,Unmapped,Requires review,True,True,True,True,True
338275121,-1,48.258700000000005,-84.0443,CHA_FIRE_003,3.0,HUM,H,1780170660000,1780434900000,GMT,EX,-1,FUL,-1,0,-1,-1,ON     ,1785452863000,-84.04430538967691,48.25870907844852,338275121,Point,2026-07-31T04:59:30.982399+00:00,https://ws.lioservices.lrc.gov.on.ca/arcgis1061a/rest/services/MNRF/Ontario_Fires_Map/MapServer/0/query,CHA_FIRE_003,ON,EX,Out (Extinguished),,Confirmed,Out (Extinguished),False,HUM,H,FUL,Full Response,3.0,48.258700000000005,-84.0443,2026-05-30 19:51:00+00:00,2026-06-02 21:15:00+00:00,2026-07-30 23:07:43+00:00,Unmapped,Requires review,True,True,True,True,True
338275137,-1,45.181000000000004,-77.6122,HAL_FIRE_016,0.1,HUM,H,1780170480000,1780182000000,GMT,EX,-1,FUL,-1,0,-1,-1,ON     ,1785452863000,-77.61220294798942,45.181008930293835,338275137,Point,2026-07-31T04:59:30.982399+00:00,https://ws.lioservices.lrc.gov.on.ca/arcgis1061a/rest/services/MNRF/Ontario_Fires_Map/MapServer/0/query,HAL_FIRE_016,ON,EX,Out (Extinguished),,Confirmed,Out (Extinguished),False,HUM,H,FUL,Full Response,0.1,45.181000000000004,-77.6122,2026-05-30 19:48:00+00:00,2026-05-30 23:00:00+00:00,2026-07-30 23:07:43+00:00,Unmapped,Requires review,True,True,True,True,True
338275153,-1,51.7106,-91.47080000000001,SLK_FIRE_001,17248.1,LTG,L,1780169040000,1781185140000,GMT,BM,-1,MNP,-1,0,-1,-1,ON     ,1785452863000,-91.47080835745066,51.71060901343942,338275153,Point,2026-07-31T04:59:30.982399+00:00,https://ws.lioservices.lrc.gov.on.ca/arcgis1061a/rest/services/MNRF/Ontario_Fires_Map/MapServer/0/query,SLK_FIRE_001,ON,BM,,"Being Monitored (provisional, unconfirmed code)",Provisional,"Being Monitored (provisional, unconfirmed code)",True,LTG,L,MNP,Unmapped,17248.1,51.7106,-91.47080000000001,2026-05-30 19:24:00+00:00,2026-06-11 13:39:00+00:00,2026-07-30 23:07:43+00:00,Lightning,High-confidence provisional,True,True,True,True,True
338275169,-1,46.3325,-80.8276,SUD_FIRE_004,0.1,HUM,H,1780161420000,1780163400000,GMT,EX,-1,FUL,-1,0,-1,-1,ON     ,1785452863000,-80.82760411101576,46.33250896413318,338275169,Point,2026-07-31T04:59:30.982399+00:00,https://ws.lioservices.lrc.gov.on.ca/arcgis1061a/rest/services/MNRF/Ontario_Fires_Map/MapServer/0/query,SUD_FIRE_004,ON,EX,Out (Extinguished),,Confirmed,Out (Extinguished),False,HUM,H,FUL,Full Response,0.1,46.3325,-80.8276,2026-05-30 17:17:00+00:00,2026-05-30 17:50:00+00:00,2026-07-30 23:07:43+00:00,Unmapped,Requires review,True,True,True,True,True
338275185,-1,50.2211,-86.9636,NIP_FIRE_007,0.1,HUM,H,1780155360000,1780168920000,GMT,EX,-1,FUL,-1,0,-1,-1,ON     ,1785452863000,-86.96360663321664,50.22110916270015,338275185,Point,2026-07-31T04:59:30.982399+00:00,https://ws.lioservices.lrc.gov.on.ca/arcgis1061a/rest/services/MNRF/Ontario_Fires_Map/MapServer/0/query,NIP_FIRE_007,ON,EX,Out (Extinguished),,Confirmed,Out (Extinguished),False,HUM,H,FUL,Full Response,0.1,50.2211,-86.9636,2026-05-30 15:36:00+00:00,2026-05-30 19:22:00+00:00,2026-07-30 23:07:43+00:00,Unmapped,Requires review,True,True,True,True,True
338275201,-1,52.063100000000006,-93.0561,RED_FIRE_003,5254.2,LTG,L,1780155240000,1783288500000,GMT,EX,-1,MNP,-1,0,-1,-1,ON     ,1785452863000,-93.05610893175245,52.06310892464487,338275201,Point,2026-07-31T04:59:30.982399+00:00,https://ws.lioservices.lrc.gov.on.ca/arcgis1061a/rest/services/MNRF/Ontario_Fires_Map/MapServer/0/query,RED_FIRE_003,ON,EX,Out (Extinguished),,Confirmed,Out (Extinguished),False,LTG,L,MNP,Unmapped,5254.2,52.063100000000006,-93.0561,2026-05-30 15:34:00+00:00,2026-07-05 21:55:00+00:00,2026-07-30 23:07:43+00:00,Lightning,High-confidence provisional,True,True,True,True,True
338275217,-1,45.596700000000006,-77.61160000000001,HAL_FIRE_015,1.2,HUM,H,1780149540000,1780245360000,GMT,EX,-1,FUL,-1,0,-1,-1,ON     ,1785452863000,-77.61160298583226,45.59670900054575,338275217,Point,2026-07-31T04:59:30.982399+00:00,https://ws.lioservices.lrc.gov.on.ca/arcgis1061a/rest/services/MNRF/Ontario_Fires_Map/MapServer/0/query,HAL_FIRE_015,ON,EX,Out (Extinguished),,Confirmed,Out (Extinguished),False,HUM,H,FUL,Full Response,1.2,45.596700000000006,-77.61160000000001,2026-05-30 13:59:00+00:00,2026-05-31 16:36:00+00:00,2026-07-30 23:07:43+00:00,Unmapped,Requires review,True,True,True,True,True
338275233,-1,45.0871,-77.5085,HAL_FIRE_014,0.2,HUM,H,1780147980000,1780167600000,GMT,EX,-1,FUL,-1,0,-1,-1,ON     ,1785452863000,-77.50850290560494,45.08710891897755,338275233,Point,2026-07-31T04:59:30.982399+00:00,https://ws.lioservices.lrc.gov.on.ca/arcgis1061a/rest/services/MNRF/Ontario_Fires_Map/MapServer/0/query,HAL_FIRE_014,ON,EX,Out (Extinguished),,Confirmed,Out (Extinguished),False,HUM,H,FUL,Full Response,0.2,45.0871,-77.5085,2026-05-30 13:33:00+00:00,2026-05-30 19:00:00+00:00,2026-07-30 23:07:43+00:00,Unmapped,Requires review,True,True,True,True,True
338275249,-1,45.8697,-77.3892,HAL_FIRE_013,0.7000000000000001,HUM,H,1780147080000,1780252200000,GMT,EX,-1,FUL,-1,0,-1,-1,ON     ,1785452863000,-77.38920293794581,45.869709056359085,338275249,Point,2026-07-31T04:59:30.982399+00:00,https://ws.lioservices.lrc.gov.on.ca/arcgis1061a/rest/services/MNRF/Ontario_Fires_Map/MapServer/0/query,HAL_FIRE_013,ON,EX,Out (Extinguished),,Confirmed,Out (Extinguished),False,HUM,H,FUL,Full Response,0.7000000000000001,45.8697,-77.3892,2026-05-30 13:18:00+00:00,2026-05-31 18:30:00+00:00,2026-07-30 23:07:43+00:00,Unmapped,Requires review,True,True,True,True,True
338275265,-1,48.835100000000004,-87.5116,NIP_FIRE_006,0.2,HUM,H,1780146180000,1780150020000,GMT,EX,-1,FUL,-1,0,-1,-1,ON     ,1785452863000,-87.5116065857654,48.835108938321866,338275265,Point,2026-07-31T04:59:30.982399+00:00,https://ws.lioservices.lrc.gov.on.ca/arcgis1061a/rest/services/MNRF/Ontario_Fires_Map/MapServer/0/query,NIP_FIRE_006,ON,EX,Out (Extinguished),,Confirmed,Out (Extinguished),False,HUM,H,FUL,Full Response,0.2,48.835100000000004,-87.5116,2026-05-30 13:03:00+00:00,2026-05-30 14:07:00+00:00,2026-07-30 23:07:43+00:00,Unmapped,Requires review,True,True,True,True,True
338275281,-1,45.219300000000004,-78.86330000000001,HAL_FIRE_012,0.7000000000000001,HUM,H,1780140480000,1780516800000,GMT,EX,-1,FUL,-1,0,-1,-1,ON     ,1785452863000,-78.86330335963828,45.219308878851194,338275281,Point,2026-07-31T04:59:30.982399+00:00,https://ws.lioservices.lrc.gov.on.ca/arcgis1061a/rest/services/MNRF/Ontario_Fires_Map/MapServer/0/query,HAL_FIRE_012,ON,EX,Out (Extinguished),,Confirmed,Out (Extinguished),False,HUM,H,FUL,Full Response,0.7000000000000001,45.219300000000004,-78.86330000000001,2026-05-30 11:28:00+00:00,2026-06-03 20:00:00+00:00,2026-07-30 23:07:43+00:00,Unmapped,Requires review,True,True,True,True,True
338275297,-1,46.3376,-80.8336,SUD_FIRE_003,2.8000000000000003,HUM,H,1780098300000,1780336800000,GMT,EX,-1,FUL,-1,0,-1,-1,ON     ,1785452863000,-80.83360411351875,46.33760896463793,338275297,Point,2026-07-31T04:59:30.982399+00:00,https://ws.lioservices.lrc.gov.on.ca/arcgis1061a/rest/services/MNRF/Ontario_Fires_Map/MapServer/0/query,SUD_FIRE_003,ON,EX,Out (Extinguished),,Confirmed,Out (Extinguished),False,HUM,H,FUL,Full Response,2.8000000000000003,46.3376,-80.8336,2026-05-29 23:45:00+00:00,2026-06-01 18:00:00+00:00,2026-07-30 23:07:43+00:00,Unmapped,Requires review,True,True,True,True,True
338275313,-1,45.617000000000004,-78.3447,HAL_FIRE_011,0.1,HUM,H,1780098000000,1780246800000,GMT,EX,-1,FUL,-1,0,-1,-1,ON     ,1785452863000,-78.34470322827895,45.61700896999887,338275313,Point,2026-07-31T04:59:30.982399+00:00,https://ws.lioservices.lrc.gov.on.ca/arcgis1061a/rest/services/MNRF/Ontario_Fires_Map/MapServer/0/query,HAL_FIRE_011,ON,EX,Out (Extinguished),,Confirmed,Out (Extinguished),False,HUM,H,FUL,Full Response,0.1,45.617000000000004,-78.3447,2026-05-29 23:40:00+00:00,2026-05-31 17:00:00+00:00,2026-07-30 23:07:43+00:00,Unmapped,Requires review,True,True,True,True,True
338275329,-1,51.8157,-93.4924,RED_FIRE_002,0.6,LTG,L,1780097280000,1780272000000,GMT,EX,-1,FUL,-1,0,-1,-1,ON     ,1785452863000,-93.49240901360952,51.81570886038955,338275329,Point,2026-07-31T04:59:30.982399+00:00,https://ws.lioservices.lrc.gov.on.ca/arcgis1061a/rest/services/MNRF/Ontario_Fires_Map/MapServer/0/query,RED_FIRE_002,ON,EX,Out (Extinguished),,Confirmed,Out (Extinguished),False,LTG,L,FUL,Full Response,0.6,51.8157,-93.4924,2026-05-29 23:28:00+00:00,2026-06-01 00:00:00+00:00,2026-07-30 23:07:43+00:00,Lightning,High-confidence provisional,True,True,True,True,True
338275345,-1,46.38,-81.55330000000001,SUD_FIRE_002,47.300000000000004,HUM,H,1780095720000,1781015400000,GMT,EX,-1,FUL,-1,0,-1,-1,ON     ,1785452863000,-81.55330435140998,46.38000893340945,338275345,Point,2026-07-31T04:59:30.982399+00:00,https://ws.lioservices.lrc.gov.on.ca/arcgis1061a/rest/services/MNRF/Ontario_Fires_Map/MapServer/0/query,SUD_FIRE_002,ON,EX,Out (Extinguished),,Confirmed,Out (Extinguished),False,HUM,H,FUL,Full Response,47.300000000000004,46.38,-81.55330000000001,2026-05-29 23:02:00+00:00,2026-06-09 14:30:00+00:00,2026-07-30 23:07:43+00:00,Unmapped,Requires review,True,True,True,True,True
338275361,-1,45.545500000000004,-78.6525,HAL_FIRE_010,0.1,HUM,H,1780095120000,1780255800000,GMT,EX,-1,FUL,-1,0,-1,-1,ON     ,1785452863000,-78.65250332209084,45.54550894353949,338275361,Point,2026-07-31T04:59:30.982399+00:00,https://ws.lioservices.lrc.gov.on.ca/arcgis1061a/rest/services/MNRF/Ontario_Fires_Map/MapServer/0/query,HAL_FIRE_010,ON,EX,Out (Extinguished),,Confirmed,Out (Extinguished),False,HUM,H,FUL,Full Response,0.1,45.545500000000004,-78.6525,2026-05-29 22:52:00+00:00,2026-05-31 19:30:00+00:00,2026-07-30 23:07:43+00:00,Unmapped,Requires review,True,True,True,True,True
338275377,-1,49.783500000000004,-86.55470000000001,NIP_FIRE_005,0.1,HUM,H,1780094820000,1780095780000,GMT,EX,-1,FUL,-1,0,-1,-1,ON     ,1785452863000,-86.55470642889969,49.783509132216025,338275377,Point,2026-07-31T04:59:30.982399+00:00,https://ws.lioservices.lrc.gov.on.ca/arcgis1061a/rest/services/MNRF/Ontario_Fires_Map/MapServer/0/query,NIP_FIRE_005,ON,EX,Out (Extinguished),,Confirmed,Out (Extinguished),False,HUM,H,FUL,Full Response,0.1,49.783500000000004,-86.55470000000001,2026-05-29 22:47:00+00:00,2026-05-29 23:03:00+00:00,2026-07-30 23:07:43+00:00,Unmapped,Requires review,True,True,True,True,True
338275393,-1,51.8027,-93.9927,RED_FIRE_001,0.1,HUM,H,1780093260000,1780095900000,GMT,EX,-1,FUL,-1,0,-1,-1,ON     ,1785452863000,-93.9927091654222,51.80270881687089,338275393,Point,2026-07-31T04:59:30.982399+00:00,https://ws.lioservices.lrc.gov.on.ca/arcgis1061a/rest/services/MNRF/Ontario_Fires_Map/MapServer/0/query,RED_FIRE_001,ON,EX,Out (Extinguished),,Confirmed,Out (Extinguished),False,HUM,H,FUL,Full Response,0.1,51.8027,-93.9927,2026-05-29 22:21:00+00:00,2026-05-29 23:05:00+00:00,2026-07-30 23:07:43+00:00,Unmapped,Requires review,True,True,True,True,True
338275409,-1,48.2396,-81.84620000000001,TIM_FIRE_006,0.1,HUM,H,1780091760000,1780104600000,GMT,EX,-1,FUL,-1,0,-1,-1,ON     ,1785452863000,-81.84620466805406,48.23960920411671,338275409,Point,2026-07-31T04:59:30.982399+00:00,https://ws.lioservices.lrc.gov.on.ca/arcgis1061a/rest/services/MNRF/Ontario_Fires_Map/MapServer/0/query,TIM_FIRE_006,ON,EX,Out (Extinguished),,Confirmed,Out (Extinguished),False,HUM,H,FUL,Full Response,0.1,48.2396,-81.84620000000001,2026-05-29 21:56:00+00:00,2026-05-30 01:30:00+00:00,2026-07-30 23:07:43+00:00,Unmapped,Requires review,True,True,True,True,True
338275425,-1,46.359500000000004,-79.2693,NOR_FIRE_011,0.6,HUM,H,1780090140000,1780162200000,GMT,EX,-1,FUL,-1,0,-1,-1,ON     ,1785452863000,-79.26930360503765,46.359509047618346,338275425,Point,2026-07-31T04:59:30.982399+00:00,https://ws.lioservices.lrc.gov.on.ca/arcgis1061a/rest/services/MNRF/Ontario_Fires_Map/MapServer/0/query,NOR_FIRE_011,ON,EX,Out (Extinguished),,Confirmed,Out (Extinguished),False,HUM,H,FUL,Full Response,0.6,46.359500000000004,-79.2693,2026-05-29 21:29:00+00:00,2026-05-30 17:30:00+00:00,2026-07-30 23:07:43+00:00,Unmapped,Requires review,True,True,True,True,True
338275441,-1,46.3355,-78.7329,NOR_FIRE_010,0.1,HUM,H,1780089180000,1780101900000,GMT,EX,-1,FUL,-1,0,-1,-1,ON     ,1785452863000,-78.73290342624601,46.33550906996788,338275441,Point,2026-07-31T04:59:30.982399+00:00,https://ws.lioservices.lrc.gov.on.ca/arcgis1061a/rest/services/MNRF/Ontario_Fires_Map/MapServer/0/query,NOR_FIRE_010,ON,EX,Out (Extinguished),,Confirmed,Out (Extinguished),False,HUM,H,FUL,Full Response,0.1,46.3355,-78.7329,2026-05-29 21:13:00+00:00,2026-05-30 00:45:00+00:00,2026-07-30 23:07:43+00:00,Unmapped,Requires review,True,True,True,True,True
338275457,-1,46.2083,-77.9966,HAL_FIRE_009,1.9000000000000001,HUM,H,1780088160000,1780174800000,GMT,EX,-1,FUL,-1,0,-1,-1,ON     ,1785452863000,-77.99660317082372,46.20830908429601,338275457,Point,2026-07-31T04:59:30.982399+00:00,https://ws.lioservices.lrc.gov.on.ca/arcgis1061a/rest/services/MNRF/Ontario_Fires_Map/MapServer/0/query,HAL_FIRE_009,ON,EX,Out (Extinguished),,Confirmed,Out (Extinguished),False,HUM,H,FUL,Full Response,1.9000000000000001,46.2083,-77.9966,2026-05-29 20:56:00+00:00,2026-05-30 21:00:00+00:00,2026-07-30 23:07:43+00:00,Unmapped,Requires review,True,True,True,True,True
338275473,-1,46.7406,-79.3062,NOR_FIRE_009,0.1,HUM,H,1780086480000,1780146000000,GMT,EX,-1,FUL,-1,0,-1,-1,ON     ,1785452863000,-79.30620365695331,46.74060910718368,338275473,Point,2026-07-31T04:59:30.982399+00:00,https://ws.lioservices.lrc.gov.on.ca/arcgis1061a/rest/services/MNRF/Ontario_Fires_Map/MapServer/0/query,NOR_FIRE_009,ON,EX,Out (Extinguished),,Confirmed,Out (Extinguished),False,HUM,H,FUL,Full Response,0.1,46.7406,-79.3062,2026-05-29 20:28:00+00:00,2026-05-30 13:00:00+00:00,2026-07-30 23:07:43+00:00,Unmapped,Requires review,True,True,True,True,True
338275489,-1,48.1867,-80.2461,TIM_FIRE_005,0.2,HUM,H,1780078920000,1780102800000,GMT,EX,-1,FUL,-1,0,-1,-1,ON     ,1785452863000,-80.24610413094786,48.18670928400153,338275489,Point,2026-07-31T04:59:30.982399+00:00,https://ws.lioservices.lrc.gov.on.ca/arcgis1061a/rest/services/MNRF/Ontario_Fires_Map/MapServer/0/query,TIM_FIRE_005,ON,EX,Out (Extinguished),,Confirmed,Out (Extinguished),False,HUM,H,FUL,Full Response,0.2,48.1867,-80.2461,2026-05-29 18:22:00+00:00,2026-05-30 01:00:00+00:00,2026-07-30 23:07:43+00:00,Unmapped,Requires review,True,True,True,True,True
338275505,-1,48.691300000000005,-85.99520000000001,WAW_FIRE_002,0.2,HUM,H,1780076820000,1780153200000,GMT,EX,-1,FUL,-1,0,-1,-1,ON     ,1785452863000,-85.99520608035547,48.69130901853648,338275505,Point,2026-07-31T04:59:30.982399+00:00,https://ws.lioservices.lrc.gov.on.ca/arcgis1061a/rest/services/MNRF/Ontario_Fires_Map/MapServer/0/query,WAW_FIRE_002,ON,EX,Out (Extinguished),,Confirmed,Out (Extinguished),False,HUM,H,FUL,Full Response,0.2,48.691300000000005,-85.99520000000001,2026-05-29 17:47:00+00:00,2026-05-30 15:00:00+00:00,2026-07-30 23:07:43+00:00,Unmapped,Requires review,True,True,True,True,True
338275521,-1,49.728300000000004,-86.7412,NIP_FIRE_004,0.1,HUM,H,1780071300000,1780071480000,GMT,EX,-1,FUL,-1,0,-1,-1,ON     ,1785452863000,-86.74120648035486,49.72830911219216,338275521,Point,2026-07-31T04:59:30.982399+00:00,https://ws.lioservices.lrc.gov.on.ca/arcgis1061a/rest/services/MNRF/Ontario_Fires_Map/MapServer/0/query,NIP_FIRE_004,ON,EX,Out (Extinguished),,Confirmed,Out (Extinguished),False,HUM,H,FUL,Full Response,0.1,49.728300000000004,-86.7412,2026-05-29 16:15:00+00:00,2026-05-29 16:18:00+00:00,2026-07-30 23:07:43+00:00,Unmapped,Requires review,True,True,True,True,True
338275537,-1,49.786300000000004,-86.57140000000001,NIP_FIRE_003,0.1,HUM,H,1780071000000,1780071180000,GMT,EX,-1,FUL,-1,0,-1,-1,ON     ,1785452863000,-86.57140643475849,49.78630913146785,338275537,Point,2026-07-31T04:59:30.982399+00:00,https://ws.lioservices.lrc.gov.on.ca/arcgis1061a/rest/services/MNRF/Ontario_Fires_Map/MapServer/0/query,NIP_FIRE_003,ON,EX,Out (Extinguished),,Confirmed,Out (Extinguished),False,HUM,H,FUL,Full Response,0.1,49.786300000000004,-86.57140000000001,2026-05-29 16:10:00+00:00,2026-05-29 16:13:00+00:00,2026-07-30 23:07:43+00:00,Unmapped,Requires review,True,True,True,True,True
338275553,-1,49.7518,-94.5802,KEN_FIRE_011,0.1,HUM,H,1780005600000,1780007400000,GMT,EX,-1,FUL,-1,0,-1,-1,ON     ,1785452863000,-94.58020891913063,49.751808529707176,338275553,Point,2026-07-31T04:59:30.982399+00:00,https://ws.lioservices.lrc.gov.on.ca/arcgis1061a/rest/services/MNRF/Ontario_Fires_Map/MapServer/0/query,KEN_FIRE_011,ON,EX,Out (Extinguished),,Confirmed,Out (Extinguished),False,HUM,H,FUL,Full Response,0.1,49.7518,-94.5802,2026-05-28 22:00:00+00:00,2026-05-28 22:30:00+00:00,2026-07-30 23:07:43+00:00,Unmapped,Requires review,True,True,True,True,True
338275569,-1,48.7158,-90.0864,THU_FIRE_016,6.6000000000000005,LTG,L,1780005120000,1780263600000,GMT,EX,-1,FUL,-1,0,-1,-1,ON     ,1785452863000,-90.08640737217365,48.71580874244436,338275569,Point,2026-07-31T04:59:30.982399+00:00,https://ws.lioservices.lrc.gov.on.ca/arcgis1061a/rest/services/MNRF/Ontario_Fires_Map/MapServer/0/query,THU_FIRE_016,ON,EX,Out (Extinguished),,Confirmed,Out (Extinguished),False,LTG,L,FUL,Full Response,6.6000000000000005,48.7158,-90.0864,2026-05-28 21:52:00+00:00,2026-05-31 21:40:00+00:00,2026-07-30 23:07:43+00:00,Lightning,High-confidence provisional,True,True,True,True,True
338275585,-1,44.8572,-79.63680000000001,HAL_FIRE_008,9.8,HUM,H,1780003920000,1780344000000,GMT,EX,-1,FUL,-1,0,-1,-1,ON     ,1785452863000,-79.63680357552681,44.857208780723845,338275585,Point,2026-07-31T04:59:30.982399+00:00,https://ws.lioservices.lrc.gov.on.ca/arcgis1061a/rest/services/MNRF/Ontario_Fires_Map/MapServer/0/query,HAL_FIRE_008,ON,EX,Out (Extinguished),,Confirmed,Out (Extinguished),False,HUM,H,FUL,Full Response,9.8,44.8572,-79.63680000000001,2026-05-28 21:32:00+00:00,2026-06-01 20:00:00+00:00,2026-07-30 23:07:43+00:00,Unmapped,Requires review,True,True,True,True,True
338275601,-1,49.5707,-92.7416,DRY_FIRE_012,0.6,HUM,H,1780001640000,1780165200000,GMT,EX,-1,FUL,-1,0,-1,-1,ON     ,1785452863000,-92.74160833314585,49.57070865416974,338275601,Point,2026-07-31T04:59:30.982399+00:00,https://ws.lioservices.lrc.gov.on.ca/arcgis1061a/rest/services/MNRF/Ontario_Fires_Map/MapServer/0/query,DRY_FIRE_012,ON,EX,Out (Extinguished),,Confirmed,Out (Extinguished),False,HUM,H,FUL,Full Response,0.6,49.5707,-92.7416,2026-05-28 20:54:00+00:00,2026-05-30 18:20:00+00:00,2026-07-30 23:07:43+00:00,Unmapped,Requires review,True,True,True,True,True
338275617,-1,48.543800000000005,-89.2262,THU_FIRE_015,0.4,HUM,H,1779996600000,1780005600000,GMT,EX,-1,FUL,-1,0,-1,-1,ON     ,1785452863000,-89.22620707808078,48.543808780257606,338275617,Point,2026-07-31T04:59:30.982399+00:00,https://ws.lioservices.lrc.gov.on.ca/arcgis1061a/rest/services/MNRF/Ontario_Fires_Map/MapServer/0/query,THU_FIRE_015,ON,EX,Out (Extinguished),,Confirmed,Out (Extinguished),False,HUM,H,FUL,Full Response,0.4,48.543800000000005,-89.2262,2026-05-28 19:30:00+00:00,2026-05-28 22:00:00+00:00,2026-07-30 23:07:43+00:00,Unmapped,Requires review,True,True,True,True,True
338275633,-1,49.7123,-94.58890000000001,KEN_FIRE_010,0.2,HUM,H,1779916860000,1779936000000,GMT,EX,-1,FUL,-1,0,-1,-1,ON     ,1785452863000,-94.58890891405306,49.71230852423293,338275633,Point,2026-07-31T04:59:30.982399+00:00,https://ws.lioservices.lrc.gov.on.ca/arcgis1061a/rest/services/MNRF/Ontario_Fires_Map/MapServer/0/query,KEN_FIRE_010,ON,EX,Out (Extinguished),,Confirmed,Out (Extinguished),False,HUM,H,FUL,Full Response,0.2,49.7123,-94.58890000000001,2026-05-27 21:21:00+00:00,2026-05-28 02:40:00+00:00,2026-07-30 23:07:43+00:00,Unmapped,Requires review,True,True,True,True,True
338275649,-1,49.9403,-94.8275,KEN_FIRE_009,2.0,HUM,H,1779912660000,1780190880000,GMT,EX,-1,FUL,-1,0,-1,-1,ON     ,1785452863000,-94.82750902950633,49.94030853204208,338275649,Point,2026-07-31T04:59:30.982399+00:00,https://ws.lioservices.lrc.gov.on.ca/arcgis1061a/rest/services/MNRF/Ontario_Fires_Map/MapServer/0/query,KEN_FIRE_009,ON,EX,Out (Extinguished),,Confirmed,Out (Extinguished),False,HUM,H,FUL,Full Response,2.0,49.9403,-94.8275,2026-05-27 20:11:00+00:00,2026-05-31 01:28:00+00:00,2026-07-30 23:07:43+00:00,Unmapped,Requires review,True,True,True,True,True
338275665,-1,49.1251,-89.61590000000001,THU_FIRE_014,0.1,LTG,L,1779832620000,1779841800000,GMT,EX,-1,FUL,-1,0,-1,-1,ON     ,1785452863000,-89.61590729399767,49.125108830913895,338275665,Point,2026-07-31T04:59:30.982399+00:00,https://ws.lioservices.lrc.gov.on.ca/arcgis1061a/rest/services/MNRF/Ontario_Fires_Map/MapServer/0/query,THU_FIRE_014,ON,EX,Out (Extinguished),,Confirmed,Out (Extinguished),False,LTG,L,FUL,Full Response,0.1,49.1251,-89.61590000000001,2026-05-26 21:57:00+00:00,2026-05-27 00:30:00+00:00,2026-07-30 23:07:43+00:00,Lightning,High-confidence provisional,True,True,True,True,True
338275681,-1,49.1238,-81.30760000000001,COC_FIRE_003,0.3,HUM,H,1779831540000,1779847200000,GMT,EX,-1,FUL,-1,0,-1,-1,ON     ,1785452863000,-81.30760460294795,49.12380936482539,338275681,Point,2026-07-31T04:59:30.982399+00:00,https://ws.lioservices.lrc.gov.on.ca/arcgis1061a/rest/services/MNRF/Ontario_Fires_Map/MapServer/0/query,COC_FIRE_003,ON,EX,Out (Extinguished),,Confirmed,Out (Extinguished),False,HUM,H,FUL,Full Response,0.3,49.1238,-81.30760000000001,2026-05-26 21:39:00+00:00,2026-05-27 02:00:00+00:00,2026-07-30 23:07:43+00:00,Unmapped,Requires review,True,True,True,True,True
338275697,-1,48.106500000000004,-80.2201,TIM_FIRE_004,0.1,HUM,H,1779826740000,1779834600000,GMT,EX,-1,FUL,-1,0,-1,-1,ON     ,1785452863000,-80.2201041127406,48.10650927321499,338275697,Point,2026-07-31T04:59:30.982399+00:00,https://ws.lioservices.lrc.gov.on.ca/arcgis1061a/rest/services/MNRF/Ontario_Fires_Map/MapServer/0/query,TIM_FIRE_004,ON,EX,Out (Extinguished),,Confirmed,Out (Extinguished),False,HUM,H,FUL,Full Response,0.1,48.106500000000004,-80.2201,2026-05-26 20:19:00+00:00,2026-05-26 22:30:00+00:00,2026-07-30 23:07:43+00:00,Unmapped,Requires review,True,True,True,True,True
338275713,-1,47.632200000000005,-81.6941,TIM_FIRE_003,0.2,HUM,H,1779824340000,1779834600000,GMT,EX,-1,FUL,-1,0,-1,-1,ON     ,1785452863000,-81.69410454287012,47.63220912093624,338275713,Point,2026-07-31T04:59:30.982399+00:00,https://ws.lioservices.lrc.gov.on.ca/arcgis1061a/rest/services/MNRF/Ontario_Fires_Map/MapServer/0/query,TIM_FIRE_003,ON,EX,Out (Extinguished),,Confirmed,Out (Extinguished),False,HUM,H,FUL,Full Response,0.2,47.632200000000005,-81.6941,2026-05-26 19:39:00+00:00,2026-05-26 22:30:00+00:00,2026-07-30 23:07:43+00:00,Unmapped,Requires review,True,True,True,True,True
338275729,-1,45.304700000000004,-77.93860000000001,HAL_FIRE_007,0.3,HUM,H,1779820260000,1779889620000,GMT,EX,-1,FUL,-1,0,-1,-1,ON     ,1785452863000,-77.93860306608974,45.30470893639155,338275729,Point,2026-07-31T04:59:30.982399+00:00,https://ws.lioservices.lrc.gov.on.ca/arcgis1061a/rest/services/MNRF/Ontario_Fires_Map/MapServer/0/query,HAL_FIRE_007,ON,EX,Out (Extinguished),,Confirmed,Out (Extinguished),False,HUM,H,FUL,Full Response,0.3,45.304700000000004,-77.93860000000001,2026-05-26 18:31:00+00:00,2026-05-27 13:47:00+00:00,2026-07-30 23:07:43+00:00,Unmapped,Requires review,True,True,True,True,True
338275745,-1,45.543400000000005,-78.67110000000001,HAL_FIRE_006,0.2,HUM,H,1779815820000,1779824400000,GMT,EX,-1,FUL,-1,0,-1,-1,ON     ,1785452863000,-78.67110332796305,45.54340894230691,338275745,Point,2026-07-31T04:59:30.982399+00:00,https://ws.lioservices.lrc.gov.on.ca/arcgis1061a/rest/services/MNRF/Ontario_Fires_Map/MapServer/0/query,HAL_FIRE_006,ON,EX,Out (Extinguished),,Confirmed,Out (Extinguished),False,HUM,H,FUL,Full Response,0.2,45.543400000000005,-78.67110000000001,2026-05-26 17:17:00+00:00,2026-05-26 19:40:00+00:00,2026-07-30 23:07:43+00:00,Unmapped,Requires review,True,True,True,True,True
338275761,-1,48.8975,-89.4876,THU_FIRE_013,0.1,LTG,L,1779804600000,1779815700000,GMT,EX,-1,FUL,-1,0,-1,-1,ON     ,1785452863000,-89.4876072164308,48.89750880967611,338275761,Point,2026-07-31T04:59:30.982399+00:00,https://ws.lioservices.lrc.gov.on.ca/arcgis1061a/rest/services/MNRF/Ontario_Fires_Map/MapServer/0/query,THU_FIRE_013,ON,EX,Out (Extinguished),,Confirmed,Out (Extinguished),False,LTG,L,FUL,Full Response,0.1,48.8975,-89.4876,2026-05-26 14:10:00+00:00,2026-05-26 17:15:00+00:00,2026-07-30 23:07:43+00:00,Lightning,High-confidence provisional,True,True,True,True,True
338275777,-1,45.539100000000005,-78.6994,HAL_FIRE_021,0.1,HUM,H,1779582300000,1781559000000,GMT,EX,-1,FUL,-1,0,-1,-1,ON     ,1785452863000,-78.69940333678967,45.53910894024604,338275777,Point,2026-07-31T04:59:30.982399+00:00,https://ws.lioservices.lrc.gov.on.ca/arcgis1061a/rest/services/MNRF/Ontario_Fires_Map/MapServer/0/query,HAL_FIRE_021,ON,EX,Out (Extinguished),,Confirmed,Out (Extinguished),False,HUM,H,FUL,Full Response,0.1,45.539100000000005,-78.6994,2026-05-24 00:25:00+00:00,2026-06-15 21:30:00+00:00,2026-07-30 23:07:43+00:00,Unmapped,Requires review,True,True,True,True,True
338275793,-1,47.010400000000004,-79.80810000000001,NOR_FIRE_008,0.8,HUM,H,1779577140000,1779640200000,GMT,EX,-1,FUL,-1,0,-1,-1,ON     ,1785452863000,-79.80810385137053,47.010409124745905,338275793,Point,2026-07-31T04:59:30.982399+00:00,https://ws.lioservices.lrc.gov.on.ca/arcgis1061a/rest/services/MNRF/Ontario_Fires_Map/MapServer/0/query,NOR_FIRE_008,ON,EX,Out (Extinguished),,Confirmed,Out (Extinguished),False,HUM,H,FUL,Full Response,0.8,47.010400000000004,-79.80810000000001,2026-05-23 22:59:00+00:00,2026-05-24 16:30:00+00:00,2026-07-30 23:07:43+00:00,Unmapped,Requires review,True,True,True,True,True
338275809,-1,46.751200000000004,-84.35940000000001,CHA_FIRE_002,0.1,HUM,H,1779573900000,1779646080000,GMT,EX,-1,FUL,-1,0,-1,-1,ON     ,1785452863000,-84.35940529488165,46.75120883389267,338275809,Point,2026-07-31T04:59:30.982399+00:00,https://ws.lioservices.lrc.gov.on.ca/arcgis1061a/rest/services/MNRF/Ontario_Fires_Map/MapServer/0/query,CHA_FIRE_002,ON,EX,Out (Extinguished),,Confirmed,Out (Extinguished),False,HUM,H,FUL,Full Response,0.1,46.751200000000004,-84.35940000000001,2026-05-23 22:05:00+00:00,2026-05-24 18:08:00+00:00,2026-07-30 23:07:43+00:00,Unmapped,Requires review,True,True,True,True,True
338275825,-1,46.5105,-83.3996,CHA_FIRE_001,0.5,HUM,H,1779558240000,1779625800000,GMT,EX,-1,FUL,-1,0,-1,-1,ON     ,1785452863000,-83.39960495979138,46.510508852167575,338275825,Point,2026-07-31T04:59:30.982399+00:00,https://ws.lioservices.lrc.gov.on.ca/arcgis1061a/rest/services/MNRF/Ontario_Fires_Map/MapServer/0/query,CHA_FIRE_001,ON,EX,Out (Extinguished),,Confirmed,Out (Extinguished),False,HUM,H,FUL,Full Response,0.5,46.5105,-83.3996,2026-05-23 17:44:00+00:00,2026-05-24 12:30:00+00:00,2026-07-30 23:07:43+00:00,Unmapped,Requires review,True,True,True,True,True
338275841,-1,48.1436,-80.2309,TIM_FIRE_002,0.5,HUM,H,1779555840000,1779566400000,GMT,EX,-1,FUL,-1,0,-1,-1,ON     ,1785452863000,-80.23090412074635,48.143609278275115,338275841,Point,2026-07-31T04:59:30.982399+00:00,https://ws.lioservices.lrc.gov.on.ca/arcgis1061a/rest/services/MNRF/Ontario_Fires_Map/MapServer/0/query,TIM_FIRE_002,ON,EX,Out (Extinguished),,Confirmed,Out (Extinguished),False,HUM,H,FUL,Full Response,0.5,48.1436,-80.2309,2026-05-23 17:04:00+00:00,2026-05-23 20:00:00+00:00,2026-07-30 23:07:43+00:00,Unmapped,Requires review,True,True,True,True,True
338275857,-1,48.665400000000005,-89.8927,THU_FIRE_012,1.2,HUM,H,1779319200000,1779380100000,GMT,EX,-1,FUL,-1,0,-1,-1,ON     ,1785452863000,-89.8927073041254,48.665408749557336,338275857,Point,2026-07-31T04:59:30.982399+00:00,https://ws.lioservices.lrc.gov.on.ca/arcgis1061a/rest/services/MNRF/Ontario_Fires_Map/MapServer/0/query,THU_FIRE_012,ON,EX,Out (Extinguished),,Confirmed,Out (Extinguished),False,HUM,H,FUL,Full Response,1.2,48.665400000000005,-89.8927,2026-05-20 23:20:00+00:00,2026-05-21 16:15:00+00:00,2026-07-30 23:07:43+00:00,Unmapped,Requires review,True,True,True,True,True
338275873,-1,48.572500000000005,-89.72890000000001,THU_FIRE_011,0.3,HUM,H,1779063720000,1779065040000,GMT,EX,-1,FUL,-1,0,-1,-1,ON     ,1785452863000,-89.72890723844449,48.57250874868011,338275873,Point,2026-07-31T04:59:30.982399+00:00,https://ws.lioservices.lrc.gov.on.ca/arcgis1061a/rest/services/MNRF/Ontario_Fires_Map/MapServer/0/query,THU_FIRE_011,ON,EX,Out (Extinguished),,Confirmed,Out (Extinguished),False,HUM,H,FUL,Full Response,0.3,48.572500000000005,-89.72890000000001,2026-05-18 00:22:00+00:00,2026-05-18 00:44:00+00:00,2026-07-30 23:07:43+00:00,Unmapped,Requires review,True,True,True,True,True
338275889,-1,48.689800000000005,-85.6346,WAW_FIRE_001,0.1,HUM,H,1779060720000,1779111000000,GMT,EX,-1,FUL,-1,0,-1,-1,ON     ,1785452863000,-85.63460596425836,48.68980904152053,338275889,Point,2026-07-31T04:59:30.982399+00:00,https://ws.lioservices.lrc.gov.on.ca/arcgis1061a/rest/services/MNRF/Ontario_Fires_Map/MapServer/0/query,WAW_FIRE_001,ON,EX,Out (Extinguished),,Confirmed,Out (Extinguished),False,HUM,H,FUL,Full Response,0.1,48.689800000000005,-85.6346,2026-05-17 23:32:00+00:00,2026-05-18 13:30:00+00:00,2026-07-30 23:07:43+00:00,Unmapped,Requires review,True,True,True,True,True
338275905,-1,48.806400000000004,-89.2526,THU_FIRE_010,0.1,HUM,H,1779058800000,1779066000000,GMT,EX,-1,FUL,-1,0,-1,-1,ON     ,1785452863000,-89.25260712842717,48.806408814066415,338275905,Point,2026-07-31T04:59:30.982399+00:00,https://ws.lioservices.lrc.gov.on.ca/arcgis1061a/rest/services/MNRF/Ontario_Fires_Map/MapServer/0/query,THU_FIRE_010,ON,EX,Out (Extinguished),,Confirmed,Out (Extinguished),False,HUM,H,FUL,Full Response,0.1,48.806400000000004,-89.2526,2026-05-17 23:00:00+00:00,2026-05-18 01:00:00+00:00,2026-07-30 23:07:43+00:00,Unmapped,Requires review,True,True,True,True,True
338275921,-1,45.3316,-78.8289,HAL_FIRE_005,0.2,HUM,H,1779039600000,1779053400000,GMT,EX,-1,FUL,-1,0,-1,-1,ON     ,1785452863000,-78.82890335913221,45.33160889936256,338275921,Point,2026-07-31T04:59:30.982399+00:00,https://ws.lioservices.lrc.gov.on.ca/arcgis1061a/rest/services/MNRF/Ontario_Fires_Map/MapServer/0/query,HAL_FIRE_005,ON,EX,Out (Extinguished),,Confirmed,Out (Extinguished),False,HUM,H,FUL,Full Response,0.2,45.3316,-78.8289,2026-05-17 17:40:00+00:00,2026-05-17 21:30:00+00:00,2026-07-30 23:07:43+00:00,Unmapped,Requires review,True,True,True,True,True
338275937,-1,46.5872,-79.64030000000001,NOR_FIRE_007,0.1,HUM,H,1779035100000,1779052200000,GMT,EX,-1,FUL,-1,0,-1,-1,ON     ,1785452863000,-79.64030375062679,46.58720906583895,338275937,Point,2026-07-31T04:59:30.982399+00:00,https://ws.lioservices.lrc.gov.on.ca/arcgis1061a/rest/services/MNRF/Ontario_Fires_Map/MapServer/0/query,NOR_FIRE_007,ON,EX,Out (Extinguished),,Confirmed,Out (Extinguished),False,HUM,H,FUL,Full Response,0.1,46.5872,-79.64030000000001,2026-05-17 16:25:00+00:00,2026-05-17 21:10:00+00:00,2026-07-30 23:07:43+00:00,Unmapped,Requires review,True,True,True,True,True
338275953,-1,48.21,-80.771,TIM_FIRE_001,0.1,HUM,H,1778968200000,1779028680000,GMT,EX,-1,FUL,-1,0,-1,-1,ON     ,1785452863000,-80.77100430843724,48.21000925924398,338275953,Point,2026-07-31T04:59:30.982399+00:00,https://ws.lioservices.lrc.gov.on.ca/arcgis1061a/rest/services/MNRF/Ontario_Fires_Map/MapServer/0/query,TIM_FIRE_001,ON,EX,Out (Extinguished),,Confirmed,Out (Extinguished),False,HUM,H,FUL,Full Response,0.1,48.21,-80.771,2026-05-16 21:50:00+00:00,2026-05-17 14:38:00+00:00,2026-07-30 23:07:43+00:00,Unmapped,Requires review,True,True,True,True,True
338275969,-1,49.7275,-95.02040000000001,KEN_FIRE_008,0.1,HUM,H,1778898600000,1778947200000,GMT,EX,-1,FUL,-1,0,-1,-1,ON     ,1785452863000,-95.02040904478709,49.72750849075016,338275969,Point,2026-07-31T04:59:30.982399+00:00,https://ws.lioservices.lrc.gov.on.ca/arcgis1061a/rest/services/MNRF/Ontario_Fires_Map/MapServer/0/query,KEN_FIRE_008,ON,EX,Out (Extinguished),,Confirmed,Out (Extinguished),False,HUM,H,FUL,Full Response,0.1,49.7275,-95.02040000000001,2026-05-16 02:30:00+00:00,2026-05-16 16:00:00+00:00,2026-07-30 23:07:43+00:00,Unmapped,Requires review,True,True,True,True,True
338275985,-1,48.371500000000005,-92.18130000000001,FOR_FIRE_008,8.6,HUM,H,1778895120000,1779378300000,GMT,EX,-1,FUL,-1,0,-1,-1,ON     ,1785452863000,-92.18130795262545,48.371508542936965,338275985,Point,2026-07-31T04:59:30.982399+00:00,https://ws.lioservices.lrc.gov.on.ca/arcgis1061a/rest/services/MNRF/Ontario_Fires_Map/MapServer/0/query,FOR_FIRE_008,ON,EX,Out (Extinguished),,Confirmed,Out (Extinguished),False,HUM,H,FUL,Full Response,8.6,48.371500000000005,-92.18130000000001,2026-05-16 01:32:00+00:00,2026-05-21 15:45:00+00:00,2026-07-30 23:07:43+00:00,Unmapped,Requires review,True,True,True,True,True
338276001,-1,48.8549,-93.58800000000001,FOR_FIRE_007,9.5,HUM,H,1778890260000,1779227400000,GMT,EX,-1,FUL,-1,0,-1,-1,ON     ,1785452863000,-93.58800845691451,48.85490849794552,338276001,Point,2026-07-31T04:59:30.982399+00:00,https://ws.lioservices.lrc.gov.on.ca/arcgis1061a/rest/services/MNRF/Ontario_Fires_Map/MapServer/0/query,FOR_FIRE_007,ON,EX,Out (Extinguished),,Confirmed,Out (Extinguished),False,HUM,H,FUL,Full Response,9.5,48.8549,-93.58800000000001,2026-05-16 00:11:00+00:00,2026-05-19 21:50:00+00:00,2026-07-30 23:07:43+00:00,Unmapped,Requires review,True,True,True,True,True
338276017,-1,48.9185,-90.4919,THU_FIRE_009,0.2,HUM,H,1778888820000,1778952600000,GMT,EX,-1,FUL,-1,0,-1,-1,ON     ,1785452863000,-90.49190753084974,48.918508740082,338276017,Point,2026-07-31T04:59:30.982399+00:00,https://ws.lioservices.lrc.gov.on.ca/arcgis1061a/rest/services/MNRF/Ontario_Fires_Map/MapServer/0/query,THU_FIRE_009,ON,EX,Out (Extinguished),,Confirmed,Out (Extinguished),False,HUM,H,FUL,Full Response,0.2,48.9185,-90.4919,2026-05-15 23:47:00+00:00,2026-05-16 17:30:00+00:00,2026-07-30 23:07:43+00:00,Unmapped,Requires review,True,True,True,True,True
338276033,-1,49.453,-91.5905,DRY_FIRE_011,119.10000000000001,HUM,H,1778888040000,1779995520000,GMT,EX,-1,FUL,-1,0,-1,-1,ON     ,1785452863000,-91.59050796098266,49.45300872787107,338276033,Point,2026-07-31T04:59:30.982399+00:00,https://ws.lioservices.lrc.gov.on.ca/arcgis1061a/rest/services/MNRF/Ontario_Fires_Map/MapServer/0/query,DRY_FIRE_011,ON,EX,Out (Extinguished),,Confirmed,Out (Extinguished),False,HUM,H,FUL,Full Response,119.10000000000001,49.453,-91.5905,2026-05-15 23:34:00+00:00,2026-05-28 19:12:00+00:00,2026-07-30 23:07:43+00:00,Unmapped,Requires review,True,True,True,True,True
338276049,-1,48.935,-90.4963,THU_FIRE_008,0.1,HUM,H,1778886480000,1778887500000,GMT,EX,-1,FUL,-1,0,-1,-1,ON     ,1785452863000,-90.49630753497887,48.935008741944706,338276049,Point,2026-07-31T04:59:30.982399+00:00,https://ws.lioservices.lrc.gov.on.ca/arcgis1061a/rest/services/MNRF/Ontario_Fires_Map/MapServer/0/query,THU_FIRE_008,ON,EX,Out (Extinguished),,Confirmed,Out (Extinguished),False,HUM,H,FUL,Full Response,0.1,48.935,-90.4963,2026-05-15 23:08:00+00:00,2026-05-15 23:25:00+00:00,2026-07-30 23:07:43+00:00,Unmapped,Requires review,True,True,True,True,True
338276065,-1,48.650600000000004,-90.4985,THU_FIRE_007,0.2,HUM,H,1778883420000,1778884500000,GMT,EX,-1,FUL,-1,0,-1,-1,ON     ,1785452863000,-90.49850748825634,48.65060870395837,338276065,Point,2026-07-31T04:59:30.982399+00:00,https://ws.lioservices.lrc.gov.on.ca/arcgis1061a/rest/services/MNRF/Ontario_Fires_Map/MapServer/0/query,THU_FIRE_007,ON,EX,Out (Extinguished),,Confirmed,Out (Extinguished),False,HUM,H,FUL,Full Response,0.2,48.650600000000004,-90.4985,2026-05-15 22:17:00+00:00,2026-05-15 22:35:00+00:00,2026-07-30 23:07:43+00:00,Unmapped,Requires review,True,True,True,True,True
338276081,-1,49.4726,-82.6742,COC_FIRE_002,6.0,HUM,H,1778883000000,1778972400000,GMT,EX,-1,FUL,-1,0,-1,-1,ON     ,1785452863000,-82.67420510680651,49.47260933558457,338276081,Point,2026-07-31T04:59:30.982399+00:00,https://ws.lioservices.lrc.gov.on.ca/arcgis1061a/rest/services/MNRF/Ontario_Fires_Map/MapServer/0/query,COC_FIRE_002,ON,EX,Out (Extinguished),,Confirmed,Out (Extinguished),False,HUM,H,FUL,Full Response,6.0,49.4726,-82.6742,2026-05-15 22:10:00+00:00,2026-05-16 23:00:00+00:00,2026-07-30 23:07:43+00:00,Unmapped,Requires review,True,True,True,True,True
338276097,-1,49.836800000000004,-91.1941,DRY_FIRE_010,0.1,HUM,H,1778880960000,1778943600000,GMT,EX,-1,FUL,-1,0,-1,-1,ON     ,1785452863000,-91.19410790795659,49.836808806764424,338276097,Point,2026-07-31T04:59:30.982399+00:00,https://ws.lioservices.lrc.gov.on.ca/arcgis1061a/rest/services/MNRF/Ontario_Fires_Map/MapServer/0/query,DRY_FIRE_010,ON,EX,Out (Extinguished),,Confirmed,Out (Extinguished),False,HUM,H,FUL,Full Response,0.1,49.836800000000004,-91.1941,2026-05-15 21:36:00+00:00,2026-05-16 15:00:00+00:00,2026-07-30 23:07:43+00:00,Unmapped,Requires review,True,True,True,True,True
338276113,-1,49.3754,-90.474,THU_FIRE_006,0.1,LTG,L,1778880540000,1778963400000,GMT,EX,-1,FUL,-1,0,-1,-1,ON     ,1785452863000,-90.47400760321928,49.37540880138554,338276113,Point,2026-07-31T04:59:30.982399+00:00,https://ws.lioservices.lrc.gov.on.ca/arcgis1061a/rest/services/MNRF/Ontario_Fires_Map/MapServer/0/query,THU_FIRE_006,ON,EX,Out (Extinguished),,Confirmed,Out (Extinguished),False,LTG,L,FUL,Full Response,0.1,49.3754,-90.474,2026-05-15 21:29:00+00:00,2026-05-16 20:30:00+00:00,2026-07-30 23:07:43+00:00,Lightning,High-confidence provisional,True,True,True,True,True
338276129,-1,48.773,-92.61540000000001,FOR_FIRE_005,14.9,HUM,H,1778879940000,1779377400000,GMT,EX,-1,FUL,-1,0,-1,-1,ON     ,1785452863000,-92.61540815185725,48.77300856253801,338276129,Point,2026-07-31T04:59:30.982399+00:00,https://ws.lioservices.lrc.gov.on.ca/arcgis1061a/rest/services/MNRF/Ontario_Fires_Map/MapServer/0/query,FOR_FIRE_005,ON,EX,Out (Extinguished),,Confirmed,Out (Extinguished),False,HUM,H,FUL,Full Response,14.9,48.773,-92.61540000000001,2026-05-15 21:19:00+00:00,2026-05-21 15:30:00+00:00,2026-07-30 23:07:43+00:00,Unmapped,Requires review,True,True,True,True,True
338276145,-1,50.2869,-89.0557,THU_FIRE_005,0.2,HUM,H,1778878080000,1778880600000,GMT,EX,-1,FUL,-1,0,-1,-1,ON     ,1785452863000,-89.05570731733523,50.286909023108514,338276145,Point,2026-07-31T04:59:30.982399+00:00,https://ws.lioservices.lrc.gov.on.ca/arcgis1061a/rest/services/MNRF/Ontario_Fires_Map/MapServer/0/query,THU_FIRE_005,ON,EX,Out (Extinguished),,Confirmed,Out (Extinguished),False,HUM,H,FUL,Full Response,0.2,50.2869,-89.0557,2026-05-15 20:48:00+00:00,2026-05-15 21:30:00+00:00,2026-07-30 23:07:43+00:00,Unmapped,Requires review,True,True,True,True,True
338276161,-1,49.8296,-92.9281,DRY_FIRE_009,0.1,HUM,H,1778877000000,1778886480000,GMT,EX,-1,FUL,-1,0,-1,-1,ON     ,1785452863000,-92.92810843797564,49.82960867170111,338276161,Point,2026-07-31T04:59:30.982399+00:00,https://ws.lioservices.lrc.gov.on.ca/arcgis1061a/rest/services/MNRF/Ontario_Fires_Map/MapServer/0/query,DRY_FIRE_009,ON,EX,Out (Extinguished),,Confirmed,Out (Extinguished),False,HUM,H,FUL,Full Response,0.1,49.8296,-92.9281,2026-05-15 20:30:00+00:00,2026-05-15 23:08:00+00:00,2026-07-30 23:07:43+00:00,Unmapped,Requires review,True,True,True,True,True
338276177,-1,48.9812,-90.35990000000001,THU_FIRE_004,0.6,HUM,H,1778874840000,1778887800000,GMT,EX,-1,FUL,-1,0,-1,-1,ON     ,1785452863000,-90.35990750068568,48.98120875800616,338276177,Point,2026-07-31T04:59:30.982399+00:00,https://ws.lioservices.lrc.gov.on.ca/arcgis1061a/rest/services/MNRF/Ontario_Fires_Map/MapServer/0/query,THU_FIRE_004,ON,EX,Out (Extinguished),,Confirmed,Out (Extinguished),False,HUM,H,FUL,Full Response,0.6,48.9812,-90.35990000000001,2026-05-15 19:54:00+00:00,2026-05-15 23:30:00+00:00,2026-07-30 23:07:43+00:00,Unmapped,Requires review,True,True,True,True,True
338276193,-1,48.594500000000004,-89.8931,THU_FIRE_003,0.3,HUM,H,1778873640000,1778886900000,GMT,EX,-1,FUL,-1,0,-1,-1,ON     ,1785452863000,-89.89310729272427,48.59450873996512,338276193,Point,2026-07-31T04:59:30.982399+00:00,https://ws.lioservices.lrc.gov.on.ca/arcgis1061a/rest/services/MNRF/Ontario_Fires_Map/MapServer/0/query,THU_FIRE_003,ON,EX,Out (Extinguished),,Confirmed,Out (Extinguished),False,HUM,H,FUL,Full Response,0.3,48.594500000000004,-89.8931,2026-05-15 19:34:00+00:00,2026-05-15 23:15:00+00:00,2026-07-30 23:07:43+00:00,Unmapped,Requires review,True,True,True,True,True
338276209,-1,48.8096,-93.8669,FOR_FIRE_006,20.0,HUM,H,1778872560000,1778940000000,GMT,EX,-1,FUL,-1,0,-1,-1,ON     ,1785452863000,-93.86690853150441,48.8096084703824,338276209,Point,2026-07-31T04:59:30.982399+00:00,https://ws.lioservices.lrc.gov.on.ca/arcgis1061a/rest/services/MNRF/Ontario_Fires_Map/MapServer/0/query,FOR_FIRE_006,ON,EX,Out (Extinguished),,Confirmed,Out (Extinguished),False,HUM,H,FUL,Full Response,20.0,48.8096,-93.8669,2026-05-15 19:16:00+00:00,2026-05-16 14:00:00+00:00,2026-07-30 23:07:43+00:00,Unmapped,Requires review,True,True,True,True,True
338276225,-1,49.4127,-91.62610000000001,DRY_FIRE_008,0.1,HUM,H,1778869500000,1778880480000,GMT,EX,-1,FUL,-1,0,-1,-1,ON     ,1785452863000,-91.62610796470305,49.41270872001891,338276225,Point,2026-07-31T04:59:30.982399+00:00,https://ws.lioservices.lrc.gov.on.ca/arcgis1061a/rest/services/MNRF/Ontario_Fires_Map/MapServer/0/query,DRY_FIRE_008,ON,EX,Out (Extinguished),,Confirmed,Out (Extinguished),False,HUM,H,FUL,Full Response,0.1,49.4127,-91.62610000000001,2026-05-15 18:25:00+00:00,2026-05-15 21:28:00+00:00,2026-07-30 23:07:43+00:00,Unmapped,Requires review,True,True,True,True,True
338276241,-1,49.3543,-91.5269,DRY_FIRE_006,0.1,HUM,H,1778869140000,1778874600000,GMT,EX,-1,FUL,-1,0,-1,-1,ON     ,1785452863000,-91.52690792395,49.354308720044465,338276241,Point,2026-07-31T04:59:30.982399+00:00,https://ws.lioservices.lrc.gov.on.ca/arcgis1061a/rest/services/MNRF/Ontario_Fires_Map/MapServer/0/query,DRY_FIRE_006,ON,EX,Out (Extinguished),,Confirmed,Out (Extinguished),False,HUM,H,FUL,Full Response,0.1,49.3543,-91.5269,2026-05-15 18:19:00+00:00,2026-05-15 19:50:00+00:00,2026-07-30 23:07:43+00:00,Unmapped,Requires review,True,True,True,True,True
338276257,-1,49.723800000000004,-92.6136,DRY_FIRE_007,0.1,HUM,H,1778868660000,1778871540000,GMT,EX,-1,FUL,-1,0,-1,-1,ON     ,1785452863000,-92.61360832265117,49.7238086832706,338276257,Point,2026-07-31T04:59:30.982399+00:00,https://ws.lioservices.lrc.gov.on.ca/arcgis1061a/rest/services/MNRF/Ontario_Fires_Map/MapServer/0/query,DRY_FIRE_007,ON,EX,Out (Extinguished),,Confirmed,Out (Extinguished),False,HUM,H,FUL,Full Response,0.1,49.723800000000004,-92.6136,2026-05-15 18:11:00+00:00,2026-05-15 18:59:00+00:00,2026-07-30 23:07:43+00:00,Unmapped,Requires review,True,True,True,True,True
338276273,-1,48.7139,-92.0578,FOR_FIRE_004,12.6,HUM,H,1778866440000,1779295200000,GMT,EX,-1,FUL,-1,0,-1,-1,ON     ,1785452863000,-92.05780797370215,48.71390859712033,338276273,Point,2026-07-31T04:59:30.982399+00:00,https://ws.lioservices.lrc.gov.on.ca/arcgis1061a/rest/services/MNRF/Ontario_Fires_Map/MapServer/0/query,FOR_FIRE_004,ON,EX,Out (Extinguished),,Confirmed,Out (Extinguished),False,HUM,H,FUL,Full Response,12.6,48.7139,-92.0578,2026-05-15 17:34:00+00:00,2026-05-20 16:40:00+00:00,2026-07-30 23:07:43+00:00,Unmapped,Requires review,True,True,True,True,True
338276289,-1,49.6954,-95.06750000000001,KEN_FIRE_007,1.5,HUM,H,1778864280000,1779049800000,GMT,EX,-1,FUL,-1,0,-1,-1,ON     ,1785452863000,-95.0675090524147,49.695408483032075,338276289,Point,2026-07-31T04:59:30.982399+00:00,https://ws.lioservices.lrc.gov.on.ca/arcgis1061a/rest/services/MNRF/Ontario_Fires_Map/MapServer/0/query,KEN_FIRE_007,ON,EX,Out (Extinguished),,Confirmed,Out (Extinguished),False,HUM,H,FUL,Full Response,1.5,49.6954,-95.06750000000001,2026-05-15 16:58:00+00:00,2026-05-17 20:30:00+00:00,2026-07-30 23:07:43+00:00,Unmapped,Requires review,True,True,True,True,True
338276305,-1,49.7999,-94.68140000000001,KEN_FIRE_006,1.5,HUM,H,1778849100000,1778876100000,GMT,EX,-1,FUL,-1,0,-1,-1,ON     ,1785452863000,-94.68140895855096,49.79990852723209,338276305,Point,2026-07-31T04:59:30.982399+00:00,https://ws.lioservices.lrc.gov.on.ca/arcgis1061a/rest/services/MNRF/Ontario_Fires_Map/MapServer/0/query,KEN_FIRE_006,ON,EX,Out (Extinguished),,Confirmed,Out (Extinguished),False,HUM,H,FUL,Full Response,1.5,49.7999,-94.68140000000001,2026-05-15 12:45:00+00:00,2026-05-15 20:15:00+00:00,2026-07-30 23:07:43+00:00,Unmapped,Requires review,True,True,True,True,True
338276321,-1,49.4637,-91.90270000000001,DRY_FIRE_005,0.1,HUM,H,1778807400000,1778808060000,GMT,EX,-1,FUL,-1,0,-1,-1,ON     ,1785452863000,-91.90270805842792,49.46370870546714,338276321,Point,2026-07-31T04:59:30.982399+00:00,https://ws.lioservices.lrc.gov.on.ca/arcgis1061a/rest/services/MNRF/Ontario_Fires_Map/MapServer/0/query,DRY_FIRE_005,ON,EX,Out (Extinguished),,Confirmed,Out (Extinguished),False,HUM,H,FUL,Full Response,0.1,49.4637,-91.90270000000001,2026-05-15 01:10:00+00:00,2026-05-15 01:21:00+00:00,2026-07-30 23:07:43+00:00,Unmapped,Requires review,True,True,True,True,True
338276337,-1,49.4564,-91.798,DRY_FIRE_004,0.3,HUM,H,1778800560000,1778811180000,GMT,EX,-1,FUL,-1,0,-1,-1,ON     ,1785452863000,-91.79800802511674,49.45640871252803,338276337,Point,2026-07-31T04:59:30.982399+00:00,https://ws.lioservices.lrc.gov.on.ca/arcgis1061a/rest/services/MNRF/Ontario_Fires_Map/MapServer/0/query,DRY_FIRE_004,ON,EX,Out (Extinguished),,Confirmed,Out (Extinguished),False,HUM,H,FUL,Full Response,0.3,49.4564,-91.798,2026-05-14 23:16:00+00:00,2026-05-15 02:13:00+00:00,2026-07-30 23:07:43+00:00,Unmapped,Requires review,True,True,True,True,True
338276353,-1,49.7969,-94.61370000000001,KEN_FIRE_005,0.1,HUM,H,1778799900000,1778853600000,GMT,EX,-1,FUL,-1,0,-1,-1,ON     ,1785452863000,-94.61370893785785,49.79690853240452,338276353,Point,2026-07-31T04:59:30.982399+00:00,https://ws.lioservices.lrc.gov.on.ca/arcgis1061a/rest/services/MNRF/Ontario_Fires_Map/MapServer/0/query,KEN_FIRE_005,ON,EX,Out (Extinguished),,Confirmed,Out (Extinguished),False,HUM,H,FUL,Full Response,0.1,49.7969,-94.61370000000001,2026-05-14 23:05:00+00:00,2026-05-15 14:00:00+00:00,2026-07-30 23:07:43+00:00,Unmapped,Requires review,True,True,True,True,True
338276369,-1,48.7171,-91.48960000000001,FOR_FIRE_003,0.1,HUM,H,1778799060000,1778849100000,GMT,EX,-1,FUL,-1,0,-1,-1,ON     ,1785452863000,-91.48960780211004,48.717108640029345,338276369,Point,2026-07-31T04:59:30.982399+00:00,https://ws.lioservices.lrc.gov.on.ca/arcgis1061a/rest/services/MNRF/Ontario_Fires_Map/MapServer/0/query,FOR_FIRE_003,ON,EX,Out (Extinguished),,Confirmed,Out (Extinguished),False,HUM,H,FUL,Full Response,0.1,48.7171,-91.48960000000001,2026-05-14 22:51:00+00:00,2026-05-15 12:45:00+00:00,2026-07-30 23:07:43+00:00,Unmapped,Requires review,True,True,True,True,True
338276385,-1,49.7646,-94.8764,KEN_FIRE_004,2.5,HUM,H,1778797800000,1779046200000,GMT,EX,-1,FUL,-1,0,-1,-1,ON     ,1785452863000,-94.87640900946428,49.76460850702218,338276385,Point,2026-07-31T04:59:30.982399+00:00,https://ws.lioservices.lrc.gov.on.ca/arcgis1061a/rest/services/MNRF/Ontario_Fires_Map/MapServer/0/query,KEN_FIRE_004,ON,EX,Out (Extinguished),,Confirmed,Out (Extinguished),False,HUM,H,FUL,Full Response,2.5,49.7646,-94.8764,2026-05-14 22:30:00+00:00,2026-05-17 19:30:00+00:00,2026-07-30 23:07:43+00:00,Unmapped,Requires review,True,True,True,True,True
338276401,-1,49.9514,-93.5261,DRY_FIRE_003,0.1,HUM,H,1778793900000,1778799900000,GMT,EX,-1,FUL,-1,0,-1,-1,ON     ,1785452863000,-93.52610864210914,49.95140863908817,338276401,Point,2026-07-31T04:59:30.982399+00:00,https://ws.lioservices.lrc.gov.on.ca/arcgis1061a/rest/services/MNRF/Ontario_Fires_Map/MapServer/0/query,DRY_FIRE_003,ON,EX,Out (Extinguished),,Confirmed,Out (Extinguished),False,HUM,H,FUL,Full Response,0.1,49.9514,-93.5261,2026-05-14 21:25:00+00:00,2026-05-14 23:05:00+00:00,2026-07-30 23:07:43+00:00,Unmapped,Requires review,True,True,True,True,True
338276417,-1,50.4658,-84.4417,COC_FIRE_001,0.5,HUM,H,1778777280000,1778780760000,GMT,EX,-1,FUL,-1,0,-1,-1,ON     ,1785452863000,-84.44170584355975,50.465809363232815,338276417,Point,2026-07-31T04:59:30.982399+00:00,https://ws.lioservices.lrc.gov.on.ca/arcgis1061a/rest/services/MNRF/Ontario_Fires_Map/MapServer/0/query,COC_FIRE_001,ON,EX,Out (Extinguished),,Confirmed,Out (Extinguished),False,HUM,H,FUL,Full Response,0.5,50.4658,-84.4417,2026-05-14 16:48:00+00:00,2026-05-14 17:46:00+00:00,2026-07-30 23:07:43+00:00,Unmapped,Requires review,True,True,True,True,True
338276433,-1,50.170100000000005,-93.9835,KEN_FIRE_003,0.1,HUM,H,1778711400000,1779132600000,GMT,EX,-1,FUL,-1,0,-1,-1,ON     ,1785452863000,-93.98350882255872,50.17010862856057,338276433,Point,2026-07-31T04:59:30.982399+00:00,https://ws.lioservices.lrc.gov.on.ca/arcgis1061a/rest/services/MNRF/Ontario_Fires_Map/MapServer/0/query,KEN_FIRE_003,ON,EX,Out (Extinguished),,Confirmed,Out (Extinguished),False,HUM,H,FUL,Full Response,0.1,50.170100000000005,-93.9835,2026-05-13 22:30:00+00:00,2026-05-18 19:30:00+00:00,2026-07-30 23:07:43+00:00,Unmapped,Requires review,True,True,True,True,True
338276449,-1,49.730000000000004,-92.6089,DRY_FIRE_002,0.5,HUM,H,1778710020000,1778718660000,GMT,EX,-1,FUL,-1,0,-1,-1,ON     ,1785452863000,-92.6089083223747,49.73000868440986,338276449,Point,2026-07-31T04:59:30.982399+00:00,https://ws.lioservices.lrc.gov.on.ca/arcgis1061a/rest/services/MNRF/Ontario_Fires_Map/MapServer/0/query,DRY_FIRE_002,ON,EX,Out (Extinguished),,Confirmed,Out (Extinguished),False,HUM,H,FUL,Full Response,0.5,49.730000000000004,-92.6089,2026-05-13 22:07:00+00:00,2026-05-14 00:31:00+00:00,2026-07-30 23:07:43+00:00,Unmapped,Requires review,True,True,True,True,True
338276465,-1,51.2194,-90.2354,SLK_PB_001,19.2,HUM,H,1778700300000,1780149600000,GMT,EX,-1,FUL,-1,1,-1,-1,ON     ,1785452863000,-90.23540786633235,51.21940905141291,338276465,Point,2026-07-31T04:59:30.982399+00:00,https://ws.lioservices.lrc.gov.on.ca/arcgis1061a/rest/services/MNRF/Ontario_Fires_Map/MapServer/0/query,SLK_PB_001,ON,EX,Out (Extinguished),,Confirmed,Out (Extinguished),False,HUM,H,FUL,Full Response,19.2,51.2194,-90.2354,2026-05-13 19:25:00+00:00,2026-05-30 14:00:00+00:00,2026-07-30 23:07:43+00:00,Unmapped,Requires review,True,True,True,True,True
338276481,-1,49.7552,-86.5399,NIP_FIRE_002,0.1,HUM,H,1778510040000,1778525100000,GMT,EX,-1,FUL,-1,0,-1,-1,ON     ,1785452863000,-86.53990641956432,49.75520912939797,338276481,Point,2026-07-31T04:59:30.982399+00:00,https://ws.lioservices.lrc.gov.on.ca/arcgis1061a/rest/services/MNRF/Ontario_Fires_Map/MapServer/0/query,NIP_FIRE_002,ON,EX,Out (Extinguished),,Confirmed,Out (Extinguished),False,HUM,H,FUL,Full Response,0.1,49.7552,-86.5399,2026-05-11 14:34:00+00:00,2026-05-11 18:45:00+00:00,2026-07-30 23:07:43+00:00,Unmapped,Requires review,True,True,True,True,True
338276497,-1,48.761,-89.3955,THU_FIRE_002,0.1,HUM,H,1778284260000,1778342400000,GMT,EX,-1,FUL,-1,0,-1,-1,ON     ,1785452863000,-89.39550716555199,48.761008797826825,338276497,Point,2026-07-31T04:59:30.982399+00:00,https://ws.lioservices.lrc.gov.on.ca/arcgis1061a/rest/services/MNRF/Ontario_Fires_Map/MapServer/0/query,THU_FIRE_002,ON,EX,Out (Extinguished),,Confirmed,Out (Extinguished),False,HUM,H,FUL,Full Response,0.1,48.761,-89.3955,2026-05-08 23:51:00+00:00,2026-05-09 16:00:00+00:00,2026-07-30 23:07:43+00:00,Unmapped,Requires review,True,True,True,True,True
338276513,-1,45.037,-77.0365,HAL_FIRE_004,3.1,HUM,H,1778175660000,1778364000000,GMT,EX,-1,FUL,-1,0,-1,-1,ON     ,1785452863000,-77.03650274656017,45.0370089314159,338276513,Point,2026-07-31T04:59:30.982399+00:00,https://ws.lioservices.lrc.gov.on.ca/arcgis1061a/rest/services/MNRF/Ontario_Fires_Map/MapServer/0/query,HAL_FIRE_004,ON,EX,Out (Extinguished),,Confirmed,Out (Extinguished),False,HUM,H,FUL,Full Response,3.1,45.037,-77.0365,2026-05-07 17:41:00+00:00,2026-05-09 22:00:00+00:00,2026-07-30 23:07:43+00:00,Unmapped,Requires review,True,True,True,True,True
338276529,-1,48.351600000000005,-89.2642,THU_PB_001,4.5,HUM,H,1778172540000,1778515140000,GMT,EX,-1,FUL,-1,1,-1,-1,ON     ,1785452863000,-89.26420705947477,48.3516087512803,338276529,Point,2026-07-31T04:59:30.982399+00:00,https://ws.lioservices.lrc.gov.on.ca/arcgis1061a/rest/services/MNRF/Ontario_Fires_Map/MapServer/0/query,THU_PB_001,ON,EX,Out (Extinguished),,Confirmed,Out (Extinguished),False,HUM,H,FUL,Full Response,4.5,48.351600000000005,-89.2642,2026-05-07 16:49:00+00:00,2026-05-11 15:59:00+00:00,2026-07-30 23:07:43+00:00,Unmapped,Requires review,True,True,True,True,True
338276545,-1,46.148700000000005,-78.9298,NOR_FIRE_006,1.1,HUM,H,1778018880000,1778083200000,GMT,EX,-1,FUL,-1,0,-1,-1,ON     ,1785452863000,-78.92980347214508,46.148709029927225,338276545,Point,2026-07-31T04:59:30.982399+00:00,https://ws.lioservices.lrc.gov.on.ca/arcgis1061a/rest/services/MNRF/Ontario_Fires_Map/MapServer/0/query,NOR_FIRE_006,ON,EX,Out (Extinguished),,Confirmed,Out (Extinguished),False,HUM,H,FUL,Full Response,1.1,46.148700000000005,-78.9298,2026-05-05 22:08:00+00:00,2026-05-06 16:00:00+00:00,2026-07-30 23:07:43+00:00,Unmapped,Requires review,True,True,True,True,True
338276561,-1,46.2534,-78.2051,HAL_FIRE_003,5.0,HUM,H,1778017200000,1778178600000,GMT,EX,-1,FUL,-1,0,-1,-1,ON     ,1785452863000,-78.20510324407573,46.25340908185414,338276561,Point,2026-07-31T04:59:30.982399+00:00,https://ws.lioservices.lrc.gov.on.ca/arcgis1061a/rest/services/MNRF/Ontario_Fires_Map/MapServer/0/query,HAL_FIRE_003,ON,EX,Out (Extinguished),,Confirmed,Out (Extinguished),False,HUM,H,FUL,Full Response,5.0,46.2534,-78.2051,2026-05-05 21:40:00+00:00,2026-05-07 18:30:00+00:00,2026-07-30 23:07:43+00:00,Unmapped,Requires review,True,True,True,True,True
338276577,-1,46.3562,-78.7525,NOR_FIRE_005,0.2,HUM,H,1778015700000,1778024100000,GMT,EX,-1,FUL,-1,0,-1,-1,ON     ,1785452863000,-78.7525034347921,46.356209072387365,338276577,Point,2026-07-31T04:59:30.982399+00:00,https://ws.lioservices.lrc.gov.on.ca/arcgis1061a/rest/services/MNRF/Ontario_Fires_Map/MapServer/0/query,NOR_FIRE_005,ON,EX,Out (Extinguished),,Confirmed,Out (Extinguished),False,HUM,H,FUL,Full Response,0.2,46.3562,-78.7525,2026-05-05 21:15:00+00:00,2026-05-05 23:35:00+00:00,2026-07-30 23:07:43+00:00,Unmapped,Requires review,True,True,True,True,True
338276593,-1,47.1438,-79.7607,NOR_FIRE_004,0.2,HUM,H,1777845600000,1777850100000,GMT,EX,-1,MOD,-1,0,-1,-1,ON     ,1785452863000,-79.7607038503688,47.14380914822574,338276593,Point,2026-07-31T04:59:30.982399+00:00,https://ws.lioservices.lrc.gov.on.ca/arcgis1061a/rest/services/MNRF/Ontario_Fires_Map/MapServer/0/query,NOR_FIRE_004,ON,EX,Out (Extinguished),,Confirmed,Out (Extinguished),False,HUM,H,MOD,Modified Response,0.2,47.1438,-79.7607,2026-05-03 22:00:00+00:00,2026-05-03 23:15:00+00:00,2026-07-30 23:07:43+00:00,Unmapped,Requires review,True,True,True,True,True
338276609,-1,49.719,-94.5904,KEN_FIRE_002,0.2,HUM,H,1777832100000,1777919400000,GMT,EX,-1,FUL,-1,0,-1,-1,ON     ,1785452863000,-94.59040891579667,49.71900852491944,338276609,Point,2026-07-31T04:59:30.982399+00:00,https://ws.lioservices.lrc.gov.on.ca/arcgis1061a/rest/services/MNRF/Ontario_Fires_Map/MapServer/0/query,KEN_FIRE_002,ON,EX,Out (Extinguished),,Confirmed,Out (Extinguished),False,HUM,H,FUL,Full Response,0.2,49.719,-94.5904,2026-05-03 18:15:00+00:00,2026-05-04 18:30:00+00:00,2026-07-30 23:07:43+00:00,Unmapped,Requires review,True,True,True,True,True
338276625,-1,45.4605,-77.0575,HAL_FIRE_002,4.2,HUM,H,1777824420000,1778089200000,GMT,EX,-1,FUL,-1,0,-1,-1,ON     ,1785452863000,-77.05750279106817,45.46050900258458,338276625,Point,2026-07-31T04:59:30.982399+00:00,https://ws.lioservices.lrc.gov.on.ca/arcgis1061a/rest/services/MNRF/Ontario_Fires_Map/MapServer/0/query,HAL_FIRE_002,ON,EX,Out (Extinguished),,Confirmed,Out (Extinguished),False,HUM,H,FUL,Full Response,4.2,45.4605,-77.0575,2026-05-03 16:07:00+00:00,2026-05-06 17:40:00+00:00,2026-07-30 23:07:43+00:00,Unmapped,Requires review,True,True,True,True,True
338276641,-1,50.1296,-94.93520000000001,KEN_FIRE_001,0.1,HUM,H,1777746480000,1777747800000,GMT,EX,-1,FUL,-1,0,-1,-1,ON     ,1785452863000,-94.9352090991924,50.129608545597875,338276641,Point,2026-07-31T04:59:30.982399+00:00,https://ws.lioservices.lrc.gov.on.ca/arcgis1061a/rest/services/MNRF/Ontario_Fires_Map/MapServer/0/query,KEN_FIRE_001,ON,EX,Out (Extinguished),,Confirmed,Out (Extinguished),False,HUM,H,FUL,Full Response,0.1,50.1296,-94.93520000000001,2026-05-02 18:28:00+00:00,2026-05-02 18:50:00+00:00,2026-07-30 23:07:43+00:00,Unmapped,Requires review,True,True,True,True,True
338276657,-1,46.637800000000006,-80.7014,SUD_PB_001,1.2,HUM,H,1777741920000,1777925760000,GMT,EX,-1,FUL,-1,1,-1,-1,ON     ,1785452863000,-80.70140410335034,46.6378090194599,338276657,Point,2026-07-31T04:59:30.982399+00:00,https://ws.lioservices.lrc.gov.on.ca/arcgis1061a/rest/services/MNRF/Ontario_Fires_Map/MapServer/0/query,SUD_PB_001,ON,EX,Out (Extinguished),,Confirmed,Out (Extinguished),False,HUM,H,FUL,Full Response,1.2,46.637800000000006,-80.7014,2026-05-02 17:12:00+00:00,2026-05-04 20:16:00+00:00,2026-07-30 23:07:43+00:00,Unmapped,Requires review,True,True,True,True,True
338276673,-1,49.782700000000006,-86.554,NIP_FIRE_001,0.5,HUM,H,1777667220000,1777747380000,GMT,EX,-1,FUL,-1,0,-1,-1,ON     ,1785452863000,-86.55400642854443,49.78270913215545,338276673,Point,2026-07-31T04:59:30.982399+00:00,https://ws.lioservices.lrc.gov.on.ca/arcgis1061a/rest/services/MNRF/Ontario_Fires_Map/MapServer/0/query,NIP_FIRE_001,ON,EX,Out (Extinguished),,Confirmed,Out (Extinguished),False,HUM,H,FUL,Full Response,0.5,49.782700000000006,-86.554,2026-05-01 20:27:00+00:00,2026-05-02 18:43:00+00:00,2026-07-30 23:07:43+00:00,Unmapped,Requires review,True,True,True,True,True
338276689,-1,45.406400000000005,-76.6674,HAL_FIRE_001,6.2,HUM,H,1777391640000,1777588200000,GMT,EX,-1,FUL,-1,0,-1,-1,ON     ,1785452863000,-76.66740265767389,45.4064090106494,338276689,Point,2026-07-31T04:59:30.982399+00:00,https://ws.lioservices.lrc.gov.on.ca/arcgis1061a/rest/services/MNRF/Ontario_Fires_Map/MapServer/0/query,HAL_FIRE_001,ON,EX,Out (Extinguished),,Confirmed,Out (Extinguished),False,HUM,H,FUL,Full Response,6.2,45.406400000000005,-76.6674,2026-04-28 15:54:00+00:00,2026-04-30 22:30:00+00:00,2026-07-30 23:07:43+00:00,Unmapped,Requires review,True,True,True,True,True
338276705,-1,46.4456,-80.2902,NOR_FIRE_003,1.0,HUM,H,1777328280000,1777338360000,GMT,EX,-1,FUL,-1,0,-1,-1,ON     ,1785452863000,-80.29020394826509,46.4456090100732,338276705,Point,2026-07-31T04:59:30.982399+00:00,https://ws.lioservices.lrc.gov.on.ca/arcgis1061a/rest/services/MNRF/Ontario_Fires_Map/MapServer/0/query,NOR_FIRE_003,ON,EX,Out (Extinguished),,Confirmed,Out (Extinguished),False,HUM,H,FUL,Full Response,1.0,46.4456,-80.2902,2026-04-27 22:18:00+00:00,2026-04-28 01:06:00+00:00,2026-07-30 23:07:43+00:00,Unmapped,Requires review,True,True,True,True,True
338276721,-1,46.368500000000004,-79.2685,NOR_FIRE_002,0.4,HUM,H,1777326120000,1777386600000,GMT,EX,-1,FUL,-1,0,-1,-1,ON     ,1785452863000,-79.26850360570324,46.368509049116646,338276721,Point,2026-07-31T04:59:30.982399+00:00,https://ws.lioservices.lrc.gov.on.ca/arcgis1061a/rest/services/MNRF/Ontario_Fires_Map/MapServer/0/query,NOR_FIRE_002,ON,EX,Out (Extinguished),,Confirmed,Out (Extinguished),False,HUM,H,FUL,Full Response,0.4,46.368500000000004,-79.2685,2026-04-27 21:42:00+00:00,2026-04-28 14:30:00+00:00,2026-07-30 23:07:43+00:00,Unmapped,Requires review,True,True,True,True,True
338276737,-1,46.1233,-82.1095,SUD_FIRE_001,0.3,HUM,H,1777232820000,1777312800000,GMT,EX,-1,FUL,-1,0,-1,-1,ON     ,1785452863000,-82.10950450194117,46.12330886258293,338276737,Point,2026-07-31T04:59:30.982399+00:00,https://ws.lioservices.lrc.gov.on.ca/arcgis1061a/rest/services/MNRF/Ontario_Fires_Map/MapServer/0/query,SUD_FIRE_001,ON,EX,Out (Extinguished),,Confirmed,Out (Extinguished),False,HUM,H,FUL,Full Response,0.3,46.1233,-82.1095,2026-04-26 19:47:00+00:00,2026-04-27 18:00:00+00:00,2026-07-30 23:07:43+00:00,Unmapped,Requires review,True,True,True,True,True
338276753,-1,49.815200000000004,-92.87,DRY_FIRE_001,0.2,HUM,H,1777229040000,1777233660000,GMT,EX,-1,FUL,-1,0,-1,-1,ON     ,1785452863000,-92.87000841763376,49.81520867450095,338276753,Point,2026-07-31T04:59:30.982399+00:00,https://ws.lioservices.lrc.gov.on.ca/arcgis1061a/rest/services/MNRF/Ontario_Fires_Map/MapServer/0/query,DRY_FIRE_001,ON,EX,Out (Extinguished),,Confirmed,Out (Extinguished),False,HUM,H,FUL,Full Response,0.2,49.815200000000004,-92.87,2026-04-26 18:44:00+00:00,2026-04-26 20:01:00+00:00,2026-07-30 23:07:43+00:00,Unmapped,Requires review,True,True,True,True,True
338276769,-1,46.333400000000005,-79.5052,NOR_FIRE_001,0.6,HUM,H,1777142160000,1777154400000,GMT,EX,-1,-1,-1,0,-1,-1,ON     ,1785452863000,-79.5052036797005,46.33340903168442,338276769,Point,2026-07-31T04:59:30.982399+00:00,https://ws.lioservices.lrc.gov.on.ca/arcgis1061a/rest/services/MNRF/Ontario_Fires_Map/MapServer/0/query,NOR_FIRE_001,ON,EX,Out (Extinguished),,Confirmed,Out (Extinguished),False,HUM,H,-1,Unmapped,0.6,46.333400000000005,-79.5052,2026-04-25 18:36:00+00:00,2026-04-25 22:00:00+00:00,2026-07-30 23:07:43+00:00,Unmapped,Requires review,True,True,True,True,True
338276785,-1,50.1635,-94.91040000000001,KEN_PB_001,114.2,HUM,H,1777138260000,1779480000000,GMT,EX,-1,FUL,-1,1,-1,-1,ON     ,1785452863000,-94.91040909862215,50.16350855165344,338276785,Point,2026-07-31T04:59:30.982399+00:00,https://ws.lioservices.lrc.gov.on.ca/arcgis1061a/rest/services/MNRF/Ontario_Fires_Map/MapServer/0/query,KEN_PB_001,ON,EX,Out (Extinguished),,Confirmed,Out (Extinguished),False,HUM,H,FUL,Full Response,114.2,50.1635,-94.91040000000001,2026-04-25 17:31:00+00:00,2026-05-22 20:00:00+00:00,2026-07-30 23:07:43+00:00,Unmapped,Requires review,True,True,True,True,True
338276801,-1,48.685700000000004,-93.2496,FOR_FIRE_002,0.1,HUM,H,1776884700000,1776897000000,GMT,EX,-1,FUL,-1,0,-1,-1,ON     ,1785452863000,-93.24960832618989,48.68570850263233,338276801,Point,2026-07-31T04:59:30.982399+00:00,https://ws.lioservices.lrc.gov.on.ca/arcgis1061a/rest/services/MNRF/Ontario_Fires_Map/MapServer/0/query,FOR_FIRE_002,ON,EX,Out (Extinguished),,Confirmed,Out (Extinguished),False,HUM,H,FUL,Full Response,0.1,48.685700000000004,-93.2496,2026-04-22 19:05:00+00:00,2026-04-22 22:30:00+00:00,2026-07-30 23:07:43+00:00,Unmapped,Requires review,True,True,True,True,True
338276817,-1,48.8192,-94.5631,FOR_FIRE_001,31.0,HUM,H,1776360060000,1776448800000,GMT,EX,-1,FUL,-1,0,-1,-1,ON     ,1785452863000,-94.56310873847478,48.81920841657539,338276817,Point,2026-07-31T04:59:30.982399+00:00,https://ws.lioservices.lrc.gov.on.ca/arcgis1061a/rest/services/MNRF/Ontario_Fires_Map/MapServer/0/query,FOR_FIRE_001,ON,EX,Out (Extinguished),,Confirmed,Out (Extinguished),False,HUM,H,FUL,Full Response,31.0,48.8192,-94.5631,2026-04-16 17:21:00+00:00,2026-04-17 18:00:00+00:00,2026-07-30 23:07:43+00:00,Unmapped,Requires review,True,True,True,True,True
338276833,-1,48.1897,-90.13040000000001,THU_FIRE_001,0.1,HUM,H,1775831400000,1775833800000,GMT,EX,-1,FUL,-1,0,-1,-1,ON     ,1785452863000,-90.13040730072052,48.18970866808237,338276833,Point,2026-07-31T04:59:30.982399+00:00,https://ws.lioservices.lrc.gov.on.ca/arcgis1061a/rest/services/MNRF/Ontario_Fires_Map/MapServer/0/query,THU_FIRE_001,ON,EX,Out (Extinguished),,Confirmed,Out (Extinguished),False,HUM,H,FUL,Full Response,0.1,48.1897,-90.13040000000001,2026-04-10 14:30:00+00:00,2026-04-10 15:10:00+00:00,2026-07-30 23:07:43+00:00,Unmapped,Requires review,True,True,True,True,True
